time,power (W),voltage (V),amperage (A),generation (w),temperature (ºC),Total Consumption
0:05:00,973,232,5.82,0,7.9,973
0:10:00,973,232,5.81,0,7.9,973
0:15:00,969,232,5.81,0,7.8,969
0:20:00,972,232,5.82,0,7.9,972
0:25:00,974,232,5.82,0,7.8,974
0:30:00,966,232,5.82,0,7.7,966
0:35:00,964,232,5.82,0,7.6,964
0:40:00,965,232,5.81,0,7.5,965
0:45:00,971,232,5.82,0,7.5,971
0:50:00,973,233,5.82,0,7.5,973
0:55:00,977,232,5.82,0,7.4,977
1:00:00,973,232,5.82,0,7.4,973
1:05:00,976,233,5.82,0,7.4,976
1:10:00,977,233,5.82,0,7.4,977
1:15:00,969,232,5.82,0,7.5,969
1:20:00,973,233,5.82,0,7.5,973
1:25:00,973,233,5.82,0,7.4,973
1:30:00,970,233,5.82,0,7.2,970
1:35:00,976,233,5.82,0,7.2,976
1:40:00,972,233,5.82,0,7.2,972
1:45:00,970,233,5.82,0,7.1,970
1:50:00,979,233,5.82,0,7,979
1:55:00,976,233,5.82,0,7,976
2:00:00,973,233,5.82,0,7,973
2:05:00,975,234,5.82,0,6.9,975
2:10:00,975,234,5.82,0,6.8,975
2:15:00,982,234,5.82,0,6.8,982
2:20:00,976,234,5.82,0,6.8,976
2:25:00,980,234,5.82,0,6.7,980
2:30:00,975,234,5.82,0,6.8,975
2:35:00,982,234,5.83,0,6.8,982
2:40:00,978,234,5.82,0,6.8,978
2:45:00,978,234,5.82,0,6.8,978
2:50:00,981,235,5.82,0,6.7,981
2:55:00,983,235,5.82,0,6.7,983
3:00:00,979,235,5.82,0,6.7,979
3:05:00,982,233,5.82,0,6.7,982
3:10:00,980,233,5.82,0,6.7,980
3:15:00,985,233,5.82,0,6.8,985
3:20:00,976,233,5.82,0,6.7,976
3:25:00,979,234,5.83,0,6.7,979
3:30:00,976,234,5.82,0,6.6,976
3:35:00,975,233,5.82,0,6.6,975
3:40:00,982,234,5.83,0,6.5,982
3:45:00,981,233,5.82,0,6.5,981
3:50:00,982,234,5.82,0,6.6,982
3:55:00,975,233,5.83,0,6.5,975
4:00:00,975,234,5.83,0,6.5,975
4:05:00,979,234,5.82,0,6.5,979
4:10:00,981,233,5.82,0,6.4,981
4:15:00,983,233,5.82,0,6.3,983
4:20:00,974,233,5.82,0,6.3,974
4:25:00,985,233,5.82,0,6.2,985
4:30:00,977,234,5.82,0,6.1,977
4:35:00,973,233,5.83,0,6.1,973
4:40:00,978,233,5.82,0,6.1,978
4:45:00,975,234,5.83,0,6.1,975
4:50:00,979,234,5.82,0,6,979
4:55:00,981,234,5.82,0,6,981
5:00:00,976,234,5.82,0,6.1,976
5:05:00,976,234,5.82,0,6.1,976
5:10:00,981,233,5.83,0,6,981
5:15:00,999,233,5.92,0,6,999
5:20:00,1077,233,5.99,0,5.8,1077
5:25:00,1051,234,5.82,0,5.8,1051
5:30:00,1047,234,5.83,0,5.9,1047
5:35:00,1055,234,5.83,0,5.8,1055
5:40:00,1042,234,5.82,0,5.8,1042
5:45:00,1044,234,5.82,0,5.8,1044
5:50:00,1045,234,5.82,0,5.8,1045
5:55:00,1047,234,5.82,0,5.7,1047
6:00:00,1043,234,5.82,0,5.7,1043
6:05:00,1052,234,5.82,0,5.6,1052
6:10:00,1044,233,5.82,0,5.6,1044
6:15:00,1037,233,5.82,0,5.6,1037
6:20:00,1038,233,5.82,0,5.6,1038
6:25:00,1041,232,5.82,0,5.6,1041
6:30:00,1041,233,5.82,0,5.6,1041
6:35:00,1039,233,5.82,0,5.5,1039
6:40:00,1038,233,5.83,0,5.5,1038
6:45:00,1042,233,5.83,0,5.5,1042
6:50:00,1043,233,5.83,0,5.5,1043
6:55:00,1044,233,5.83,0,5.5,1044
7:00:00,1038,233,5.83,0,5.5,1038
7:05:00,1035,233,5.84,0,5.5,1035
7:10:00,1034,233,5.83,0,5.5,1034
7:15:00,1039,233,5.83,0,5.5,1039
7:20:00,1038,233,5.83,0,5.3,1038
7:25:00,1037,234,5.83,0,5.4,1037
7:30:00,1046,234,5.83,0,5.5,1046
7:35:00,1041,234,5.83,0,5.4,1041
7:40:00,1045,233,5.83,0,5.3,1045
7:45:00,1043,233,5.84,0,5.2,1043
7:50:00,1047,234,5.84,0,5.1,1047
7:55:00,1044,234,5.84,0,5.1,1044
8:00:00,1043,233,5.83,0,5,1043
8:05:00,1045,233,5.83,0,5,1045
8:10:00,1053,233,5.83,4,5,1049
8:15:00,1050,233,5.83,53,5.1,997
8:20:00,1045,233,5.93,61,5.1,984
8:25:00,1050,233,5.93,82,5.1,968
8:30:00,1048,233,5.83,122,5.1,926
8:35:00,1050,233,5.93,155,5.1,895
8:40:00,1044,232,5.83,182,5.1,862
8:45:00,1047,233,5.83,251,5.2,796
8:50:00,1048,233,5.83,308,5.4,740
8:55:00,1051,233,5.83,321,5.4,730
9:00:00,1041,233,5.84,311,5.5,730
9:05:00,1046,233,5.83,301,5.6,745
9:10:00,1054,234,5.83,264,5.7,790
9:15:00,1051,234,5.83,209,5.7,842
9:20:00,1048,233,5.83,225,5.8,823
9:25:00,1051,233,5.83,265,5.9,786
9:30:00,1049,233,5.84,252,6,797
9:35:00,1054,233,5.83,259,6,795
9:40:00,1047,233,5.83,277,6.1,770
9:45:00,1054,233,5.84,283,6.3,771
9:50:00,1054,233,5.83,292,6.4,762
9:55:00,1061,233,5.84,302,6.7,759
10:00:00,1053,233,5.83,309,6.9,744
10:05:00,1055,232,5.83,317,7.3,738
10:10:00,1048,232,5.84,326,7.9,722
10:15:00,1046,232,5.83,349,8.3,697
10:20:00,980,232,5.93,402,8.8,578
10:25:00,987,232,5.83,460,9,527
10:30:00,980,232,5.83,509,8.9,471
10:35:00,979,232,5.83,537,9.3,442
10:40:00,985,232,5.93,538,9.3,447
10:45:00,992,232,5.94,640,9.3,352
10:50:00,994,231,5.95,700,9.7,294
10:55:00,992,231,5.86,729,9.9,263
11:00:00,989,232,5.85,756,10,233
11:05:00,990,231,5.85,772,10.3,218
11:10:00,987,231,5.85,898,10.6,89
11:15:00,980,232,5.83,917,10.7,63
11:20:00,978,231,5.83,1032,10.7,-54
11:25:00,974,231,5.82,1110,10.4,-136
11:30:00,977,231,5.83,1169,10.5,-192
11:35:00,974,231,5.82,1255,10.7,-281
11:40:00,975,230,5.82,1288,10.8,-313
11:45:00,974,231,5.83,1606,10.9,-632
11:50:00,979,232,5.83,1620,10.8,-641
11:55:00,976,232,5.83,1682,10.7,-706
12:00:00,977,232,5.83,1546,10.8,-569
12:05:00,979,232,5.83,1248,11,-269
12:10:00,980,232,5.83,1520,11.1,-540
12:15:00,976,232,5.83,1361,11,-385
12:20:00,976,232,5.83,1469,10.7,-493
12:25:00,971,232,5.83,1581,10.4,-610
12:30:00,977,232,5.83,1383,10.5,-406
12:35:00,977,232,5.83,1231,10.5,-254
12:40:00,983,232,5.92,1071,10.6,-88
12:45:00,985,232,5.94,1438,10.7,-453
12:50:00,982,232,5.84,1421,11.1,-439
12:55:00,982,232,5.84,1435,11.3,-453
13:00:00,981,233,5.84,1651,11.2,-670
13:05:00,980,232,5.84,1502,11.5,-522
13:10:00,986,233,5.84,1172,11.7,-186
13:15:00,981,233,5.84,748,11.6,233
13:20:00,985,233,5.83,1007,11.6,-22
13:25:00,983,233,5.83,1244,11.7,-261
13:30:00,974,233,5.83,1344,11.8,-370
13:35:00,981,233,5.83,1084,12.1,-103
13:40:00,974,233,5.83,1368,12.1,-394
13:45:00,979,233,5.83,1196,12.3,-217
13:50:00,980,233,5.83,1036,12.4,-56
13:55:00,985,233,5.83,1121,12.6,-136
14:00:00,976,233,5.83,1092,12.7,-116
14:05:00,979,234,5.83,1084,12.8,-105
14:10:00,985,234,5.84,970,12.9,15
14:15:00,984,234,5.84,989,13,-5
14:20:00,979,234,5.83,944,13.1,35
14:25:00,983,234,5.83,802,13.2,181
14:30:00,984,234,5.84,700,13.2,284
14:35:00,981,234,5.84,637,13.4,344
14:40:00,973,234,5.84,644,13.3,329
14:45:00,981,234,5.84,679,13.5,302
14:50:00,982,235,5.84,776,13.5,206
14:55:00,981,234,5.84,763,13.6,218
15:00:00,982,234,5.84,729,13.6,253
15:05:00,985,234,5.84,758,13.6,227
15:10:00,979,234,5.84,558,13.8,421
15:15:00,984,234,5.83,507,13.9,477
15:20:00,984,234,5.84,559,13.9,425
15:25:00,980,234,5.84,517,14,463
15:30:00,977,234,5.84,438,13.9,539
15:35:00,977,234,5.84,388,13.9,589
15:40:00,983,234,5.84,353,14,630
15:45:00,976,234,5.83,284,14,692
15:50:00,981,234,5.83,326,14,655
15:55:00,994,234,5.83,415,13.9,579
16:00:00,989,234,5.83,435,13.9,554
16:05:00,976,234,5.84,444,13.9,532
16:10:00,979,234,5.83,358,13.8,621
16:15:00,979,233,5.84,301,13.8,678
16:20:00,978,233,5.84,245,13.7,733
16:25:00,985,233,5.84,191,13.6,794
16:30:00,983,233,5.83,165,13.5,818
16:35:00,982,233,5.84,156,13.4,826
16:40:00,983,233,5.83,156,13.2,827
16:45:00,976,232,5.83,145,13.2,831
16:50:00,975,232,5.83,124,13.1,851
16:55:00,977,232,5.83,90,12.9,887
17:00:00,973,232,5.82,68,12.7,905
17:05:00,979,233,5.83,54,12.6,925
17:10:00,977,232,5.82,45,12.4,932
17:15:00,978,233,5.82,32,12.3,946
17:20:00,981,233,5.82,0,12.1,981
17:25:00,969,232,5.82,0,11.9,969
17:30:00,971,232,5.82,0,11.8,971
17:35:00,972,231,5.81,0,11.8,972
17:40:00,968,230,5.82,0,11.6,968
17:45:00,973,231,5.81,0,11.5,973
17:50:00,978,233,5.82,0,11.3,978
17:55:00,975,234,5.82,0,11.2,975
18:00:00,975,233,5.82,0,11.1,975
18:05:00,975,232,5.82,0,11,975
18:10:00,975,232,5.82,0,10.9,975
18:15:00,974,232,5.81,0,10.8,974
18:20:00,977,232,5.82,0,10.7,977
18:25:00,976,232,5.82,0,10.6,976
18:30:00,980,232,5.82,0,10.5,980
18:35:00,981,232,5.82,0,10.4,981
18:40:00,975,232,5.82,0,10.3,975
18:45:00,980,232,5.82,0,10.2,980
18:50:00,981,232,5.82,0,10.2,981
18:55:00,988,231,5.82,0,10.1,988
19:00:00,983,232,5.82,0,10.1,983
19:05:00,988,232,5.82,0,10,988
19:10:00,980,232,5.82,0,10.1,980
19:15:00,982,232,5.82,0,10,982
19:20:00,991,231,5.82,0,10,991
19:25:00,976,231,5.82,0,9.9,976
19:30:00,976,232,5.82,0,9.8,976
19:35:00,975,231,5.82,0,9.7,975
19:40:00,980,231,5.82,0,9.7,980
19:45:00,976,231,5.82,0,9.6,976
19:50:00,979,231,5.92,0,9.6,979
19:55:00,970,231,5.82,0,9.5,970
20:00:00,974,231,5.82,0,9.4,974
20:05:00,981,231,5.81,0,9.4,981
20:10:00,977,231,5.82,0,9.4,977
20:15:00,974,231,5.82,0,9.4,974
20:20:00,973,231,5.82,0,9.5,973
20:25:00,973,231,5.91,0,9.4,973
20:30:00,989,231,5.83,0,9.4,989
20:35:00,983,231,5.92,0,9.4,983
20:40:00,987,231,5.82,0,9.4,987
20:45:00,980,231,5.82,0,9.4,980
20:50:00,982,231,5.82,0,9.3,982
20:55:00,974,231,5.82,0,9.4,974
21:00:00,984,231,5.82,0,9.4,984
21:05:00,980,231,5.92,0,9.4,980
21:10:00,977,231,5.82,0,9.2,977
21:15:00,982,231,5.82,0,9.2,982
21:20:00,991,231,5.81,0,9.2,991
21:25:00,976,231,5.81,0,9.1,976
21:30:00,979,232,5.82,0,9,979
21:35:00,977,232,5.82,0,9,977
21:40:00,977,232,5.81,0,9,977
21:45:00,975,232,5.82,0,8.9,975
21:50:00,981,232,5.82,0,8.8,981
21:55:00,978,232,5.82,0,8.8,978
22:00:00,974,233,5.82,0,8.8,974
22:05:00,982,233,5.82,0,8.7,982
22:10:00,979,233,5.82,0,8.6,979
22:15:00,984,234,5.82,0,8.5,984
22:20:00,982,234,5.82,0,8.4,982
22:25:00,981,234,5.82,0,8.4,981
22:30:00,980,234,5.82,0,8.4,980
22:35:00,980,233,5.82,0,8.2,980
22:40:00,979,232,5.82,0,8.2,979
22:45:00,982,233,5.82,0,8.2,982
22:50:00,985,232,5.82,0,8.1,985
22:55:00,987,232,5.82,0,8.2,987
23:00:00,976,232,5.82,0,8.1,976
23:05:00,980,231,5.82,0,8.1,980
23:10:00,978,232,5.81,0,8.2,978
23:15:00,973,232,5.82,0,8.1,973
23:20:00,990,234,5.82,0,8.1,990
23:25:00,981,234,5.82,0,8.1,981
23:30:00,983,234,5.82,0,8,983
23:35:00,982,234,5.82,0,8,982
23:40:00,990,235,5.82,0,8.1,990
23:45:00,984,235,5.82,0,8.1,984
23:50:00,981,235,5.82,0,8,981
23:55:00,976,235,5.82,0,7.9,976
0:00:00,975,234,5.83,0,7.8,975
0:05:00,975,233,5.82,0,7.7,975
0:10:00,970,234,5.82,0,7.7,970
0:15:00,983,234,5.82,0,7.7,983
0:20:00,979,234,5.82,0,7.7,979
0:25:00,979,234,5.82,0,7.6,979
0:30:00,971,235,5.83,0,7.5,971
0:35:00,980,235,5.83,0,7.5,980
0:40:00,978,235,5.83,0,7.5,978
0:45:00,977,234,5.82,0,7.5,977
0:50:00,979,233,5.82,0,7.4,979
0:55:00,980,233,5.82,0,7.3,980
1:00:00,988,232,5.82,0,7.3,988
1:05:00,981,232,5.82,0,7.3,981
1:10:00,981,232,5.82,0,7.4,981
1:15:00,979,232,5.82,0,7.3,979
1:20:00,980,232,5.81,0,7.3,980
1:25:00,978,233,5.82,0,7.3,978
1:30:00,977,233,5.82,0,7.1,977
1:35:00,978,234,5.82,0,7.1,978
1:40:00,982,234,5.82,0,7.1,982
1:45:00,980,234,5.82,0,7.1,980
1:50:00,990,234,5.82,0,7,990
1:55:00,987,234,5.82,0,7,987
2:00:00,988,234,5.83,0,6.9,988
2:05:00,991,234,5.82,0,6.8,991
2:10:00,987,233,5.82,0,6.9,987
2:15:00,982,233,5.82,0,6.9,982
2:20:00,980,233,5.82,0,6.9,980
2:25:00,982,233,5.82,0,6.9,982
2:30:00,984,232,5.82,0,6.9,984
2:35:00,984,233,5.82,0,6.9,984
2:40:00,978,233,5.82,0,6.9,978
2:45:00,978,233,5.82,0,6.8,978
2:50:00,979,233,5.82,0,6.7,979
2:55:00,977,233,5.83,0,6.7,977
3:00:00,978,233,5.82,0,6.6,978
3:05:00,983,233,5.82,0,6.6,983
3:10:00,979,233,5.82,0,6.6,979
3:15:00,980,233,5.82,0,6.7,980
3:20:00,973,233,5.82,0,6.7,973
3:25:00,980,233,5.82,0,6.6,980
3:30:00,988,233,5.83,0,6.7,988
3:35:00,981,234,5.82,0,6.7,981
3:40:00,981,234,5.83,0,6.6,981
3:45:00,983,233,5.82,0,6.6,983
3:50:00,976,234,5.82,0,6.6,976
3:55:00,978,234,5.82,0,6.6,978
4:00:00,980,233,5.82,0,6.6,980
4:05:00,966,234,5.83,0,6.6,966
4:10:00,980,233,5.83,0,6.5,980
4:15:00,974,233,5.82,0,6.4,974
4:20:00,996,232,5.92,0,6.4,996
4:25:00,1055,232,5.98,0,6.4,1055
4:30:00,1035,232,5.82,0,6.2,1035
4:35:00,1054,232,5.82,0,6.4,1054
4:40:00,1043,232,5.82,0,6.3,1043
4:45:00,1037,232,5.83,0,6.2,1037
4:50:00,1037,232,5.82,0,6,1037
4:55:00,1043,232,5.82,0,6.2,1043
5:00:00,1037,232,5.82,0,6.2,1037
5:05:00,1048,232,5.83,0,6.2,1048
5:10:00,1043,232,5.82,0,6.1,1043
5:15:00,1046,232,5.82,0,6.1,1046
5:20:00,1046,232,5.82,0,6.1,1046
5:25:00,1040,232,5.82,0,6.2,1040
5:30:00,1038,231,5.82,0,6.3,1038
5:35:00,1038,231,5.82,0,6.3,1038
5:40:00,1036,231,5.82,0,6.4,1036
5:45:00,1044,231,5.82,0,6.4,1044
5:50:00,1044,231,5.82,0,6.5,1044
5:55:00,1033,232,5.81,0,6.4,1033
6:00:00,1036,232,5.82,0,6.4,1036
6:05:00,1043,233,5.82,0,6.6,1043
6:10:00,1041,232,5.81,0,6.6,1041
6:15:00,1035,232,5.81,0,6.7,1035
6:20:00,1042,232,5.81,0,6.7,1042
6:25:00,1047,231,5.81,0,6.8,1047
6:30:00,1045,231,5.91,0,6.7,1045
6:35:00,1044,231,5.81,0,6.7,1044
6:40:00,1043,231,5.81,0,6.7,1043
6:45:00,1036,231,5.82,0,6.7,1036
6:50:00,1039,231,5.92,0,6.7,1039
6:55:00,1048,231,5.82,0,6.7,1048
7:00:00,1043,231,5.82,0,6.8,1043
7:05:00,1045,231,5.83,0,6.8,1045
7:10:00,1046,231,5.82,0,6.7,1046
7:15:00,1040,231,5.92,0,6.7,1040
7:20:00,1046,231,5.82,0,6.7,1046
7:25:00,1044,231,5.82,0,6.7,1044
7:30:00,1257,231,6.62,0,6.8,1257
7:35:00,1475,231,7.62,0,6.7,1475
7:40:00,1478,231,7.62,0,6.7,1478
7:45:00,1484,230,7.62,0,6.7,1484
7:50:00,1480,230,7.62,0,6.7,1480
7:55:00,1478,230,7.72,0,6.8,1478
8:00:00,1488,230,7.71,0,6.7,1488
8:05:00,1606,232,8.12,0,6.7,1606
8:10:00,1377,231,6.92,0,6.7,1377
8:15:00,1383,231,6.98,0,6.8,1383
8:20:00,1258,231,6.71,0,6.8,1258
8:25:00,1266,234,6.72,39,6.9,1227
8:30:00,1257,233,6.72,56,6.9,1201
8:35:00,1262,233,6.72,69,6.8,1193
8:40:00,1264,233,6.82,74,6.8,1190
8:45:00,1260,233,6.73,98,6.9,1162
8:50:00,1266,233,6.72,129,6.8,1137
8:55:00,1266,232,6.83,204,6.6,1062
9:00:00,1267,232,6.83,239,6.7,1028
9:05:00,1273,231,6.83,242,6.7,1031
9:10:00,1266,232,6.83,225,6.7,1041
9:15:00,1274,231,6.83,434,6.9,840
9:20:00,1266,231,6.83,558,6.8,708
9:25:00,1199,231,6.82,500,6.9,699
9:30:00,1198,231,6.82,328,7,870
9:35:00,1196,231,6.82,280,7.1,916
9:40:00,1199,231,6.82,282,7.2,917
9:45:00,1207,231,6.82,265,7.2,942
9:50:00,1256,231,7.02,172,7.2,1084
9:55:00,1265,231,7.12,166,7.2,1099
10:00:00,1619,231,8.18,130,7.1,1489
10:05:00,2536,233,12.16,148,7,2388
10:10:00,2874,232,13.82,129,7.3,2745
10:15:00,4284,231,19.12,83,7.3,4201
10:20:00,4980,230,21.49,170,7,4810
10:25:00,4361,230,18.96,234,6.9,4127
10:30:00,4680,230,20.26,161,7.2,4519
10:35:00,3984,230,17.36,194,7.4,3790
10:40:00,4370,229,18.82,310,7.2,4060
10:45:00,4470,229,19.39,360,7.4,4110
10:50:00,4098,229,17.72,348,7.4,3750
10:55:00,4547,229,19.69,308,7.4,4239
11:00:00,4854,228,20.99,324,7.4,4530
11:05:00,4252,229,18.69,251,7.6,4001
11:10:00,4575,228,19.89,200,7.6,4375
11:15:00,4624,228,20.22,172,7.7,4452
11:20:00,3715,229,16.62,219,7.8,3496
11:25:00,4451,228,19.75,257,7.6,4194
11:30:00,4827,228,21.42,277,7.5,4550
11:35:00,5780,228,25.35,249,7.6,5531
11:40:00,4933,229,21.25,198,7.6,4735
11:45:00,5279,229,22.99,201,7.7,5078
11:50:00,4997,229,21.99,350,7.8,4647
11:55:00,5239,229,22.55,396,7.8,4843
12:00:00,4991,229,21.62,388,7.8,4603
12:05:00,5281,229,22.69,493,7.9,4788
12:10:00,5185,229,22.36,404,8.1,4781
12:15:00,5037,229,21.72,235,8.4,4802
12:20:00,3962,230,17.69,188,8.5,3774
12:25:00,4023,230,17.96,182,8.6,3841
12:30:00,3484,230,15.82,187,8.6,3297
12:35:00,3741,230,16.69,160,8.5,3581
12:40:00,2872,231,13.79,170,8.7,2702
12:45:00,3698,230,17.12,210,9.1,3488
12:50:00,2938,230,14.12,211,9.4,2727
12:55:00,3791,230,17.62,218,9.4,3573
13:00:00,3311,230,15.02,166,9.5,3145
13:05:00,4239,230,18.76,177,9.5,4062
13:10:00,3539,230,15.92,343,9.6,3196
13:15:00,4353,229,19.35,506,10.1,3847
13:20:00,3548,230,15.92,299,10.3,3249
13:25:00,4461,229,19.62,217,10.2,4244
13:30:00,3825,229,17.28,214,10,3611
13:35:00,4964,228,21.92,230,10,4734
13:40:00,4865,228,21.45,217,10.1,4648
13:45:00,5741,229,24.95,194,10.3,5547
13:50:00,4896,229,21.35,197,10.5,4699
13:55:00,5739,228,24.78,190,10.7,5549
14:00:00,4887,228,21.42,201,10.6,4686
14:05:00,5690,227,25.05,204,10.6,5486
14:10:00,4861,227,21.32,161,10.6,4700
14:15:00,4871,228,21.29,131,10.7,4740
14:20:00,4860,228,21.19,97,10.7,4763
14:25:00,4383,228,19.46,97,10.8,4286
14:30:00,3754,228,16.83,118,10.6,3636
14:35:00,3729,228,16.83,148,10.8,3581
14:40:00,3690,228,16.73,172,11,3518
14:45:00,3698,227,16.73,172,11,3526
14:50:00,3691,227,16.72,110,11,3581
14:55:00,4307,227,19.33,105,11,4202
15:00:00,6502,227,28.82,96,11.3,6406
15:05:00,7194,227,31.63,94,11.7,7100
15:10:00,6227,226,27.35,122,11.8,6105
15:15:00,7707,226,33.77,105,12,7602
15:20:00,7759,226,33.99,84,12,7675
15:25:00,6756,227,29.76,93,12.1,6663
15:30:00,6065,227,26.66,113,12.1,5952
15:35:00,5714,226,25.29,106,12.2,5608
15:40:00,4930,226,22.2,67,12.3,4863
15:45:00,4724,227,21.18,57,12.4,4667
15:50:00,4762,227,21.42,56,12.3,4706
15:55:00,5983,227,26.55,52,12.4,5931
16:00:00,4672,227,20.91,52,12.5,4620
16:05:00,5241,226,23.47,46,12.5,5195
16:10:00,5188,227,23.2,55,12.6,5133
16:15:00,4743,227,21.38,51,12.6,4692
16:20:00,5236,227,23.29,67,12.6,5169
16:25:00,5085,228,22.64,52,12.7,5033
16:30:00,6218,229,27.17,39,12.7,6179
16:35:00,6663,228,29.3,23,12.5,6640
16:40:00,6854,228,30.35,0,12.5,6854
16:45:00,6123,228,27.16,0,12.5,6123
16:50:00,4755,228,21.3,0,12.6,4755
16:55:00,4580,228,20.39,0,12.5,4580
17:00:00,4360,229,19.3,0,12.7,4360
17:05:00,4996,229,22.24,0,12.7,4996
17:10:00,4255,229,18.83,0,12.8,4255
17:15:00,5003,229,22.23,0,12.7,5003
17:20:00,4418,230,19.5,0,12.6,4418
17:25:00,4538,230,20.14,0,12.6,4538
17:30:00,4851,229,21.45,0,12.7,4851
17:35:00,4378,229,19.55,0,12.7,4378
17:40:00,3872,231,17.24,0,12.7,3872
17:45:00,3251,232,14.9,0,12.7,3251
17:50:00,2897,232,13.69,0,12.8,2897
17:55:00,2489,232,12.02,0,12.8,2489
18:00:00,2818,232,13.11,0,12.8,2818
18:05:00,2263,233,10.63,0,12.6,2263
18:10:00,2336,232,10.9,0,12.8,2336
18:15:00,2615,233,12.18,0,12.9,2615
18:20:00,2516,232,11.68,0,12.9,2516
18:25:00,2376,233,11.05,0,12.8,2376
18:30:00,2328,233,10.79,0,12.7,2328
18:35:00,2375,233,11.2,0,12.8,2375
18:40:00,2546,233,11.97,0,12.7,2546
18:45:00,2505,233,11.53,0,12.7,2505
18:50:00,2283,233,10.6,0,12.7,2283
18:55:00,2322,233,10.92,0,12.8,2322
19:00:00,2515,233,11.82,0,12.9,2515
19:05:00,2549,233,11.95,0,12.9,2549
19:10:00,2155,234,10.32,0,12.9,2155
19:15:00,2505,233,11.66,0,12.8,2505
19:20:00,1817,234,8.6,0,12.9,1817
19:25:00,1816,234,8.73,0,12.8,1816
19:30:00,1685,234,8.31,0,12.8,1685
19:35:00,1733,234,8.39,0,12.7,1733
19:40:00,1434,234,7.22,0,12.6,1434
19:45:00,1439,234,7.22,0,12.3,1439
19:50:00,1439,235,7.12,0,12.4,1439
19:55:00,1430,235,7.22,0,12.5,1430
20:00:00,1430,235,7.22,0,12.5,1430
20:05:00,1166,234,6.02,0,12.6,1166
20:10:00,1086,235,5.92,0,12.6,1086
20:15:00,1089,235,5.92,0,12.7,1089
20:20:00,1085,233,5.82,0,12.6,1085
20:25:00,1088,234,5.92,0,12.6,1088
20:30:00,1087,234,5.92,0,12.7,1087
20:35:00,1087,234,5.92,0,12.5,1087
20:40:00,1091,235,5.82,0,12.5,1091
20:45:00,1086,235,5.92,0,12.5,1086
20:50:00,1080,234,5.92,0,12.5,1080
20:55:00,1091,233,5.92,0,12.6,1091
21:00:00,1092,232,5.92,0,12.6,1092
21:05:00,1082,232,5.92,0,12.6,1082
21:10:00,1083,232,5.92,0,12.5,1083
21:15:00,1084,232,5.92,0,12.5,1084
21:20:00,1083,232,5.92,0,12.3,1083
21:25:00,1085,232,5.92,0,12.3,1085
21:30:00,1093,233,5.92,0,12.3,1093
21:35:00,1087,233,5.92,0,12.1,1087
21:40:00,1086,233,5.91,0,12.1,1086
21:45:00,1084,232,5.91,0,12.2,1084
21:50:00,1079,232,5.92,0,12.1,1079
21:55:00,1087,232,5.92,0,11.9,1087
22:00:00,1085,232,5.92,0,11.9,1085
22:05:00,1085,233,5.91,0,11.9,1085
22:10:00,1080,232,5.92,0,11.9,1080
22:15:00,1086,233,5.92,0,11.9,1086
22:20:00,1085,233,5.92,0,11.8,1085
22:25:00,1089,233,5.92,0,11.9,1089
22:30:00,1082,233,5.92,0,11.9,1082
22:35:00,1089,234,5.92,0,12.1,1089
22:40:00,1083,233,5.92,0,12.1,1083
22:45:00,1086,234,5.92,0,12.2,1086
22:50:00,1089,234,5.92,0,12.2,1089
22:55:00,1036,234,5.92,0,12.1,1036
23:00:00,985,232,5.92,0,12.1,985
23:05:00,982,232,5.92,0,12.2,982
23:10:00,982,233,5.92,0,12.3,982
23:15:00,985,233,5.92,0,12.3,985
23:20:00,982,234,5.82,0,12.3,982
23:25:00,982,233,5.92,0,12.2,982
23:30:00,982,231,5.92,0,12.1,982
23:35:00,984,231,5.91,0,12.1,984
23:40:00,985,231,5.91,0,11.9,985
23:45:00,981,231,5.91,0,12.1,981
23:50:00,984,232,5.92,0,12.1,984
23:55:00,986,232,5.92,0,12.2,986
0:00:00,981,231,5.92,0,12.2,981
0:05:00,984,233,5.82,0,12.1,984
0:10:00,986,235,5.82,0,12.2,986
0:15:00,985,236,5.82,0,12.2,985
0:20:00,981,234,5.82,0,12.1,981
0:25:00,987,234,5.82,0,12.1,987
0:30:00,986,234,5.82,0,12.1,986
0:35:00,986,235,5.82,0,12.1,986
0:40:00,993,235,5.82,0,12.1,993
0:45:00,985,236,5.83,0,12.1,985
0:50:00,986,235,5.82,0,12.1,986
0:55:00,986,234,5.82,0,11.9,986
1:00:00,986,234,5.82,0,11.8,986
1:05:00,987,235,5.82,0,11.9,987
1:10:00,983,235,5.83,0,11.8,983
1:15:00,983,236,5.82,0,11.7,983
1:20:00,984,235,5.83,0,11.8,984
1:25:00,987,235,5.83,0,11.8,987
1:30:00,994,235,5.83,0,11.9,994
1:35:00,991,235,5.82,0,11.7,991
1:40:00,983,234,5.82,0,11.8,983
1:45:00,991,234,5.82,0,11.8,991
1:50:00,988,234,5.82,0,11.7,988
1:55:00,981,234,5.92,0,11.8,981
2:00:00,988,234,5.92,0,11.8,988
2:05:00,991,234,5.92,0,11.9,991
2:10:00,988,234,5.92,0,11.9,988
2:15:00,990,234,5.82,0,11.9,990
2:20:00,991,234,5.92,0,11.8,991
2:25:00,989,233,5.92,0,11.8,989
2:30:00,988,234,5.82,0,11.8,988
2:35:00,989,233,5.92,0,11.7,989
2:40:00,991,232,5.92,0,11.6,991
2:45:00,992,233,5.93,0,11.6,992
2:50:00,985,233,5.82,0,11.6,985
2:55:00,989,233,5.82,0,11.7,989
3:00:00,994,233,5.82,0,11.7,994
3:05:00,990,233,5.82,0,11.7,990
3:10:00,991,233,5.82,0,11.7,991
3:15:00,990,233,5.82,0,11.6,990
3:20:00,991,234,5.82,0,11.7,991
3:25:00,984,233,5.82,0,11.8,984
3:30:00,984,231,5.82,0,11.7,984
3:35:00,986,232,5.92,0,11.7,986
3:40:00,989,231,5.82,0,11.6,989
3:45:00,988,231,5.82,0,11.6,988
3:50:00,994,231,5.92,0,11.7,994
3:55:00,986,231,5.92,0,11.6,986
4:00:00,993,231,5.92,0,11.6,993
4:05:00,987,232,5.92,0,11.6,987
4:10:00,983,232,5.82,0,11.6,983
4:15:00,985,231,5.81,0,11.6,985
4:20:00,986,231,5.82,0,11.6,986
4:25:00,988,231,5.92,0,11.7,988
4:30:00,992,231,5.92,0,11.7,992
4:35:00,996,231,5.92,0,11.5,996
4:40:00,994,231,5.91,0,11.3,994
4:45:00,996,231,5.91,0,11.4,996
4:50:00,997,231,5.92,0,11.4,997
4:55:00,999,231,5.92,0,11.4,999
5:00:00,984,231,5.92,0,11.3,984
5:05:00,985,231,5.92,0,11.4,985
5:10:00,1006,231,5.92,0,11.5,1006
5:15:00,1132,231,6.92,0,11.5,1132
5:20:00,1131,232,6.92,0,11.5,1131
5:25:00,1122,233,6.92,0,11.5,1122
5:30:00,1127,232,6.92,0,11.6,1127
5:35:00,1129,232,6.92,0,11.6,1129
5:40:00,1120,232,6.82,0,11.5,1120
5:45:00,1119,232,6.92,0,11.5,1119
5:50:00,1126,232,6.92,0,11.3,1126
5:55:00,1125,232,6.92,0,11.3,1125
6:00:00,1124,232,6.92,0,11.2,1124
6:05:00,1118,231,6.92,0,11.2,1118
6:10:00,1124,231,6.91,0,11.2,1124
6:15:00,1118,232,6.91,0,11.3,1118
6:20:00,1121,231,6.91,0,11.3,1121
6:25:00,1118,231,6.91,0,11.3,1118
6:30:00,1120,230,6.91,0,11.1,1120
6:35:00,1114,231,6.91,0,11.1,1114
6:40:00,1116,231,6.91,0,11.2,1116
6:45:00,1110,231,6.92,0,11.1,1110
6:50:00,1122,232,6.89,0,11.1,1122
6:55:00,1117,232,6.92,0,11.1,1117
7:00:00,1119,232,6.92,0,11.1,1119
7:05:00,1122,232,6.92,0,11.1,1122
7:10:00,1115,232,6.92,0,11.1,1115
7:15:00,1119,231,6.92,0,11.2,1119
7:20:00,1115,232,6.92,0,11.2,1115
7:25:00,1114,231,6.92,0,11,1114
7:30:00,1116,231,6.88,0,11,1116
7:35:00,1117,232,6.92,0,11,1117
7:40:00,1108,231,6.92,0,11.1,1108
7:45:00,1119,231,6.92,0,11.1,1119
7:50:00,1115,231,6.92,0,10.9,1115
7:55:00,1118,231,6.92,0,10.9,1118
8:00:00,1121,231,6.92,0,10.9,1121
8:05:00,1198,231,7.22,0,10.9,1198
8:10:00,1529,231,8.52,0,10.8,1529
8:15:00,1668,232,9.03,0,10.6,1668
8:20:00,1702,232,9.23,0,10.7,1702
8:25:00,1730,231,9.33,0,10.9,1730
8:30:00,1717,231,9.13,46,11.1,1671
8:35:00,1684,230,9.2,67,11.2,1617
8:40:00,1900,230,9.39,61,11.1,1839
8:45:00,1859,230,8.86,82,11.1,1777
8:50:00,1631,231,8.12,120,11.2,1511
8:55:00,1617,230,8.12,151,11.3,1466
9:00:00,1611,231,8.02,151,11.5,1460
9:05:00,1612,230,8.12,160,11.7,1452
9:10:00,1628,230,8.12,201,11.5,1427
9:15:00,1629,230,8.12,311,11.3,1318
9:20:00,1625,227,8.13,325,11.6,1300
9:25:00,1611,227,8.13,375,11.7,1236
9:30:00,1623,227,8.12,366,11.9,1257
9:35:00,1618,227,8.13,399,11.9,1219
9:40:00,1613,227,8.13,398,11.9,1215
9:45:00,2402,226,11.33,376,11.7,2026
9:50:00,3673,225,16.85,314,12,3359
9:55:00,4077,225,18.62,302,12.3,3775
10:00:00,4096,226,18.72,343,12.4,3753
10:05:00,4643,226,20.69,301,12.5,4342
10:10:00,5564,226,23.7,285,12.4,5279
10:15:00,5837,226,25.04,389,12.3,5448
10:20:00,5400,226,23.46,456,12.4,4944
10:25:00,5003,227,21.99,454,12.4,4549
10:30:00,4612,227,20.39,375,12.4,4237
10:35:00,4599,228,19.95,362,12.6,4237
10:40:00,4599,227,20.06,381,12.8,4218
10:45:00,4596,227,19.85,439,12.9,4157
10:50:00,4625,227,20.19,538,13.1,4087
10:55:00,4611,227,20.43,586,13,4025
11:00:00,4263,227,18.79,613,12.7,3650
11:05:00,4327,228,19.09,484,12.7,3843
11:10:00,4646,228,20.85,397,13.1,4249
11:15:00,4642,227,20.79,472,13.2,4170
11:20:00,4646,227,20.92,363,13.2,4283
11:25:00,4615,227,20.92,236,13.1,4379
11:30:00,4648,226,20.89,524,13.1,4124
11:35:00,4622,227,20.75,498,13.2,4124
11:40:00,4621,228,20.82,647,13.4,3974
11:45:00,4629,228,20.73,785,13.7,3844
11:50:00,5268,228,23.55,954,14,4314
11:55:00,5839,228,25.52,963,14.4,4876
12:00:00,5871,227,25.75,876,14.5,4995
12:05:00,5854,226,25.65,855,14.3,4999
12:10:00,5935,226,26.05,876,14.3,5059
12:15:00,4570,227,20.49,1056,14.4,3514
12:20:00,4521,226,20.32,912,14.5,3609
12:25:00,4871,226,21.92,585,14.8,4286
12:30:00,5379,228,24.15,367,15.1,5012
12:35:00,4465,228,19.99,329,15.2,4136
12:40:00,4423,228,19.56,505,15.2,3918
12:45:00,4409,228,19.76,287,15.3,4122
12:50:00,4598,228,20.32,287,15.3,4311
12:55:00,4615,227,20.33,396,15.4,4219
13:00:00,4649,228,20.9,468,15.3,4181
13:05:00,4614,228,20.53,476,15.6,4138
13:10:00,4607,229,20.19,584,15.5,4023
13:15:00,4530,228,20.26,638,15.6,3892
13:20:00,3879,228,17.67,531,15.6,3348
13:25:00,3664,229,16.33,427,15.7,3237
13:30:00,3023,228,13.83,457,15.8,2566
13:35:00,2565,229,11.83,535,15.7,2030
13:40:00,2984,228,13.59,514,15.8,2470
13:45:00,3950,229,18.02,650,15.6,3300
13:50:00,3972,229,18.12,541,15.5,3431
13:55:00,3942,229,18.12,581,15.3,3361
14:00:00,3966,228,18.12,652,15.6,3314
14:05:00,3049,229,14.02,791,15.6,2258
14:10:00,2843,229,13.12,805,15.8,2038
14:15:00,2817,228,13.13,815,15.8,2002
14:20:00,2819,228,13.03,813,15.9,2006
14:25:00,2859,229,13.23,781,15.9,2078
14:30:00,2844,229,13.12,908,15.8,1936
14:35:00,2826,229,13.13,888,15.8,1938
14:40:00,2816,230,13.02,895,15.8,1921
14:45:00,2777,230,13.03,883,15.7,1894
14:50:00,3138,229,14.56,782,15.7,2356
14:55:00,4154,228,18.29,728,15.7,3426
15:00:00,4074,229,17.72,614,15.7,3460
15:05:00,4541,229,19.86,652,15.7,3889
15:10:00,4294,228,18.8,654,15.6,3640
15:15:00,2756,229,13.03,694,15.4,2062
15:20:00,2744,228,13.03,634,15.4,2110
15:25:00,2739,229,13.03,667,15.2,2072
15:30:00,2729,229,12.93,664,15.1,2065
15:35:00,2725,229,12.94,597,15.2,2128
15:40:00,3181,230,14.92,549,15,2632
15:45:00,3106,229,14.37,541,15,2565
15:50:00,2656,230,12.73,520,15,2136
15:55:00,2849,230,13.03,464,15,2385
16:00:00,2776,229,13.13,463,15,2313
16:05:00,2782,231,12.94,377,14.9,2405
16:10:00,2780,230,12.94,329,14.9,2451
16:15:00,2776,230,13.04,308,14.8,2468
16:20:00,2777,230,13.03,253,14.8,2524
16:25:00,2786,229,13.13,217,14.9,2569
16:30:00,2769,230,12.93,190,15,2579
16:35:00,2774,230,13.04,170,15,2604
16:40:00,2768,229,13.03,128,15.1,2640
16:45:00,2762,231,12.94,116,15,2646
16:50:00,2758,230,12.94,112,14.9,2646
16:55:00,2763,229,13.03,97,14.9,2666
17:00:00,2770,230,13.03,83,15,2687
17:05:00,2720,230,12.66,63,15,2657
17:10:00,2481,230,11.82,57,15,2424
17:15:00,2504,230,11.93,45,15,2459
17:20:00,2492,229,12.02,15,15,2477
17:25:00,2460,230,11.82,0,14.8,2460
17:30:00,2463,229,11.82,0,14.9,2463
17:35:00,2433,228,11.92,0,15,2433
17:40:00,2530,229,12.02,0,14.8,2530
17:45:00,2518,228,12.02,0,14.9,2518
17:50:00,2524,229,12.12,0,14.9,2524
17:55:00,2527,229,12.12,0,14.9,2527
18:00:00,2509,229,12.02,0,15,2509
18:05:00,2450,229,11.93,0,14.8,2450
18:10:00,2311,230,11.32,0,14.5,2311
18:15:00,2148,231,10.73,0,14.5,2148
18:20:00,2113,231,10.53,0,14.7,2113
18:25:00,2009,231,10.13,0,14.8,2009
18:30:00,1750,232,8.79,0,14.9,1750
18:35:00,1643,232,8.03,0,14.9,1643
18:40:00,1636,233,8.03,0,14.7,1636
18:45:00,1633,233,8.03,0,14.8,1633
18:50:00,1638,233,8.03,0,14.9,1638
18:55:00,1631,232,8.03,0,14.9,1631
19:00:00,1626,233,8.03,0,14.9,1626
19:05:00,1630,233,8.03,0,14.9,1630
19:10:00,1634,233,8.03,0,14.6,1634
19:15:00,1631,233,8.12,0,14.5,1631
19:20:00,1643,233,8.13,0,14.3,1643
19:25:00,1635,233,8.03,0,14.6,1635
19:30:00,1640,233,8.13,0,14.7,1640
19:35:00,1648,233,8.13,0,14.6,1648
19:40:00,1639,233,8.03,0,14.7,1639
19:45:00,1648,233,8.13,0,14.7,1648
19:50:00,1632,233,8.03,0,14.8,1632
19:55:00,1286,233,6.63,0,14.8,1286
20:00:00,1070,234,5.73,0,14.8,1070
20:05:00,1060,233,5.73,0,14.8,1060
20:10:00,1060,234,5.73,0,14.8,1060
20:15:00,1058,234,5.73,0,14.6,1058
20:20:00,1059,234,5.73,0,14.6,1059
20:25:00,1055,235,5.73,0,14.7,1055
20:30:00,1055,235,5.73,0,14.7,1055
20:35:00,1057,234,5.73,0,14.7,1057
20:40:00,1059,235,5.73,0,14.7,1059
20:45:00,1066,234,5.73,0,14.8,1066
20:50:00,1057,234,5.73,0,14.8,1057
20:55:00,1060,235,5.73,0,14.8,1060
21:00:00,1059,235,5.73,0,14.8,1059
21:05:00,1060,235,5.73,0,14.8,1060
21:10:00,1057,235,5.73,0,14.7,1057
21:15:00,1057,235,5.73,0,14.8,1057
21:20:00,1060,235,5.72,0,14.8,1060
21:25:00,1052,233,5.72,0,14.8,1052
21:30:00,1054,233,5.72,0,14.8,1054
21:35:00,1055,233,5.72,0,14.8,1055
21:40:00,1057,232,5.72,0,14.8,1057
21:45:00,1058,231,5.73,0,14.7,1058
21:50:00,1067,231,5.92,0,14.7,1067
21:55:00,1058,231,5.72,0,14.7,1058
22:00:00,1051,231,5.72,0,14.7,1051
22:05:00,1054,231,5.73,0,14.7,1054
22:10:00,1056,231,5.72,0,14.7,1056
22:15:00,1053,231,5.72,0,14.7,1053
22:20:00,1058,232,5.72,0,14.7,1058
22:25:00,1058,233,5.72,0,14.7,1058
22:30:00,1054,232,5.73,0,14.7,1054
22:35:00,1057,232,5.73,0,14.6,1057
22:40:00,1053,233,5.73,0,14.6,1053
22:45:00,1048,233,5.72,0,14.6,1048
22:50:00,1058,233,5.73,0,14.6,1058
22:55:00,1060,234,5.73,0,14.6,1060
23:00:00,1053,233,5.73,0,14.6,1053
23:05:00,1060,232,5.73,0,14.6,1060
23:10:00,1056,232,5.73,0,14.6,1056
23:15:00,1059,232,5.73,0,14.6,1059
23:20:00,1064,231,5.73,0,14.6,1064
23:25:00,1061,232,5.73,0,14.6,1061
23:30:00,1054,232,5.73,0,14.6,1054
23:35:00,1055,232,5.73,0,14.5,1055
23:40:00,1056,232,5.72,0,14.5,1056
23:45:00,1057,232,5.72,0,14.5,1057
23:50:00,1057,232,5.73,0,14.5,1057
23:55:00,1058,232,5.73,0,14.5,1058
0:00:00,1062,231,5.73,0,14.5,1062
0:05:00,1064,231,5.73,0,14.5,1064
0:10:00,1061,232,5.73,0,14.5,1061
0:15:00,1064,233,5.73,0,14.4,1064
0:20:00,1067,233,5.73,0,14.4,1067
0:25:00,1060,233,5.73,0,14.4,1060
0:30:00,1062,233,5.72,0,14.4,1062
0:35:00,1068,234,5.73,0,14.4,1068
0:40:00,1079,233,5.73,0,14.4,1079
0:45:00,1084,234,5.73,0,14.4,1084
0:50:00,1084,234,5.83,0,14.4,1084
0:55:00,1065,234,5.73,0,14.4,1065
1:00:00,1054,235,5.73,0,14.4,1054
1:05:00,1068,234,5.73,0,14.4,1068
1:10:00,1059,234,5.72,0,14.3,1059
1:15:00,1054,234,5.73,0,14.3,1054
1:20:00,1065,234,5.73,0,14.3,1065
1:25:00,1063,234,5.73,0,14.3,1063
1:30:00,1062,234,5.73,0,14.3,1062
1:35:00,1062,234,5.73,0,14.3,1062
1:40:00,1063,234,5.73,0,14.2,1063
1:45:00,1062,234,5.73,0,14.2,1062
1:50:00,1059,235,5.73,0,14.1,1059
1:55:00,1065,235,5.73,0,14.1,1065
2:00:00,1055,234,5.73,0,14.1,1055
2:05:00,1056,233,5.73,0,14.1,1056
2:10:00,1061,232,5.73,0,14.1,1061
2:15:00,1058,232,5.73,0,14.1,1058
2:20:00,1056,233,5.73,0,14.1,1056
2:25:00,1053,232,5.73,0,14,1053
2:30:00,1056,232,5.73,0,14,1056
2:35:00,1055,233,5.72,0,13.8,1055
2:40:00,1057,233,5.73,0,13.6,1057
2:45:00,1059,233,5.72,0,13.5,1059
2:50:00,1063,233,5.73,0,13.5,1063
2:55:00,1066,234,5.73,0,13.4,1066
3:00:00,1070,234,6,0,13.5,1070
3:05:00,1063,233,5.89,0,13.5,1063
3:10:00,1060,233,5.72,0,13.4,1060
3:15:00,1060,233,5.72,0,13.3,1060
3:20:00,1060,233,5.72,0,13.2,1060
3:25:00,1062,233,5.73,0,13.3,1062
3:30:00,1059,233,5.73,0,13.1,1059
3:35:00,1059,233,5.73,0,13.1,1059
3:40:00,1060,233,5.73,0,13.1,1060
3:45:00,1060,233,5.89,0,13,1060
3:50:00,1080,233,6.06,0,13,1080
3:55:00,1067,233,5.93,0,13.1,1067
4:00:00,1055,234,5.62,0,13.1,1055
4:05:00,1054,233,5.73,0,13.1,1054
4:10:00,1057,233,5.72,0,13.2,1057
4:15:00,1061,233,5.73,0,13.2,1061
4:20:00,1059,232,5.73,0,13.3,1059
4:25:00,1059,232,5.73,0,13.2,1059
4:30:00,1068,233,5.74,0,13.2,1068
4:35:00,1058,233,5.73,0,13.2,1058
4:40:00,1054,232,5.74,0,13.1,1054
4:45:00,1065,232,5.74,0,13.1,1065
4:50:00,1071,233,5.73,0,13.1,1071
4:55:00,1064,232,5.74,0,13.1,1064
5:00:00,1064,232,5.74,0,13.1,1064
5:05:00,1057,232,5.73,0,13.1,1057
5:10:00,1057,231,5.73,0,13,1057
5:15:00,1059,232,5.73,0,13.1,1059
5:20:00,1065,232,5.73,0,13.1,1065
5:25:00,1061,232,5.73,0,13,1061
5:30:00,1057,232,5.73,0,12.8,1057
5:35:00,1055,232,5.72,0,12.8,1055
5:40:00,1057,231,5.72,0,12.6,1057
5:45:00,1056,231,5.73,0,12.5,1056
5:50:00,1064,231,5.73,0,12.6,1064
5:55:00,1058,232,5.73,0,12.4,1058
6:00:00,1060,232,5.73,0,12.4,1060
6:05:00,1060,232,5.73,0,12.4,1060
6:10:00,1056,232,5.73,0,12.3,1056
6:15:00,1057,232,5.73,0,12.4,1057
6:20:00,1073,231,5.72,0,12.3,1073
6:25:00,1064,230,5.82,0,12.4,1064
6:30:00,1069,231,5.82,0,12.5,1069
6:35:00,1075,231,5.83,0,12.3,1075
6:40:00,1066,232,5.73,0,12,1066
6:45:00,1057,231,5.74,0,12.1,1057
6:50:00,1060,231,5.74,0,11.9,1060
6:55:00,1053,231,5.74,0,11.9,1053
7:00:00,1051,231,5.73,0,11.8,1051
7:05:00,1060,231,5.73,0,11.8,1060
7:10:00,1051,231,5.73,0,11.7,1051
7:15:00,1055,230,5.74,0,11.7,1055
7:20:00,1059,231,5.74,0,11.8,1059
7:25:00,1061,231,5.74,0,11.8,1061
7:30:00,1056,231,5.74,0,11.7,1056
7:35:00,1056,232,5.74,0,11.8,1056
7:40:00,1061,232,5.74,0,11.7,1061
7:45:00,1055,231,5.74,0,11.7,1055
7:50:00,1057,231,5.73,0,11.6,1057
7:55:00,1051,231,5.73,0,11.6,1051
8:00:00,1044,232,5.73,0,11.7,1044
8:05:00,1056,233,5.74,0,11.8,1056
8:10:00,1054,231,5.74,0,11.6,1054
8:15:00,1061,231,5.74,0,11.5,1061
8:20:00,1059,232,5.74,5,11.5,1054
8:25:00,1053,232,5.74,56,11.6,997
8:30:00,1050,231,5.74,76,11.6,974
8:35:00,1054,232,5.74,89,11.6,965
8:40:00,1044,231,5.73,103,11.5,941
8:45:00,1058,232,5.73,135,11.6,923
8:50:00,1056,230,5.73,154,11.7,902
8:55:00,1048,230,5.73,176,11.6,872
9:00:00,1054,230,5.73,158,11.6,896
9:05:00,1053,230,5.84,132,11.6,921
9:10:00,1053,232,5.74,133,11.5,920
9:15:00,1051,233,5.74,171,11.6,880
9:20:00,1057,234,5.74,201,11.5,856
9:25:00,1063,235,5.74,224,11.6,839
9:30:00,1057,235,5.73,180,11.7,877
9:35:00,1057,235,5.74,165,11.7,892
9:40:00,1057,236,5.74,302,11.7,755
9:45:00,1058,236,5.75,366,11.9,692
9:50:00,1077,233,5.74,446,12,631
9:55:00,1076,234,5.74,427,12.1,649
10:00:00,1064,233,5.74,493,12.3,571
10:05:00,1061,234,5.74,488,12.3,573
10:10:00,1051,234,5.74,464,12.4,587
10:15:00,1052,234,5.73,509,12.4,543
10:20:00,1051,234,5.74,445,12.5,606
10:25:00,1049,234,5.74,528,12.3,521
10:30:00,1064,234,5.97,849,12.4,215
10:35:00,1063,234,5.98,569,12.6,494
10:40:00,1065,234,5.94,663,12.9,402
10:45:00,1059,234,5.81,1271,13.1,-212
10:50:00,1066,234,5.88,1491,13.6,-425
10:55:00,1060,234,5.75,1495,13.9,-435
11:00:00,1069,234,5.94,1007,13.9,62
11:05:00,1061,234,5.74,956,14.2,105
11:10:00,1057,234,5.8,973,14.5,84
11:15:00,1069,234,6,888,14.5,181
11:20:00,1068,234,5.98,940,14.2,128
11:25:00,1054,234,5.74,874,14.3,180
11:30:00,1058,234,5.74,764,14.5,294
11:35:00,1058,234,5.74,754,14.6,304
11:40:00,1048,234,5.74,985,14.5,63
11:45:00,1050,234,5.73,1475,14.5,-425
11:50:00,1052,233,5.73,2119,14.4,-1067
11:55:00,1059,233,5.73,1317,14.3,-258
12:00:00,1058,234,5.74,866,14.2,192
12:05:00,1061,233,5.74,724,14.2,337
12:10:00,1058,233,5.74,1440,14.1,-382
12:15:00,1056,233,5.74,1505,14.1,-449
12:20:00,1062,233,5.74,1399,14.2,-337
12:25:00,1048,232,5.75,1282,14.1,-234
12:30:00,1053,233,5.74,1338,14.1,-285
12:35:00,1053,232,5.73,1130,14.3,-77
12:40:00,1057,232,5.73,1420,14.4,-363
12:45:00,1054,233,5.75,1118,14.5,-64
12:50:00,1060,233,5.74,931,14.6,129
12:55:00,1050,232,5.75,1593,14.6,-543
13:00:00,1052,232,5.74,1466,14.7,-414
13:05:00,1058,234,5.74,1636,14.7,-578
13:10:00,1051,233,5.74,1353,14.8,-302
13:15:00,1060,233,5.73,1396,14.8,-336
13:20:00,1047,234,5.74,1550,14.8,-503
13:25:00,1048,233,5.73,1820,15.1,-772
13:30:00,1051,234,5.73,1061,15.2,-10
13:35:00,1066,234,5.94,943,15,123
13:40:00,1058,234,5.78,703,14.9,355
13:45:00,1064,234,5.94,660,14.9,404
13:50:00,1055,234,5.74,568,14.9,487
13:55:00,1059,234,5.75,331,14.9,728
14:00:00,1065,235,5.75,318,14.9,747
14:05:00,1094,236,6.58,198,15.1,896
14:10:00,1103,236,6.67,154,14.9,949
14:15:00,1092,236,6.47,327,14.9,765
14:20:00,1090,237,6.31,305,15.1,785
14:25:00,1089,236,6.37,354,15.1,735
14:30:00,1082,236,5.98,295,14.7,787
14:35:00,1111,236,6.65,125,14.6,986
14:40:00,1116,236,6.58,114,14.7,1002
14:45:00,1087,236,6.15,156,14.5,931
14:50:00,1089,236,6.35,252,14.3,837
14:55:00,1100,236,6.71,186,14.2,914
15:00:00,1095,236,6.61,150,14.2,945
15:05:00,1082,234,6.27,169,14.5,913
15:10:00,1063,234,5.75,124,14.6,939
15:15:00,1061,234,5.75,239,14.3,822
15:20:00,1065,234,5.75,174,14,891
15:25:00,1063,234,5.75,162,14.3,901
15:30:00,1058,234,5.74,278,14.5,780
15:35:00,1055,234,5.74,247,14.5,808
15:40:00,1050,234,5.74,261,14.3,789
15:45:00,1057,234,5.74,208,14,849
15:50:00,1064,234,5.73,279,13.7,785
15:55:00,1057,234,5.74,354,13.4,703
16:00:00,1058,235,5.75,392,13.2,666
16:05:00,1058,234,5.74,262,13.1,796
16:10:00,1052,234,5.75,263,13.1,789
16:15:00,1059,233,5.74,277,12.9,782
16:20:00,1058,233,5.74,309,12.7,749
16:25:00,1051,233,5.74,252,12.8,799
16:30:00,1057,233,5.73,243,12.9,814
16:35:00,1056,233,5.74,236,13,820
16:40:00,1056,233,5.74,217,12.6,839
16:45:00,1050,233,5.74,160,12.5,890
16:50:00,1053,233,5.73,138,12.6,915
16:55:00,1060,233,5.73,93,12.5,967
17:00:00,1055,232,5.72,67,12.4,988
17:05:00,1056,232,5.73,55,12.4,1001
17:10:00,1055,233,5.73,46,12.4,1009
17:15:00,1052,232,5.72,36,12.2,1016
17:20:00,1054,232,5.73,19,12.1,1035
17:25:00,1048,232,5.73,0,12,1048
17:30:00,1054,233,5.73,0,11.8,1054
17:35:00,1058,232,5.73,0,11.8,1058
17:40:00,1052,232,5.72,0,11.8,1052
17:45:00,1051,232,5.72,0,11.9,1051
17:50:00,1049,232,5.73,0,11.7,1049
17:55:00,1056,232,5.73,0,11.5,1056
18:00:00,1054,232,5.72,0,11.5,1054
18:05:00,1053,231,5.73,0,11.2,1053
18:10:00,1052,231,5.73,0,11.3,1052
18:15:00,1042,231,5.73,0,11.3,1042
18:20:00,1065,231,5.89,0,11.2,1065
18:25:00,1079,231,6.39,0,11.1,1079
18:30:00,1043,232,5.73,0,11,1043
18:35:00,1039,233,5.73,0,11.1,1039
18:40:00,1042,232,5.73,0,11.2,1042
18:45:00,1228,232,6.76,0,11.2,1228
18:50:00,1453,232,7.72,0,10.9,1453
18:55:00,1131,231,6.26,0,11,1131
19:00:00,1060,231,5.72,0,11.1,1060
19:05:00,1052,231,5.72,0,10.9,1052
19:10:00,1050,231,5.72,0,10.9,1050
19:15:00,1050,231,5.72,0,10.9,1050
19:20:00,1050,231,5.72,0,10.8,1050
19:25:00,1049,231,5.72,0,10.8,1049
19:30:00,1051,231,5.73,0,10.7,1051
19:35:00,1049,231,5.72,0,10.7,1049
19:40:00,1056,231,5.72,0,10.8,1056
19:45:00,1052,232,5.73,0,10.7,1052
19:50:00,1050,232,5.73,0,10.7,1050
19:55:00,1072,232,5.72,0,10.6,1072
20:00:00,1052,232,5.72,0,10.6,1052
20:05:00,1054,232,5.72,0,10.5,1054
20:10:00,1051,233,5.73,0,10.5,1051
20:15:00,1057,234,5.73,0,10.5,1057
20:20:00,1057,233,5.74,0,10.6,1057
20:25:00,1059,234,5.73,0,10.5,1059
20:30:00,1056,235,5.73,0,10.4,1056
20:35:00,1055,235,5.73,0,10.2,1055
20:40:00,1055,235,5.73,0,10.2,1055
20:45:00,1051,235,5.73,0,10.2,1051
20:50:00,1053,234,5.72,0,10.3,1053
20:55:00,1065,233,5.73,0,10.3,1065
21:00:00,1061,233,5.73,0,10.3,1061
21:05:00,1060,231,5.72,0,10.3,1060
21:10:00,1057,231,5.72,0,10.3,1057
21:15:00,1053,231,5.73,0,10.3,1053
21:20:00,1058,231,5.73,0,10.2,1058
21:25:00,1058,232,5.72,0,10.1,1058
21:30:00,1057,231,5.72,0,10.2,1057
21:35:00,1053,232,5.72,0,10.2,1053
21:40:00,1053,232,5.73,0,10.3,1053
21:45:00,1058,232,5.73,0,10.2,1058
21:50:00,1061,233,5.73,0,10.2,1061
21:55:00,1061,232,5.73,0,10.3,1061
22:00:00,1049,232,5.72,0,10.2,1049
22:05:00,1050,231,5.72,0,10.2,1050
22:10:00,1057,231,5.72,0,10.2,1057
22:15:00,1053,231,5.72,0,10.3,1053
22:20:00,1050,231,5.72,0,10.2,1050
22:25:00,1048,231,5.72,0,10.2,1048
22:30:00,1055,231,5.72,0,10.2,1055
22:35:00,1054,231,5.73,0,10.2,1054
22:40:00,1063,232,5.73,0,10.1,1063
22:45:00,1066,231,5.82,0,10.1,1066
22:50:00,1057,231,5.72,0,10.1,1057
22:55:00,1070,231,5.72,0,10.2,1070
23:00:00,1061,232,5.72,0,10,1061
23:05:00,1059,231,5.72,0,9.9,1059
23:10:00,1060,231,5.82,0,9.9,1060
23:15:00,1054,231,5.82,0,10,1054
23:20:00,1061,231,5.82,0,9.9,1061
23:25:00,1064,232,5.73,0,9.8,1064
23:30:00,1057,231,5.73,0,9.8,1057
23:35:00,1056,230,5.73,0,9.9,1056
23:40:00,1057,230,5.73,0,10,1057
23:45:00,1051,231,5.73,0,9.9,1051
23:50:00,1049,231,5.72,0,9.9,1049
23:55:00,1057,231,5.73,0,10,1057
0:00:00,1057,231,5.73,0,10,1057
0:05:00,1061,231,5.73,0,10.2,1061
0:10:00,1055,231,5.73,0,10.1,1055
0:15:00,1057,231,5.73,0,10,1057
0:20:00,1054,232,5.73,0,10,1054
0:25:00,1058,232,5.73,0,9.9,1058
0:30:00,1059,232,5.73,0,9.8,1059
0:35:00,1057,232,5.73,0,9.8,1057
0:40:00,1060,233,5.73,0,9.7,1060
0:45:00,1050,233,5.73,0,9.8,1050
0:50:00,1056,233,5.73,0,9.7,1056
0:55:00,1058,232,5.73,0,9.8,1058
1:00:00,1066,232,5.73,0,9.9,1066
1:05:00,1058,233,5.73,0,9.8,1058
1:10:00,1058,233,5.73,0,9.7,1058
1:15:00,1054,233,5.73,0,9.7,1054
1:20:00,1051,233,5.73,0,9.7,1051
1:25:00,1055,234,5.73,0,9.6,1055
1:30:00,1056,232,5.73,0,9.6,1056
1:35:00,1059,232,5.73,0,9.4,1059
1:40:00,1055,232,5.73,0,9.3,1055
1:45:00,1054,232,5.73,0,9.3,1054
1:50:00,1055,233,5.74,0,9.3,1055
1:55:00,1055,233,5.73,0,9.3,1055
2:00:00,1057,232,5.73,0,9.4,1057
2:05:00,1058,233,5.73,0,9.2,1058
2:10:00,1055,233,5.73,0,9.2,1055
2:15:00,1049,231,5.73,0,9.2,1049
2:20:00,1059,231,5.73,0,9.2,1059
2:25:00,1048,231,5.74,0,9.3,1048
2:30:00,1052,232,5.73,0,9.3,1052
2:35:00,1059,232,5.73,0,9.4,1059
2:40:00,1050,232,5.73,0,9.4,1050
2:45:00,1055,232,5.73,0,9.4,1055
2:50:00,1053,232,5.73,0,9.2,1053
2:55:00,1061,233,5.73,0,8.9,1061
3:00:00,1061,233,5.74,0,8.8,1061
3:05:00,1062,233,5.73,0,8.8,1062
3:10:00,1054,232,5.73,0,8.8,1054
3:15:00,1056,232,5.73,0,8.8,1056
3:20:00,1058,232,5.73,0,8.9,1058
3:25:00,1050,232,5.73,0,9,1050
3:30:00,1056,233,5.73,0,9,1056
3:35:00,1052,232,5.73,0,8.9,1052
3:40:00,1056,233,5.73,0,8.9,1056
3:45:00,1054,233,5.73,0,8.9,1054
3:50:00,1056,232,5.73,0,8.9,1056
3:55:00,1052,232,5.74,0,9.1,1052
4:00:00,1072,233,5.74,0,9.1,1072
4:05:00,1073,233,5.74,0,9.1,1073
4:10:00,1053,233,5.73,0,9,1053
4:15:00,1054,233,5.73,0,8.9,1054
4:20:00,1078,233,5.83,0,9,1078
4:25:00,1070,233,5.74,0,9,1070
4:30:00,1048,233,5.74,0,9,1048
4:35:00,1053,233,5.74,0,9,1053
4:40:00,1055,232,5.74,0,9,1055
4:45:00,1058,233,5.73,0,9.1,1058
4:50:00,1050,233,5.73,0,9.1,1050
4:55:00,1045,233,5.73,0,9,1045
5:00:00,1050,233,5.73,0,9,1050
5:05:00,1049,233,5.73,0,8.9,1049
5:10:00,1048,233,5.73,0,8.9,1048
5:15:00,1048,233,5.73,0,8.9,1048
5:20:00,1057,233,5.73,0,9,1057
5:25:00,1051,232,5.73,0,8.9,1051
5:30:00,1058,233,5.73,0,8.9,1058
5:35:00,1054,233,5.73,0,8.9,1054
5:40:00,1051,233,5.73,0,8.8,1051
5:45:00,1057,232,5.73,0,8.8,1057
5:50:00,1054,233,5.73,0,8.9,1054
5:55:00,1053,233,5.73,0,8.8,1053
6:00:00,1053,234,5.73,0,8.8,1053
6:05:00,1059,233,5.73,0,8.8,1059
6:10:00,1053,233,5.73,0,8.8,1053
6:15:00,1051,233,5.73,0,8.7,1051
6:20:00,1052,233,5.73,0,8.8,1052
6:25:00,1057,233,5.73,0,8.6,1057
6:30:00,1049,233,5.73,0,8.4,1049
6:35:00,1049,233,5.73,0,8.4,1049
6:40:00,1044,233,5.73,0,8.4,1044
6:45:00,1046,233,5.73,0,8.3,1046
6:50:00,1048,233,5.73,0,8.3,1048
6:55:00,1057,233,5.74,0,8.2,1057
7:00:00,1053,233,5.74,0,8.1,1053
7:05:00,1052,233,5.74,0,8.1,1052
7:10:00,1044,233,5.74,0,8.1,1044
7:15:00,1048,233,5.73,0,8.1,1048
7:20:00,1045,233,5.73,0,7.9,1045
7:25:00,1048,234,5.74,0,7.9,1048
7:30:00,1054,233,5.73,0,7.9,1054
7:35:00,1047,233,5.73,0,7.9,1047
7:40:00,1053,233,5.74,0,7.9,1053
7:45:00,1049,233,5.74,0,8,1049
7:50:00,1052,233,5.74,0,8,1052
7:55:00,1049,233,5.75,0,8,1049
8:00:00,1047,233,5.74,0,8,1047
8:05:00,1045,234,5.74,0,8,1045
8:10:00,1054,234,5.73,0,8.1,1054
8:15:00,1047,234,5.74,47,8,1000
8:20:00,1045,234,5.73,62,8.1,983
8:25:00,1051,234,5.74,75,8.1,976
8:30:00,1046,234,5.74,87,8.1,959
8:35:00,1048,234,5.74,98,8.2,950
8:40:00,1047,233,5.74,108,8.2,939
8:45:00,1047,233,5.74,124,8.2,923
8:50:00,1054,233,5.74,209,8.3,845
8:55:00,1048,233,5.73,186,8.4,862
9:00:00,1047,233,5.74,145,8.4,902
9:05:00,1043,233,5.74,152,8.4,891
9:10:00,1041,233,5.73,171,8.5,870
9:15:00,1047,233,5.74,184,8.6,863
9:20:00,1051,233,5.74,188,8.6,863
9:25:00,1052,233,5.74,195,8.7,857
9:30:00,1041,233,5.74,210,8.7,831
9:35:00,1042,232,5.74,224,8.7,818
9:40:00,1048,232,5.73,251,8.8,797
9:45:00,1038,232,5.73,362,8.9,676
9:50:00,1049,232,5.73,422,9.2,627
9:55:00,1045,232,5.73,615,9.6,430
10:00:00,1045,232,5.73,526,10.3,519
10:05:00,1054,232,5.74,951,10.8,103
10:10:00,1044,231,5.74,1056,11.4,-12
10:15:00,1044,231,5.73,729,11.9,315
10:20:00,1039,231,5.74,624,12.1,415
10:25:00,1039,231,5.73,610,12.3,429
10:30:00,1048,231,5.73,732,12.6,316
10:35:00,1046,231,5.72,1083,12.9,-37
10:40:00,1044,231,5.72,884,13,160
10:45:00,1044,231,5.73,1089,13,-45
10:50:00,1051,231,5.73,1087,13.2,-36
10:55:00,1048,231,5.74,968,13.1,80
11:00:00,1045,231,5.73,853,13,192
11:05:00,1045,230,5.74,1103,12.9,-58
11:10:00,1048,230,5.74,1321,13.2,-273
11:15:00,1045,230,5.73,1110,13.1,-65
11:20:00,1043,230,5.73,1508,12.9,-465
11:25:00,1045,230,5.73,1539,13,-494
11:30:00,1048,230,5.63,780,13,268
11:35:00,1048,231,5.73,1237,12.7,-189
11:40:00,1044,233,5.74,1367,12.3,-323
11:45:00,1047,233,5.74,1056,12.3,-9
11:50:00,1046,233,5.73,460,12.4,586
11:55:00,1050,233,5.73,411,12.6,639
12:00:00,1052,233,5.73,511,12.7,541
12:05:00,1048,234,5.63,1267,12.6,-219
12:10:00,1050,234,5.74,1504,12.7,-454
12:15:00,1051,234,5.74,1199,12.8,-148
12:20:00,1060,234,5.84,1291,12.7,-231
12:25:00,1060,234,5.84,1334,12.9,-274
12:30:00,1066,233,5.84,2823,12.9,-1757
12:35:00,1058,234,5.84,1293,13,-235
12:40:00,1068,234,5.84,784,13,284
12:45:00,1050,234,5.73,506,13,544
12:50:00,1044,234,5.74,427,13.2,617
12:55:00,1043,234,5.73,565,13.2,478
13:00:00,1043,234,5.73,768,13.2,275
13:05:00,1051,234,5.74,1589,13.2,-538
13:10:00,1049,235,5.74,2140,13.3,-1091
13:15:00,1054,234,5.74,1692,13.5,-638
13:20:00,1073,234,5.84,1020,13.5,53
13:25:00,1371,234,7.21,912,13.5,459
13:30:00,1168,234,6.11,1387,13.6,-219
13:35:00,1049,234,5.74,1212,13.7,-163
13:40:00,1048,234,5.74,746,13.6,302
13:45:00,1043,234,5.75,609,13.7,434
13:50:00,1044,234,5.75,605,13.6,439
13:55:00,1047,235,5.75,572,13.8,475
14:00:00,1052,235,5.78,607,14,445
14:05:00,1050,235,5.74,804,14,246
14:10:00,1050,235,5.74,845,14.2,205
14:15:00,1047,235,5.74,764,14.1,283
14:20:00,1050,235,5.74,642,14,408
14:25:00,1051,236,5.74,535,14,516
14:30:00,1052,235,5.74,658,14,394
14:35:00,1053,233,5.74,743,14.1,310
14:40:00,1049,233,5.75,418,14.2,631
14:45:00,1050,233,5.75,397,14.3,653
14:50:00,1052,234,5.74,416,14.2,636
14:55:00,1051,234,5.74,396,14.2,655
15:00:00,1049,234,5.74,342,14.3,707
15:05:00,1045,234,5.73,345,14.4,700
15:10:00,1049,234,5.73,359,14.5,690
15:15:00,1047,233,5.74,352,14.5,695
15:20:00,1048,234,5.74,360,14.5,688
15:25:00,1050,234,5.74,417,14.4,633
15:30:00,1056,234,5.74,509,14.4,547
15:35:00,1056,234,5.75,688,14.5,368
15:40:00,1056,234,5.75,692,14.5,364
15:45:00,1047,234,5.74,559,14.4,488
15:50:00,1047,234,5.74,652,14.3,395
15:55:00,1046,234,5.74,643,14.4,403
16:00:00,1049,233,5.74,502,14.2,547
16:05:00,1051,234,5.75,324,14,727
16:10:00,1043,233,5.75,265,13.9,778
16:15:00,1045,233,5.74,239,13.8,806
16:20:00,1048,233,5.74,228,13.8,820
16:25:00,1048,233,5.73,217,13.7,831
16:30:00,1047,233,5.73,166,13.8,881
16:35:00,1049,233,5.73,134,13.7,915
16:40:00,1057,233,5.74,127,13.7,930
16:45:00,1049,233,5.74,124,13.6,925
16:50:00,1046,233,5.74,98,13.5,948
16:55:00,1048,232,5.74,122,13.3,926
17:00:00,1047,232,5.73,114,13.2,933
17:05:00,1049,232,5.73,86,13,963
17:10:00,1049,231,5.73,128,12.8,921
17:15:00,1049,231,5.72,83,12.6,966
17:20:00,1051,231,5.72,6,12.4,1045
17:25:00,1058,230,5.95,0,12.3,1058
17:30:00,1070,230,6.12,0,12.2,1070
17:35:00,1061,229,6.05,0,12.1,1061
17:40:00,1083,232,6.3,0,12,1083
17:45:00,1069,234,6.04,0,12,1069
17:50:00,1086,234,6.44,0,11.8,1086
17:55:00,1079,234,6.34,0,11.6,1079
18:00:00,1093,235,6.46,0,11.7,1093
18:05:00,1067,234,6.06,0,11.7,1067
18:10:00,1050,233,5.92,0,11.5,1050
18:15:00,1039,233,5.72,0,11.3,1039
18:20:00,1048,233,5.73,0,11.2,1048
18:25:00,1046,233,5.73,0,11.1,1046
18:30:00,1047,233,5.73,0,10.9,1047
18:35:00,1045,232,5.73,0,10.9,1045
18:40:00,1048,232,5.73,0,10.8,1048
18:45:00,1046,232,5.72,0,10.8,1046
18:50:00,1050,232,5.73,0,10.6,1050
18:55:00,1039,232,5.72,0,10.5,1039
19:00:00,1051,232,5.72,0,10.4,1051
19:05:00,1049,232,5.73,0,10.4,1049
19:10:00,1050,232,5.73,0,10.4,1050
19:15:00,1048,232,5.73,0,10.4,1048
19:20:00,1051,232,5.73,0,10.3,1051
19:25:00,1047,231,5.73,0,10.2,1047
19:30:00,1050,231,5.72,0,10.2,1050
19:35:00,1046,231,5.72,0,10.3,1046
19:40:00,1051,231,5.71,0,10.2,1051
19:45:00,1047,231,5.72,0,10.1,1047
19:50:00,1045,231,5.72,0,10.2,1045
19:55:00,1046,231,5.73,0,10.1,1046
20:00:00,1048,231,5.73,0,9.9,1048
20:05:00,1049,231,5.73,0,9.8,1049
20:10:00,1053,231,5.73,0,9.7,1053
20:15:00,1055,231,5.72,0,9.6,1055
20:20:00,1048,231,5.73,0,9.6,1048
20:25:00,1050,231,5.78,0,9.7,1050
20:30:00,1058,231,5.85,0,9.6,1058
20:35:00,1045,231,5.73,0,9.4,1045
20:40:00,1048,231,5.72,0,9.4,1048
20:45:00,1052,231,5.73,0,9.3,1052
20:50:00,1051,231,5.72,0,9.4,1051
20:55:00,1054,231,5.72,0,9.3,1054
21:00:00,1046,232,5.72,0,9.3,1046
21:05:00,1053,232,5.72,0,9.2,1053
21:10:00,1042,231,5.72,0,9.2,1042
21:15:00,1049,232,5.72,0,9.1,1049
21:20:00,1044,232,5.72,0,9.1,1044
21:25:00,1051,232,5.73,0,9.1,1051
21:30:00,1049,232,5.73,0,9.1,1049
21:35:00,1048,232,5.73,0,9.1,1048
21:40:00,1051,232,5.73,0,9,1051
21:45:00,1048,233,5.72,0,8.9,1048
21:50:00,1046,232,5.72,0,8.8,1046
21:55:00,1049,233,5.72,0,8.8,1049
22:00:00,1044,233,5.72,0,8.8,1044
22:05:00,1053,233,5.73,0,8.7,1053
22:10:00,1046,232,5.72,0,8.7,1046
22:15:00,1048,231,5.73,0,8.6,1048
22:20:00,1041,232,5.73,0,8.6,1041
22:25:00,1048,232,5.73,0,8.6,1048
22:30:00,1042,232,5.73,0,8.6,1042
22:35:00,1045,232,5.73,0,8.6,1045
22:40:00,1044,233,5.73,0,8.5,1044
22:45:00,1049,233,5.72,0,8.4,1049
22:50:00,1045,234,5.72,0,8.5,1045
22:55:00,1045,233,5.73,0,8.5,1045
23:00:00,1043,232,5.72,0,8.5,1043
23:05:00,1047,232,5.73,0,8.4,1047
23:10:00,1053,232,5.73,0,8.4,1053
23:15:00,1046,232,5.72,0,8.3,1046
23:20:00,1049,232,5.72,0,8.2,1049
23:25:00,1052,232,5.72,0,8.2,1052
23:30:00,1048,232,5.73,0,8.2,1048
23:35:00,1043,233,5.73,0,8.1,1043
23:40:00,1050,232,5.73,0,8.1,1050
23:45:00,1051,233,5.73,0,8,1051
23:50:00,1049,233,5.73,0,8,1049
23:55:00,1048,234,5.73,0,8,1048
0:00:00,1050,232,5.73,0,7.9,1050
0:05:00,1051,231,5.72,0,7.8,1051
0:10:00,1044,231,5.72,0,7.9,1044
0:15:00,1057,232,5.92,0,7.9,1057
0:20:00,1047,232,5.72,0,7.9,1047
0:25:00,1052,232,5.72,0,7.9,1052
0:30:00,1051,233,5.73,0,7.8,1051
0:35:00,1056,233,5.73,0,7.7,1056
0:40:00,1050,233,5.73,0,7.7,1050
0:45:00,1053,232,5.73,0,7.7,1053
0:50:00,1052,233,5.73,0,7.7,1052
0:55:00,1050,233,5.73,0,7.7,1050
1:00:00,1052,233,5.76,0,7.7,1052
1:05:00,1043,233,5.72,0,7.6,1043
1:10:00,1049,233,5.72,0,7.6,1049
1:15:00,1044,233,5.73,0,7.5,1044
1:20:00,1048,233,5.73,0,7.5,1048
1:25:00,1054,233,5.73,0,7.6,1054
1:30:00,1053,233,5.73,0,7.6,1053
1:35:00,1050,233,5.73,0,7.6,1050
1:40:00,1050,233,5.73,0,7.6,1050
1:45:00,1053,233,5.73,0,7.7,1053
1:50:00,1049,233,5.73,0,7.7,1049
1:55:00,1049,234,5.73,0,7.7,1049
2:00:00,1049,233,5.73,0,7.7,1049
2:05:00,1049,232,5.73,0,7.7,1049
2:10:00,1049,232,5.73,0,7.7,1049
2:15:00,1047,231,5.72,0,7.6,1047
2:20:00,1043,231,5.72,0,7.6,1043
2:25:00,1043,231,5.72,0,7.5,1043
2:30:00,1044,231,5.72,0,7.4,1044
2:35:00,1043,231,5.72,0,7.2,1043
2:40:00,1042,232,5.72,0,7.3,1042
2:45:00,1050,232,5.73,0,7.3,1050
2:50:00,1042,231,5.73,0,7.2,1042
2:55:00,1048,231,5.73,0,7.2,1048
3:00:00,1051,231,5.73,0,7.1,1051
3:05:00,1047,232,5.73,0,7.2,1047
3:10:00,1049,231,5.73,0,7.1,1049
3:15:00,1053,231,5.72,0,7,1053
3:20:00,1050,231,5.72,0,7,1050
3:25:00,1042,231,5.72,0,7,1042
3:30:00,1045,231,5.72,0,7,1045
3:35:00,1047,232,5.62,0,7,1047
3:40:00,1042,231,5.73,0,7,1042
3:45:00,1052,231,5.73,0,7,1052
3:50:00,1052,231,5.72,0,6.9,1052
3:55:00,1048,231,5.72,0,7,1048
4:00:00,1040,231,5.72,0,7.1,1040
4:05:00,1041,232,5.73,0,7,1041
4:10:00,1047,232,5.73,0,7.1,1047
4:15:00,1050,232,5.73,0,7.2,1050
4:20:00,1052,232,5.73,0,7.1,1052
4:25:00,1044,232,5.73,0,7,1044
4:30:00,1047,232,5.72,0,7.1,1047
4:35:00,1055,232,5.72,0,7,1055
4:40:00,1046,232,5.72,0,7,1046
4:45:00,1058,232,5.73,0,7,1058
4:50:00,1062,232,5.72,0,6.8,1062
4:55:00,1049,232,5.73,0,6.8,1049
5:00:00,1053,233,5.73,0,6.8,1053
5:05:00,1049,234,5.74,0,6.8,1049
5:10:00,1052,234,5.73,0,6.7,1052
5:15:00,1054,234,5.73,0,6.7,1054
5:20:00,1049,234,5.73,0,6.7,1049
5:25:00,1051,233,5.73,0,6.7,1051
5:30:00,1054,234,5.73,0,6.6,1054
5:35:00,1045,233,5.73,0,6.5,1045
5:40:00,1049,234,5.73,0,6.5,1049
5:45:00,1046,234,5.73,0,6.5,1046
5:50:00,1046,234,5.73,0,6.5,1046
5:55:00,1048,234,5.73,0,6.4,1048
6:00:00,1052,234,5.73,0,6.4,1052
6:05:00,1048,233,5.73,0,6.4,1048
6:10:00,1045,233,5.73,0,6.3,1045
6:15:00,1046,232,5.63,0,6.3,1046
6:20:00,1042,232,5.72,0,6.2,1042
6:25:00,1045,231,5.72,0,6.1,1045
6:30:00,1050,231,5.73,0,6.2,1050
6:35:00,1047,231,5.72,0,6.1,1047
6:40:00,1048,231,5.72,0,6.1,1048
6:45:00,1040,231,5.73,0,6.1,1040
6:50:00,1044,231,5.72,0,6.1,1044
6:55:00,1036,231,5.72,0,6.2,1036
7:00:00,1041,231,5.73,0,6.2,1041
7:05:00,1048,235,5.74,0,6.1,1048
7:10:00,1052,235,5.74,0,6,1052
7:15:00,1046,234,5.74,0,6.1,1046
7:20:00,1043,234,5.74,0,6,1043
7:25:00,1041,234,5.73,0,6,1041
7:30:00,1047,233,5.73,0,5.9,1047
7:35:00,1243,232,6.33,0,6.1,1243
7:40:00,1346,232,6.93,0,6,1346
7:45:00,1347,233,6.93,0,6,1347
7:50:00,1345,233,6.93,0,6,1345
7:55:00,1344,232,6.92,0,6.1,1344
8:00:00,1344,232,6.93,0,6.1,1344
8:05:00,1459,232,7.22,0,6.2,1459
8:10:00,1568,231,7.83,0,6.1,1568
8:15:00,1557,231,7.83,49,6.3,1508
8:20:00,1562,231,7.83,61,6.4,1501
8:25:00,1566,231,7.83,77,6.3,1489
8:30:00,1562,231,7.83,100,6.4,1462
8:35:00,1562,232,7.83,122,6.5,1440
8:40:00,1568,231,7.82,136,6.7,1432
8:45:00,1533,230,7.62,156,6.6,1377
8:50:00,1372,231,6.95,188,6.6,1184
8:55:00,1548,230,7.59,233,6.8,1315
9:00:00,1883,228,9.16,282,6.8,1601
9:05:00,1702,227,8.42,326,6.8,1376
9:10:00,1704,227,8.52,348,6.9,1356
9:15:00,1705,227,8.42,351,7,1354
9:20:00,1708,227,8.42,377,7.2,1331
9:25:00,2556,226,12.22,315,7.4,2241
9:30:00,4722,223,21.83,319,7.3,4403
9:35:00,4750,224,21.93,458,7.3,4292
9:40:00,4738,224,21.93,468,7.1,4270
9:45:00,4852,224,22.53,545,7.4,4307
9:50:00,4767,224,22.23,653,7.7,4114
9:55:00,5039,223,23.47,645,7.9,4394
10:00:00,6169,223,28.09,670,8.3,5499
10:05:00,6233,223,28.23,731,8.6,5502
10:10:00,8273,222,36.86,798,8.7,7475
10:15:00,9139,222,39.9,765,8.8,8374
10:20:00,8521,224,36.94,763,9.1,7758
10:25:00,7736,224,33.7,926,9.2,6810
10:30:00,7755,224,33.74,915,9.2,6840
10:35:00,7433,223,32.83,867,9.4,6566
10:40:00,7570,224,33.03,721,9.4,6849
10:45:00,7503,223,32.43,848,9.5,6655
10:50:00,7345,224,31.83,977,9.4,6368
10:55:00,7243,224,31.73,935,9.5,6308
11:00:00,6934,224,31.02,1030,9.9,5904
11:05:00,7104,224,31.56,1183,10,5921
11:10:00,7370,224,33.05,1247,10.2,6123
11:15:00,7346,223,33.23,1230,10.3,6116
11:20:00,7424,224,33.53,1291,10.5,6133
11:25:00,7375,223,32.76,756,10.5,6619
11:30:00,7351,224,32.6,810,10.3,6541
11:35:00,9228,222,41.55,948,10.6,8280
11:40:00,9026,223,40.62,1130,10.6,7896
11:45:00,8580,223,38.16,1426,10.6,7154
11:50:00,8648,222,38.19,1893,10.8,6755
11:55:00,7406,222,32.89,1976,10.8,5430
12:00:00,5841,222,25.92,2003,10.9,3838
12:05:00,7593,222,33.9,1716,11.1,5877
12:10:00,7626,224,33.73,1780,11.1,5846
12:15:00,8367,223,36.83,1623,11.3,6744
12:20:00,6607,225,28.93,1868,11.3,4739
12:25:00,5823,225,25.55,1779,11.4,4044
12:30:00,4997,226,22.09,1729,11.5,3268
12:35:00,4814,226,21.03,1855,11.7,2959
12:40:00,3941,226,17.93,1763,11.9,2178
12:45:00,3275,225,15.63,1761,12,1514
12:50:00,3834,226,18.34,2071,12.1,1763
12:55:00,6147,224,27.83,2021,12.2,4126
13:00:00,6805,225,29.83,1892,12.4,4913
13:05:00,6331,225,28.27,1712,12.4,4619
13:10:00,5496,223,25.54,1473,12.4,4023
13:15:00,5510,224,25.63,1661,12.4,3849
13:20:00,5578,223,25.93,1582,12.1,3996
13:25:00,5796,224,26.53,1228,12.3,4568
13:30:00,5711,224,26.43,1353,12.5,4358
13:35:00,5778,224,26.63,1509,12.7,4269
13:40:00,6173,224,28.27,1537,12.6,4636
13:45:00,7439,224,32.74,1450,12.7,5989
13:50:00,7926,224,34.44,1291,12.9,6635
13:55:00,7777,224,33.73,1107,12.8,6670
14:00:00,8059,224,34.93,976,12.9,7083
14:05:00,7762,225,33.78,890,12.9,6872
14:10:00,7804,225,34.07,902,13,6902
14:15:00,7768,223,33.97,871,13.1,6897
14:20:00,7947,225,34.58,852,13.3,7095
14:25:00,8081,224,35.37,812,13.5,7269
14:30:00,7850,225,34.63,778,13.4,7072
14:35:00,7550,225,33.54,711,13.5,6839
14:40:00,7694,225,34.41,667,13.6,7027
14:45:00,6967,226,30.9,672,13.7,6295
14:50:00,6691,225,30.07,680,13.6,6011
14:55:00,6788,226,30.24,678,13.7,6110
15:00:00,6820,226,30.34,657,13.8,6163
15:05:00,6699,225,30.27,637,13.8,6062
15:10:00,6759,226,30.45,664,13.7,6095
15:15:00,6697,226,30.27,717,13.8,5980
15:20:00,6686,225,30.29,759,13.9,5927
15:25:00,7583,226,33.62,753,14,6830
15:30:00,7938,226,34.99,719,14,7219
15:35:00,7963,226,35.19,674,13.9,7289
15:40:00,8075,227,35.3,631,14,7444
15:45:00,7550,228,32.96,592,14,6958
15:50:00,6804,228,30.24,573,14,6231
15:55:00,7465,228,32.97,557,14,6908
16:00:00,7248,227,32.09,534,14.2,6714
16:05:00,7346,227,32.5,477,14.2,6869
16:10:00,7343,227,32.37,429,14.1,6914
16:15:00,7131,227,31.61,391,14.1,6740
16:20:00,6718,226,29.87,359,14.2,6359
16:25:00,5973,228,26.72,321,14.2,5652
16:30:00,6528,228,28.73,278,14.1,6250
16:35:00,5614,229,24.93,250,14,5364
16:40:00,6640,228,29.42,225,14,6415
16:45:00,6194,228,27.64,206,14,5988
16:50:00,7686,228,32.91,182,13.8,7504
16:55:00,6817,228,29.38,147,13.7,6670
17:00:00,5641,228,25.11,118,13.7,5523
17:05:00,5634,227,25.1,93,13.5,5541
17:10:00,5456,227,24.46,76,13.3,5380
17:15:00,4592,228,20.42,61,13.2,4531
17:20:00,3035,230,14.32,49,13.2,2986
17:25:00,2999,229,14.13,15,13,2984
17:30:00,2974,229,14.02,0,12.8,2974
17:35:00,2991,228,14.12,0,12.7,2991
17:40:00,3020,229,14.33,0,12.6,3020
17:45:00,2883,230,13.72,0,12.6,2883
17:50:00,2732,230,13.12,0,12.5,2732
17:55:00,2648,229,12.79,0,12.3,2648
18:00:00,2329,229,11.06,0,12.2,2329
18:05:00,2139,230,10.42,0,12.1,2139
18:10:00,4611,229,21.02,0,11.9,4611
18:15:00,4741,229,21.58,0,11.9,4741
18:20:00,4834,231,21.92,0,11.7,4834
18:25:00,4836,231,21.93,0,11.6,4836
18:30:00,4771,232,21.52,0,11.6,4771
18:35:00,4539,233,20.44,0,11.5,4539
18:40:00,3471,232,15.85,0,11.4,3471
18:45:00,2733,233,12.76,0,11.2,2733
18:50:00,2186,233,10.18,0,11.1,2186
18:55:00,1706,233,8.15,0,11.1,1706
19:00:00,1668,232,8.13,0,11,1668
19:05:00,1633,232,7.83,0,10.9,1633
19:10:00,1621,232,7.83,0,10.8,1621
19:15:00,1617,233,7.93,0,10.8,1617
19:20:00,1607,232,7.93,0,10.6,1607
19:25:00,1610,231,7.82,0,10.5,1610
19:30:00,1614,231,7.92,0,10.5,1614
19:35:00,1620,232,8.02,0,10.5,1620
19:40:00,1635,232,8.02,0,10.4,1635
19:45:00,1615,232,7.92,0,10.4,1615
19:50:00,1611,232,7.92,0,10.3,1611
19:55:00,1618,232,7.92,0,10.2,1618
20:00:00,1326,233,6.72,0,10.2,1326
20:05:00,1070,233,5.83,0,10.1,1070
20:10:00,1042,234,5.72,0,10,1042
20:15:00,1046,234,5.72,0,10,1046
20:20:00,1041,234,5.72,0,10,1041
20:25:00,1037,234,5.72,0,9.9,1037
20:30:00,1040,234,5.72,0,9.9,1040
20:35:00,1047,234,5.72,0,9.8,1047
20:40:00,1042,234,5.72,0,9.8,1042
20:45:00,1040,235,5.73,0,9.7,1040
20:50:00,1046,235,5.72,0,9.7,1046
20:55:00,1058,235,5.73,0,9.8,1058
21:00:00,1060,232,5.72,0,9.9,1060
21:05:00,1041,231,5.72,0,9.8,1041
21:10:00,1034,231,5.72,0,9.7,1034
21:15:00,1053,231,5.72,0,9.6,1053
21:20:00,1038,231,5.72,0,9.6,1038
21:25:00,1041,231,5.72,0,9.5,1041
21:30:00,1043,231,5.72,0,9.5,1043
21:35:00,1041,232,5.72,0,9.4,1041
21:40:00,1039,231,5.72,0,9.4,1039
21:45:00,1036,231,5.72,0,9.3,1036
21:50:00,1035,231,5.72,0,9.2,1035
21:55:00,1036,231,5.72,0,9.1,1036
22:00:00,1043,231,5.72,0,9.1,1043
22:05:00,1043,231,5.72,0,8.9,1043
22:10:00,1042,232,5.73,0,8.9,1042
22:15:00,1038,232,5.62,0,8.7,1038
22:20:00,1036,231,5.72,0,8.7,1036
22:25:00,1036,231,5.72,0,8.6,1036
22:30:00,1041,232,5.72,0,8.6,1041
22:35:00,1041,232,5.72,0,8.6,1041
22:40:00,1040,232,5.72,0,8.6,1040
22:45:00,1042,232,5.76,0,8.5,1042
22:50:00,1037,231,5.72,0,8.7,1037
22:55:00,1040,231,5.62,0,8.6,1040
23:00:00,1040,231,5.73,0,8.5,1040
23:05:00,1038,231,5.72,0,8.5,1038
23:10:00,1040,231,5.72,0,8.4,1040
23:15:00,1031,232,5.72,0,8.4,1031
23:20:00,1038,232,5.72,0,8.4,1038
23:25:00,1034,232,5.72,0,8.4,1034
23:30:00,1040,232,5.73,0,8.4,1040
23:35:00,1052,232,5.72,0,8.5,1052
23:40:00,1043,232,5.73,0,8.6,1043
23:45:00,1041,233,5.73,0,8.6,1041
23:50:00,1049,233,5.73,0,8.5,1049
23:55:00,1040,234,5.73,0,8.4,1040
0:00:00,1039,233,5.72,0,8.3,1039
0:05:00,1040,231,5.72,0,8.3,1040
0:10:00,1044,231,5.72,0,8.2,1044
0:15:00,1036,231,5.62,0,8.2,1036
0:20:00,1031,231,5.63,0,8.1,1031
0:25:00,1029,232,5.73,0,8.1,1029
0:30:00,1038,232,5.73,0,8.1,1038
0:35:00,1042,232,5.73,0,8.1,1042
0:40:00,1039,231,5.73,0,8,1039
0:45:00,1037,232,5.72,0,8,1037
0:50:00,1038,232,5.72,0,7.9,1038
0:55:00,1036,233,5.73,0,7.8,1036
1:00:00,1035,233,5.73,0,7.8,1035
1:05:00,1038,233,5.73,0,7.8,1038
1:10:00,1034,233,5.73,0,7.8,1034
1:15:00,1034,233,5.73,0,7.8,1034
1:20:00,1049,233,5.73,0,7.9,1049
1:25:00,1040,233,5.73,0,7.8,1040
1:30:00,1044,233,5.73,0,7.7,1044
1:35:00,1033,233,5.72,0,7.7,1033
1:40:00,1032,232,5.73,0,7.7,1032
1:45:00,1040,233,5.73,0,7.6,1040
1:50:00,1037,233,5.73,0,7.6,1037
1:55:00,1038,233,5.73,0,7.6,1038
2:00:00,1034,233,5.73,0,7.5,1034
2:05:00,1035,233,5.73,0,7.5,1035
2:10:00,1038,232,5.72,0,7.5,1038
2:15:00,1045,231,5.73,0,7.6,1045
2:20:00,1036,231,5.73,0,7.6,1036
2:25:00,1031,231,5.72,0,7.6,1031
2:30:00,1032,231,5.73,0,7.6,1032
2:35:00,1039,231,5.73,0,7.5,1039
2:40:00,1038,232,5.73,0,7.5,1038
2:45:00,1040,232,5.73,0,7.5,1040
2:50:00,1037,232,5.73,0,7.5,1037
2:55:00,1038,231,5.73,0,7.6,1038
3:00:00,1037,231,5.73,0,7.6,1037
3:05:00,1038,232,5.73,0,7.5,1038
3:10:00,1044,232,5.73,0,7.4,1044
3:15:00,1050,233,5.73,0,7.3,1050
3:20:00,1046,233,5.73,0,7.3,1046
3:25:00,1044,233,5.74,0,7.2,1044
3:30:00,1050,233,5.74,0,7.2,1050
3:35:00,1040,234,5.74,0,7.1,1040
3:40:00,1047,233,5.73,0,7.1,1047
3:45:00,1043,233,5.74,0,7.1,1043
3:50:00,1038,233,5.74,0,7,1038
3:55:00,1043,233,5.73,0,6.9,1043
4:00:00,1041,233,5.73,0,6.9,1041
4:05:00,1039,234,5.73,0,6.8,1039
4:10:00,1032,234,5.73,0,6.8,1032
4:15:00,1046,233,5.73,0,6.8,1046
4:20:00,1039,233,5.73,0,6.7,1039
4:25:00,1044,233,5.73,0,6.6,1044
4:30:00,1047,233,5.63,0,6.5,1047
4:35:00,1035,233,5.73,0,6.5,1035
4:40:00,1034,232,5.73,0,6.5,1034
4:45:00,1036,233,5.73,0,6.4,1036
4:50:00,1047,231,5.73,0,6.5,1047
4:55:00,1030,232,5.71,0,6.5,1030
5:00:00,1023,232,5.81,0,6.5,1023
5:05:00,1023,232,5.81,0,6.5,1023
5:10:00,1023,232,5.81,0,6.5,1023
5:15:00,1023,232,5.81,0,6.5,1023
5:20:00,1023,232,5.81,0,6.5,1023
5:25:00,1023,232,5.81,0,6.5,1023
5:30:00,1023,232,5.81,0,6.5,1023
5:35:00,1023,232,5.81,0,6.5,1023
5:40:00,1023,232,5.81,0,6.5,1023
5:45:00,1023,232,5.81,0,6.5,1023
5:50:00,1023,232,5.81,0,6.5,1023
5:55:00,1023,232,5.81,0,6.5,1023
6:00:00,0,0,0,0,0,0
6:05:00,0,0,0,0,0,0
6:10:00,0,0,0,0,0,0
6:15:00,0,0,0,0,0,0
6:20:00,0,0,0,0,0,0
6:25:00,0,0,0,0,0,0
6:30:00,0,0,0,0,0,0
6:35:00,0,0,0,0,0,0
6:40:00,0,0,0,0,0,0
6:45:00,0,0,0,0,0,0
6:50:00,0,0,0,0,0,0
6:55:00,0,0,0,0,0,0
7:00:00,0,0,0,0,0,0
7:05:00,0,0,0,0,0,0
7:10:00,0,0,0,0,0,0
7:15:00,0,0,0,0,0,0
7:20:00,0,0,0,0,0,0
7:25:00,0,0,0,0,0,0
7:30:00,0,0,0,0,0,0
7:35:00,0,0,0,0,0,0
7:40:00,0,0,0,0,0,0
7:45:00,0,0,0,0,0,0
7:50:00,0,0,0,0,0,0
7:55:00,0,0,0,0,0,0
8:00:00,0,0,0,0,0,0
8:05:00,0,0,0,0,0,0
8:10:00,0,0,0,15,0,-15
8:15:00,0,0,0,66,0,-66
8:20:00,0,0,0,91,0,-91
8:25:00,0,0,0,107,0,-107
8:30:00,0,0,0,122,0,-122
8:35:00,0,0,0,128,0,-128
8:40:00,0,0,0,144,0,-144
8:45:00,0,0,0,147,0,-147
8:50:00,0,0,0,155,0,-155
8:55:00,0,0,0,193,0,-193
9:00:00,0,0,0,235,0,-235
9:05:00,0,0,0,238,0,-238
9:10:00,0,0,0,240,0,-240
9:15:00,0,0,0,311,0,-311
9:20:00,0,0,0,328,0,-328
9:25:00,2067,102,10,287,6.9,1780
9:30:00,3216,101,15.1,238,6.8,2978
9:35:00,3980,101,18.4,208,6.9,3772
9:40:00,4287,100,19.9,191,6.9,4096
9:45:00,4607,100,21.2,215,7.1,4392
9:50:00,4464,100,20.5,232,7.3,4232
9:55:00,3378,101,15.6,233,7.7,3145
10:00:00,2676,101,12.4,235,8.4,2441
10:05:00,2701,102,12.5,214,8.9,2487
10:10:00,2674,101,12.4,214,9.4,2460
10:15:00,2746,102,12.6,216,10,2530
10:20:00,4147,100,19.2,237,10.3,3910
10:25:00,7164,222,32.32,343,10.5,6821
10:30:00,7245,222,32.53,370,10.3,6875
10:35:00,8232,222,36.49,422,10.4,7810
10:40:00,8187,222,36.23,469,10.8,7718
10:45:00,8316,224,37,670,10.9,7646
10:50:00,8464,225,37.5,781,11.1,7683
10:55:00,8411,225,37.03,805,11.2,7606
11:00:00,8425,226,36.66,825,11.4,7600
11:05:00,9446,226,41.52,872,11.5,8574
11:10:00,9641,225,42.81,888,11.4,8753
11:15:00,9646,224,42.86,890,11.6,8756
11:20:00,9738,224,43.14,967,11.9,8771
11:25:00,9727,225,43.02,1175,11.7,8552
11:30:00,9607,226,42.6,1481,11.6,8126
11:35:00,8552,226,37.9,1748,11.7,6804
11:40:00,8491,226,37.77,1694,11.6,6797
11:45:00,7459,226,33.24,1636,11.7,5823
11:50:00,6461,227,28.7,1568,12,4893
11:55:00,6606,228,29.3,1524,12,5082
12:00:00,7237,228,31.62,1492,12.1,5745
12:05:00,7064,228,31.16,1481,12.1,5583
12:10:00,6403,229,28.37,1476,12.1,4927
12:15:00,6660,229,29.45,1505,12.2,5155
12:20:00,5083,229,22.95,1474,12.3,3609
12:25:00,5211,230,23.01,1673,12.5,3538
12:30:00,6383,229,27.21,1481,12.4,4902
12:35:00,5135,230,22.72,1365,12.7,3770
12:40:00,4391,230,20.52,1137,12.8,3254
12:45:00,4653,230,21.45,1035,12.8,3618
12:50:00,4451,231,20.61,1148,12.9,3303
12:55:00,5476,231,24.86,1192,12.9,4284
13:00:00,3965,231,18.49,1405,13,2560
13:05:00,4023,232,18.74,1577,13.1,2446
13:10:00,4571,231,20.73,1583,13.2,2988
13:15:00,4666,231,20.67,1545,13.4,3121
13:20:00,4543,232,20.12,1501,13.5,3042
13:25:00,4853,230,21.64,1414,13.7,3439
13:30:00,4823,231,21.45,1182,13.7,3641
13:35:00,4796,231,21.15,1075,13.8,3721
13:40:00,5222,232,22.86,830,13.5,4392
13:45:00,5109,230,22.58,665,13.8,4444
13:50:00,4916,232,21.52,918,14.1,3998
13:55:00,4973,229,22,1029,14.3,3944
14:00:00,5146,231,22.76,754,14.3,4392
14:05:00,5084,231,22.37,485,14.4,4599
14:10:00,4815,230,21.27,520,14.5,4295
14:15:00,4962,232,21.85,472,14.4,4490
14:20:00,5033,230,22.23,447,14.3,4586
14:25:00,5123,232,22.45,433,14.5,4690
14:30:00,5366,230,23.77,421,14.6,4945
14:35:00,6899,230,30.59,387,14.6,6512
14:40:00,6983,228,31.3,375,14.8,6608
14:45:00,7180,230,31.53,381,14.8,6799
14:50:00,6885,228,30.77,394,14.6,6491
14:55:00,7230,230,31.78,380,14.7,6850
15:00:00,8156,229,35.99,315,14.9,7841
15:05:00,8377,229,36.54,274,14.9,8103
15:10:00,8350,229,36.51,290,14.9,8060
15:15:00,8196,229,35.59,286,15.2,7910
15:20:00,8166,230,35.6,286,14.9,7880
15:25:00,7296,229,32.45,283,15,7013
15:30:00,5104,232,22.62,265,15.1,4839
15:35:00,4952,232,22.03,252,15,4700
15:40:00,4879,232,21.29,255,15.1,4624
15:45:00,4898,232,21.59,267,15.2,4631
15:50:00,5120,232,22.48,273,15.1,4847
15:55:00,5074,228,22.53,278,15,4796
16:00:00,4837,226,21.68,268,15,4569
16:05:00,4820,225,21.46,280,15.1,4540
16:10:00,4463,225,20.42,269,14.9,4194
16:15:00,3907,225,18.14,256,14.9,3651
16:20:00,3746,225,17.37,211,14.9,3535
16:25:00,3675,225,16.97,177,14.8,3498
16:30:00,3896,225,18,151,14.7,3745
16:35:00,3913,225,18.21,183,14.7,3730
16:40:00,3984,225,18.5,223,14.6,3761
16:45:00,4639,225,21.04,207,14.4,4432
16:50:00,5231,224,23.87,168,14.3,5063
16:55:00,5974,224,26.66,142,14.1,5832
17:00:00,5281,222,24.08,131,13.9,5150
17:05:00,5227,224,23.37,118,13.7,5109
17:10:00,5311,226,23.88,89,13.5,5222
17:15:00,4686,226,21.11,66,13.4,4620
17:20:00,4654,227,21.31,51,13.2,4603
17:25:00,5430,226,24.65,38,13,5392
17:30:00,5532,225,24.66,12,12.8,5520
17:35:00,4418,225,20.52,0,12.7,4418
17:40:00,6079,226,27.41,0,12.6,6079
17:45:00,5600,225,25.65,0,12.4,5600
17:50:00,5335,224,24.69,0,12.3,5335
17:55:00,3774,225,17.99,0,12.3,3774
18:00:00,3519,227,16.81,0,12.1,3519
18:05:00,3970,226,18.51,0,12,3970
18:10:00,4197,227,19.4,0,11.9,4197
18:15:00,4772,227,21.3,0,11.8,4772
18:20:00,3787,227,17.28,0,11.7,3787
18:25:00,2849,228,13.23,0,11.6,2849
18:30:00,2389,228,11.29,0,11.5,2389
18:35:00,1890,228,9.12,0,11.4,1890
18:40:00,1744,227,8.62,0,11.3,1744
18:45:00,1745,228,8.62,0,11.1,1745
18:50:00,2508,227,11.71,0,11,2508
18:55:00,2833,227,13.12,0,11,2833
19:00:00,2822,227,13.12,0,10.9,2822
19:05:00,2859,229,13.22,0,10.8,2859
19:10:00,2881,229,13.22,0,10.7,2881
19:15:00,2849,228,13.22,0,10.6,2849
19:20:00,2850,229,13.22,0,10.7,2850
19:25:00,2826,228,13.12,0,10.6,2826
19:30:00,2831,229,13.02,0,10.5,2831
19:35:00,2617,229,12.33,0,10.4,2617
19:40:00,2614,229,12.22,0,10.2,2614
19:45:00,2587,229,12.22,0,10.1,2587
19:50:00,2630,230,12.32,0,10,2630
19:55:00,2614,229,12.12,0,9.9,2614
20:00:00,2471,229,11.52,0,10,2471
20:05:00,2360,229,11.02,0,9.9,2360
20:10:00,2308,230,10.72,0,9.7,2308
20:15:00,2248,229,10.62,0,9.6,2248
20:20:00,2283,230,10.72,0,9.5,2283
20:25:00,2319,230,10.92,0,9.4,2319
20:30:00,2347,230,10.92,0,9.4,2347
20:35:00,2283,229,10.82,0,9.4,2283
20:40:00,2359,231,10.92,0,9.4,2359
20:45:00,2339,231,11.02,0,9.2,2339
20:50:00,2323,231,10.92,0,9.2,2323
20:55:00,2360,232,11.03,0,9.3,2360
21:00:00,2353,231,11.02,0,9.1,2353
21:05:00,2336,231,10.93,0,9.1,2336
21:10:00,2366,232,11.02,0,9,2366
21:15:00,2321,232,10.82,0,9,2321
21:20:00,2258,231,10.62,0,8.8,2258
21:25:00,2353,234,10.72,0,8.7,2353
21:30:00,2346,234,10.82,0,8.7,2346
21:35:00,2342,233,10.82,0,8.6,2342
21:40:00,2319,230,10.72,0,8.4,2319
21:45:00,2301,230,10.72,0,8.4,2301
21:50:00,2205,231,10.72,0,8.3,2205
21:55:00,2214,231,10.72,0,8.3,2214
22:00:00,2204,231,10.82,0,8.2,2204
22:05:00,2235,231,10.82,0,8.2,2235
22:10:00,2209,231,10.72,0,8.1,2209
22:15:00,2212,231,10.72,0,8.1,2212
22:20:00,2233,232,10.82,0,8,2233
22:25:00,2199,231,10.72,0,8,2199
22:30:00,2212,231,10.72,0,8,2212
22:35:00,2239,232,10.92,0,7.9,2239
22:40:00,2202,231,10.72,0,7.7,2202
22:45:00,2228,232,10.72,0,7.7,2228
22:50:00,2233,233,10.72,0,7.7,2233
22:55:00,2189,230,10.72,0,7.6,2189
23:00:00,2209,231,10.82,0,7.6,2209
23:05:00,2221,231,10.82,0,7.7,2221
23:10:00,2223,231,10.82,0,7.7,2223
23:15:00,2221,231,10.82,0,7.6,2221
23:20:00,2205,231,10.82,0,7.6,2205
23:25:00,2217,232,10.72,0,7.5,2217
23:30:00,2205,231,10.72,0,7.4,2205
23:35:00,2226,232,10.92,0,7.5,2226
23:40:00,2231,232,10.72,0,7.4,2231
23:45:00,2188,231,10.82,0,7.3,2188
23:50:00,2219,231,10.72,0,7.2,2219
23:55:00,2204,231,10.72,0,7.2,2204
0:00:00,2208,230,10.81,0,7.2,2208
0:05:00,2206,230,10.72,0,7.2,2206
0:10:00,2207,231,10.82,0,7.2,2207
0:15:00,2253,233,10.82,0,7,2253
0:20:00,2206,232,10.82,0,7.1,2206
0:25:00,2244,233,10.92,0,7.1,2244
0:30:00,2244,234,10.93,0,7.1,2244
0:35:00,2220,233,10.83,0,7.1,2220
0:40:00,2252,234,10.82,0,7.1,2252
0:45:00,2243,234,10.93,0,7,2243
0:50:00,2241,234,10.83,0,6.9,2241
0:55:00,2261,235,10.83,0,6.8,2261
1:00:00,2234,234,10.73,0,6.8,2234
1:05:00,2247,234,10.82,0,6.8,2247
1:10:00,2230,234,10.73,0,6.8,2230
1:15:00,2238,234,10.83,0,6.7,2238
1:20:00,2244,233,10.82,0,6.6,2244
1:25:00,2221,232,10.73,0,6.7,2221
1:30:00,2249,233,10.72,0,6.6,2249
1:35:00,2249,233,10.92,0,6.7,2249
1:40:00,2252,233,10.82,0,6.6,2252
1:45:00,2232,232,10.92,0,6.7,2232
1:50:00,2262,233,10.82,0,6.8,2262
1:55:00,2234,233,10.73,0,6.8,2234
2:00:00,2237,233,10.82,0,6.9,2237
2:05:00,2221,233,10.73,0,6.8,2221
2:10:00,2242,233,10.72,0,6.9,2242
2:15:00,2243,233,10.83,0,6.9,2243
2:20:00,2209,233,10.72,0,6.7,2209
2:25:00,2241,234,10.73,0,6.8,2241
2:30:00,2237,233,10.82,0,6.8,2237
2:35:00,2238,234,10.82,0,6.9,2238
2:40:00,2220,233,10.83,0,6.8,2220
2:45:00,2249,234,10.93,0,6.6,2249
2:50:00,2234,234,10.83,0,6.6,2234
2:55:00,2224,233,10.73,0,6.7,2224
3:00:00,2257,234,10.92,0,6.8,2257
3:05:00,2214,233,10.73,0,6.9,2214
3:10:00,2250,234,10.83,0,6.8,2250
3:15:00,2237,234,10.73,0,6.8,2237
3:20:00,2259,234,10.83,0,6.9,2259
3:25:00,2239,234,10.83,0,6.9,2239
3:30:00,2255,235,10.73,0,6.9,2255
3:35:00,2262,234,10.93,0,6.9,2262
3:40:00,2236,234,10.83,0,6.9,2236
3:45:00,2257,234,10.72,0,6.9,2257
3:50:00,2235,234,10.83,0,6.9,2235
3:55:00,2285,234,10.79,0,6.8,2285
4:00:00,2354,234,10.99,0,6.7,2354
4:05:00,2353,234,10.83,0,6.8,2353
4:10:00,2308,234,10.83,0,6.8,2308
4:15:00,2363,235,10.83,0,6.7,2363
4:20:00,2341,234,10.83,0,6.7,2341
4:25:00,2308,233,10.73,0,6.7,2308
4:30:00,2351,234,10.93,0,6.7,2351
4:35:00,2320,234,10.73,0,6.6,2320
4:40:00,2324,234,10.83,0,6.7,2324
4:45:00,2358,234,10.83,0,6.6,2358
4:50:00,2312,233,10.73,0,6.6,2312
4:55:00,2323,233,10.73,0,6.6,2323
5:00:00,2345,234,10.93,0,6.5,2345
5:05:00,2346,234,10.82,0,6.4,2346
5:10:00,2292,232,10.72,0,6.4,2292
5:15:00,2314,232,10.72,0,6.5,2314
5:20:00,2312,232,10.72,0,6.4,2312
5:25:00,2327,232,10.82,0,6.4,2327
5:30:00,2291,231,10.82,0,6.3,2291
5:35:00,2320,232,10.82,0,6.3,2320
5:40:00,2299,231,10.72,0,6.4,2299
5:45:00,2294,230,10.72,0,6.4,2294
5:50:00,2319,231,10.82,0,6.3,2319
5:55:00,2300,230,10.72,0,6.4,2300
6:00:00,2310,231,10.72,0,6.3,2310
6:05:00,2283,230,10.72,0,6.3,2283
6:10:00,2317,231,10.91,0,6.3,2317
6:15:00,2340,230,11.32,0,6.3,2340
6:20:00,2289,230,10.72,0,6.4,2289
6:25:00,2353,230,11.11,0,6.4,2353
6:30:00,2345,229,11.32,0,6.4,2345
6:35:00,2288,230,10.71,0,6.4,2288
6:40:00,2291,229,10.81,0,6.3,2291
6:45:00,2281,230,10.82,0,6.4,2281
6:50:00,2240,229,10.62,0,6.4,2240
6:55:00,2273,229,10.82,0,6.4,2273
7:00:00,2249,229,10.72,0,6.5,2249
7:05:00,2255,228,10.82,0,6.5,2255
7:10:00,2245,228,10.62,0,6.5,2245
7:15:00,2262,229,10.72,0,6.5,2262
7:20:00,2266,231,10.72,0,6.5,2266
7:25:00,2265,230,10.73,0,6.4,2265
7:30:00,2274,230,10.73,0,6.4,2274
7:35:00,2251,229,10.72,0,6.6,2251
7:40:00,2283,230,10.82,0,6.6,2283
7:45:00,2259,229,10.72,0,6.6,2259
7:50:00,2272,229,10.72,0,6.7,2272
7:55:00,2281,230,10.82,0,6.7,2281
8:00:00,2307,232,10.83,0,6.6,2307
8:05:00,2297,232,10.83,0,6.6,2297
8:10:00,2281,231,10.82,0,6.6,2281
8:15:00,2350,231,10.92,0,6.7,2350
8:20:00,2507,230,11.61,10,6.8,2497
8:25:00,2511,230,11.61,47,6.8,2464
8:30:00,2533,229,11.61,46,6.9,2487
8:35:00,2635,229,12.11,57,6.9,2578
8:40:00,2696,230,12.41,76,7,2620
8:45:00,2689,230,12.31,94,7.1,2595
8:50:00,2704,230,12.31,88,7.2,2616
8:55:00,1944,230,9.21,95,7.2,1849
9:00:00,1532,230,8.01,114,7.3,1418
9:05:00,1599,230,8.31,130,7.3,1469
9:10:00,1460,228,7.6,157,7.4,1303
9:15:00,1753,229,8.91,237,7.4,1516
9:20:00,1438,230,7.84,286,7.5,1152
9:25:00,1667,229,8.81,288,7.7,1379
9:30:00,3687,226,17.31,347,7.7,3340
9:35:00,3825,224,18.02,322,7.7,3503
9:40:00,3854,225,17.91,284,7.6,3570
9:45:00,4209,224,19.41,373,7.9,3836
9:50:00,5030,223,22.94,373,8.1,4657
9:55:00,5543,224,25.05,324,8.5,5219
10:00:00,4339,224,19.91,269,9,4070
10:05:00,4364,224,19.92,347,9.6,4017
10:10:00,4283,224,19.64,462,10,3821
10:15:00,4646,225,21.28,462,10.2,4184
10:20:00,5311,224,24.12,496,10.5,4815
10:25:00,5927,224,27.28,491,11,5436
10:30:00,6973,222,31.58,473,11,6500
10:35:00,6980,221,32.01,526,11.1,6454
10:40:00,7141,222,32.71,548,11.2,6593
10:45:00,7230,222,32.93,625,11.3,6605
10:50:00,6812,224,30.73,724,11.6,6088
10:55:00,7082,224,31.44,680,11.8,6402
11:00:00,5467,224,24.33,587,12,4880
11:05:00,5630,222,25.24,548,12.1,5082
11:10:00,5977,223,26.76,509,12.1,5468
11:15:00,7019,224,31.27,531,12,6488
11:20:00,10115,223,44.88,531,12.2,9584
11:25:00,10240,222,45.74,638,12.1,9602
11:30:00,9202,223,40.8,752,12,8450
11:35:00,9712,222,43.19,755,11.8,8957
11:40:00,9638,223,42.65,830,12.2,8808
11:45:00,8751,222,38.97,891,12.1,7860
11:50:00,9487,223,42.27,1002,12.3,8485
11:55:00,10713,223,47.84,1023,12.3,9690
12:00:00,10713,222,47.89,879,12.2,9834
12:05:00,8421,223,37.45,727,12.2,7694
12:10:00,6748,224,30.43,674,12.4,6074
12:15:00,6540,224,29.95,562,12.3,5978
12:20:00,6776,224,30.26,556,12.6,6220
12:25:00,7261,224,32.05,602,12.9,6659
12:30:00,6518,225,29.02,536,13,5982
12:35:00,4908,227,23.31,594,13,4314
12:40:00,3880,227,18.99,661,13.4,3219
12:45:00,3674,228,18.21,675,13.7,2999
12:50:00,6564,225,30.32,716,13.7,5848
12:55:00,8235,225,37.69,764,13.7,7471
13:00:00,7429,226,33.95,830,13.9,6599
13:05:00,6866,226,31.7,813,14.2,6053
13:10:00,7124,226,32.62,742,14.1,6382
13:15:00,6423,226,29.08,686,14.1,5737
13:20:00,5740,228,26.24,658,14,5082
13:25:00,4911,226,22.63,611,14.3,4300
13:30:00,4966,226,22.93,551,14.6,4415
13:35:00,4295,226,20.33,547,14.7,3748
13:40:00,3576,228,17.44,545,14.5,3031
13:45:00,4241,228,19.65,465,14.9,3776
13:50:00,4704,227,21.69,450,15.2,4254
13:55:00,3675,228,16.85,517,15.4,3158
14:00:00,3623,228,16.51,657,15.5,2966
14:05:00,4337,228,19.4,682,15.6,3655
14:10:00,4261,226,19.44,692,15.6,3569
14:15:00,5861,226,26.04,650,15.7,5211
14:20:00,6239,225,27.64,587,15.7,5652
14:25:00,7156,225,31.51,526,15.8,6630
14:30:00,7044,225,30.87,505,15.9,6539
14:35:00,6835,225,29.84,462,15.9,6373
14:40:00,8140,225,35.42,504,15.9,7636
14:45:00,6622,227,29.27,519,16,6103
14:50:00,6188,227,26.92,485,16.1,5703
14:55:00,5991,226,26.23,451,16.1,5540
15:00:00,6460,225,28.06,441,16.1,6019
15:05:00,7059,227,30.27,378,16.1,6681
15:10:00,6144,226,26.82,336,16.1,5808
15:15:00,5597,227,24.71,322,16.2,5275
15:20:00,5177,228,22.96,302,16.2,4875
15:25:00,5291,227,23.03,358,16.3,4933
15:30:00,5863,227,25.57,436,16.2,5427
15:35:00,5257,227,23.4,447,16.1,4810
15:40:00,4933,227,21.81,403,16.1,4530
15:45:00,7830,226,35.75,364,16.1,7466
15:50:00,6856,226,30.73,303,16,6553
15:55:00,6074,227,27.11,242,16,5832
16:00:00,6061,227,27.15,226,16,5835
16:05:00,4201,227,19.33,207,16,3994
16:10:00,4254,227,19.68,193,16,4061
16:15:00,3755,228,17.51,192,15.9,3563
16:20:00,3278,227,15.13,179,16,3099
16:25:00,3630,226,16.76,136,16,3494
16:30:00,3835,227,17.24,119,15.9,3716
16:35:00,3535,228,16.12,116,15.9,3419
16:40:00,3508,226,16.18,107,16.1,3401
16:45:00,3205,227,14.75,87,16.1,3118
16:50:00,4790,226,21.59,69,16.1,4721
16:55:00,4838,225,21.44,56,16.1,4782
17:00:00,4107,225,18.31,46,16,4061
17:05:00,4049,226,18.51,40,16,4009
17:10:00,3417,227,15.9,33,15.9,3384
17:15:00,3201,226,15.09,33,15.9,3168
17:20:00,3492,227,16.36,14,15.8,3478
17:25:00,3224,228,15.02,0,15.8,3224
17:30:00,2779,228,13.45,0,15.9,2779
17:35:00,2860,228,14.18,0,15.8,2860
17:40:00,2664,228,13.12,0,15.8,2664
17:45:00,2805,228,13.92,0,15.7,2805
17:50:00,3076,227,15.05,0,15.7,3076
17:55:00,2846,228,13.98,0,15.6,2846
18:00:00,2947,227,14.6,0,15.6,2947
18:05:00,3095,227,15.09,0,15.5,3095
18:10:00,2870,229,14.06,0,15.5,2870
18:15:00,2992,228,14.48,0,15.5,2992
18:20:00,3090,228,14.91,0,15.4,3090
18:25:00,2713,228,13.18,0,15.2,2713
18:30:00,2735,228,13.33,0,15.2,2735
18:35:00,2602,228,12.88,0,15.1,2602
18:40:00,2627,229,12.94,0,14.8,2627
18:45:00,2566,229,12.73,0,14.5,2566
18:50:00,2116,228,10.72,0,14.4,2116
18:55:00,2063,228,10.54,0,14.4,2063
19:00:00,2068,229,10.53,0,14.4,2068
19:05:00,2042,229,10.33,0,14.5,2042
19:10:00,1912,229,9.64,0,14.6,1912
19:15:00,1732,230,9.03,0,14.7,1732
19:20:00,1734,229,9.12,0,14.6,1734
19:25:00,1723,228,9.01,0,14.6,1723
19:30:00,1718,229,9.11,0,14.6,1718
19:35:00,1732,228,9.11,0,14.6,1732
19:40:00,1717,228,9.11,0,14.5,1717
19:45:00,1605,229,8.51,0,14.4,1605
19:50:00,1353,229,7.51,0,14.2,1353
19:55:00,1371,230,7.52,0,14.2,1371
20:00:00,1353,230,7.51,0,14.1,1353
20:05:00,1368,230,7.51,0,14.1,1368
20:10:00,1357,231,7.51,0,13.8,1357
20:15:00,1358,231,7.51,0,13.6,1358
20:20:00,1124,232,6.41,0,13.7,1124
20:25:00,972,232,5.82,0,13.8,972
20:30:00,947,232,5.71,0,13.8,947
20:35:00,952,232,5.71,0,13.8,952
20:40:00,947,232,5.72,0,13.7,947
20:45:00,945,232,5.72,0,13.6,945
20:50:00,949,232,5.72,0,13.6,949
20:55:00,956,233,5.72,0,13.6,956
21:00:00,963,233,5.82,0,13.5,963
21:05:00,960,233,5.82,0,13.5,960
21:10:00,960,233,5.82,0,13.4,960
21:15:00,968,234,5.82,0,13.5,968
21:20:00,964,234,5.82,0,13.4,964
21:25:00,951,234,5.72,0,13.4,951
21:30:00,949,234,5.82,0,13.4,949
21:35:00,944,234,5.72,0,13.3,944
21:40:00,955,234,5.72,0,13.2,955
21:45:00,964,234,5.72,0,13.1,964
21:50:00,952,235,5.82,0,13.1,952
21:55:00,955,235,5.82,0,13.1,955
22:00:00,951,235,5.72,0,13.1,951
22:05:00,955,236,5.82,0,13.1,955
22:10:00,952,236,5.83,0,13,952
22:15:00,948,236,5.82,0,13.1,948
22:20:00,951,235,5.82,0,13,951
22:25:00,950,231,5.71,0,13,950
22:30:00,947,231,5.71,0,13,947
22:35:00,949,231,5.82,0,12.8,949
22:40:00,944,232,5.72,0,12.8,944
22:45:00,948,233,5.72,0,12.7,948
22:50:00,954,234,5.82,0,12.7,954
22:55:00,953,232,5.82,0,12.7,953
23:00:00,953,232,5.82,0,12.7,953
23:05:00,952,233,5.82,0,12.8,952
23:10:00,952,232,5.72,0,12.5,952
23:15:00,952,232,5.72,0,12.6,952
23:20:00,949,233,5.82,0,12.8,949
23:25:00,951,233,5.82,0,12.8,951
23:30:00,951,233,5.82,0,12.8,951
23:35:00,953,232,5.72,0,12.8,953
23:40:00,949,233,5.82,0,12.8,949
23:45:00,958,233,5.82,0,12.8,958
23:50:00,952,233,5.82,0,12.7,952
23:55:00,950,231,5.82,0,12.8,950
0:00:00,950,231,5.72,0,12.8,950
0:05:00,951,231,5.72,0,12.8,951
0:10:00,949,231,5.81,0,12.8,949
0:15:00,948,231,5.71,0,12.8,948
0:20:00,956,231,5.82,0,12.8,956
0:25:00,947,232,5.72,0,12.8,947
0:30:00,950,232,5.82,0,12.8,950
0:35:00,946,233,5.81,0,12.7,946
0:40:00,947,232,5.72,0,12.7,947
0:45:00,955,233,5.82,0,12.7,955
0:50:00,951,233,5.82,0,12.7,951
0:55:00,954,233,5.82,0,12.7,954
1:00:00,956,233,5.72,0,12.6,956
1:05:00,949,233,5.82,0,12.6,949
1:10:00,955,234,5.72,0,12.6,955
1:15:00,950,234,5.72,0,12.5,950
1:20:00,950,234,5.72,0,12.5,950
1:25:00,948,233,5.73,0,12.5,948
1:30:00,945,234,5.82,0,12.3,945
1:35:00,944,234,5.72,0,12,944
1:40:00,954,233,5.72,0,12,954
1:45:00,951,234,5.72,0,12.1,951
1:50:00,951,234,5.72,0,12,951
1:55:00,956,234,5.82,0,12.1,956
2:00:00,961,233,5.82,0,12.3,961
2:05:00,951,232,5.72,0,12.3,951
2:10:00,947,232,5.71,0,12.2,947
2:15:00,949,232,5.72,0,12.2,949
2:20:00,946,232,5.72,0,12.3,946
2:25:00,945,232,5.71,0,12,945
2:30:00,947,232,5.72,0,12,947
2:35:00,958,232,5.81,0,11.9,958
2:40:00,952,232,5.72,0,11.9,952
2:45:00,960,232,5.72,0,11.7,960
2:50:00,950,232,5.72,0,11.6,950
2:55:00,953,232,5.72,0,11.3,953
3:00:00,947,232,5.82,0,11.2,947
3:05:00,956,232,5.82,0,11.3,956
3:10:00,954,232,5.82,0,11.5,954
3:15:00,954,232,5.82,0,11.5,954
3:20:00,958,232,5.81,0,11.7,958
3:25:00,946,232,5.72,0,11.8,946
3:30:00,951,232,5.72,0,11.6,951
3:35:00,945,232,5.72,0,11.7,945
3:40:00,946,232,5.72,0,11.8,946
3:45:00,958,232,5.82,0,11.8,958
3:50:00,943,232,5.72,0,11.6,943
3:55:00,946,232,5.72,0,11.7,946
4:00:00,943,232,5.82,0,11.8,943
4:05:00,949,232,5.82,0,12,949
4:10:00,947,232,5.72,0,11.9,947
4:15:00,946,232,5.72,0,11.9,946
4:20:00,949,232,5.71,0,11.8,949
4:25:00,953,232,5.72,0,11.7,953
4:30:00,1052,232,5.85,0,11.7,1052
4:35:00,1026,231,5.71,0,11.8,1026
4:40:00,1030,232,5.72,0,11.3,1030
4:45:00,1045,232,5.72,0,11.1,1045
4:50:00,1030,232,5.81,0,11.1,1030
4:55:00,1033,231,5.72,0,11.1,1033
5:00:00,1036,232,5.72,0,11.3,1036
5:05:00,1037,232,5.72,0,11.5,1037
5:10:00,1039,232,5.75,0,11.6,1039
5:15:00,1035,231,5.82,0,11.6,1035
5:20:00,1035,233,5.82,0,11.3,1035
5:25:00,1036,234,5.82,0,11.3,1036
5:30:00,1030,233,5.82,0,11.4,1030
5:35:00,1032,233,5.72,0,11.4,1032
5:40:00,1037,233,5.72,0,11.3,1037
5:45:00,1044,233,5.72,0,11.3,1044
5:50:00,1040,232,5.82,0,11,1040
5:55:00,1029,232,5.72,0,11,1029
6:00:00,1034,233,5.72,0,11.1,1034
6:05:00,1030,232,5.72,0,11.1,1030
6:10:00,1034,232,5.72,0,11.1,1034
6:15:00,1033,231,5.81,0,11.1,1033
6:20:00,1036,231,5.72,0,10.9,1036
6:25:00,1034,231,5.81,0,10.8,1034
6:30:00,1033,230,5.71,0,10.9,1033
6:35:00,1032,233,5.72,0,10.9,1032
6:40:00,1034,234,5.72,0,11.1,1034
6:45:00,1041,234,5.82,0,11.1,1041
6:50:00,1035,234,5.82,0,11.2,1035
6:55:00,1037,234,5.72,0,11.2,1037
7:00:00,1026,234,5.73,0,11.3,1026
7:05:00,1028,234,5.73,0,11.4,1028
7:10:00,1029,233,5.73,0,11.5,1029
7:15:00,1032,233,5.73,0,11.2,1032
7:20:00,1033,233,5.73,0,11.3,1033
7:25:00,1030,233,5.83,0,11.3,1030
7:30:00,1037,232,5.83,0,11.3,1037
7:35:00,1030,232,5.83,0,11.4,1030
7:40:00,1031,232,5.73,0,11.5,1031
7:45:00,1031,233,5.73,0,11.3,1031
7:50:00,1039,233,5.83,0,11.2,1039
7:55:00,1037,233,5.83,0,11.2,1037
8:00:00,1030,233,5.73,0,11,1030
8:05:00,1609,231,8.13,0,10.9,1609
8:10:00,2412,230,11.42,0,10.9,2412
8:15:00,2444,232,11.53,0,10.8,2444
8:20:00,2445,232,11.43,0,10.9,2445
8:25:00,2429,231,11.42,7,11,2422
8:30:00,2479,231,11.62,45,11.3,2434
8:35:00,2545,230,11.92,49,11.4,2496
8:40:00,2549,230,11.92,61,11.4,2488
8:45:00,2553,231,11.92,83,11.4,2470
8:50:00,2564,231,11.92,132,11.2,2432
8:55:00,2551,230,11.92,178,11.1,2373
9:00:00,2609,229,12.22,197,11.2,2412
9:05:00,2671,228,12.62,221,10.9,2450
9:10:00,2794,229,13.03,260,11,2534
9:15:00,2970,228,13.69,314,11,2656
9:20:00,2935,229,13.06,348,11.1,2587
9:25:00,2952,228,13.19,388,11.2,2564
9:30:00,2844,229,12.59,437,11.2,2407
9:35:00,3133,228,13.86,431,11.3,2702
9:40:00,3138,228,13.88,354,11.4,2784
9:45:00,3178,228,14.19,300,11.5,2878
9:50:00,3185,228,14.09,322,11.6,2863
9:55:00,3145,228,14.12,331,11.7,2814
10:00:00,3205,229,14.08,306,11.6,2899
10:05:00,3174,229,14.12,293,11.7,2881
10:10:00,3231,230,14.39,260,11.8,2971
10:15:00,3243,228,14.55,241,11.8,3002
10:20:00,3834,229,17.52,266,11.8,3568
10:25:00,3893,228,17.65,299,12,3594
10:30:00,4803,229,21.16,380,12.1,4423
10:35:00,4858,227,21.59,473,12.3,4385
10:40:00,4814,228,21.93,533,12.3,4281
10:45:00,4799,229,21.62,462,12.3,4337
10:50:00,4637,227,20.92,488,12.3,4149
10:55:00,4402,229,20.12,529,12.6,3873
11:00:00,4408,228,20.32,570,12.8,3838
11:05:00,4694,227,21.49,544,13,4150
11:10:00,7035,225,31.53,489,13.1,6546
11:15:00,6794,223,30.29,455,13.2,6339
11:20:00,6358,224,28.56,451,13.3,5907
11:25:00,6375,224,28.99,687,13.5,5688
11:30:00,6307,224,28.63,591,13.6,5716
11:35:00,6356,224,29.06,415,13.8,5941
11:40:00,6929,224,30.84,344,13.8,6585
11:45:00,6690,223,30.34,426,13.8,6264
11:50:00,6387,225,28.79,413,13.9,5974
11:55:00,6702,224,30.27,526,13.9,6176
12:00:00,7429,224,33.52,483,14,6946
12:05:00,7617,225,34.17,365,14.1,7252
12:10:00,8557,224,38.41,317,14.1,8240
12:15:00,8856,225,39.28,357,14.2,8499
12:20:00,7550,225,33.7,396,14,7154
12:25:00,6900,226,30.69,393,14,6507
12:30:00,7397,227,32.54,417,14.1,6980
12:35:00,6287,230,27.58,407,14.1,5880
12:40:00,5436,230,24.1,404,14.1,5032
12:45:00,5569,229,24.89,475,14.1,5094
12:50:00,4764,230,21.22,908,14.3,3856
12:55:00,4777,229,21.58,1105,14.2,3672
13:00:00,5220,230,23.39,614,14.1,4606
13:05:00,5294,228,24.06,446,14,4848
13:10:00,4909,227,22.54,368,14.1,4541
13:15:00,5272,227,23.75,388,14.1,4884
13:20:00,5338,226,24.06,428,14,4910
13:25:00,5226,228,23.41,396,14,4830
13:30:00,5205,227,23.41,415,13.8,4790
13:35:00,5026,226,22.8,467,13.6,4559
13:40:00,3287,228,15.24,370,13.7,2917
13:45:00,3649,228,16.4,395,13.8,3254
13:50:00,4366,228,19.43,392,13.8,3974
13:55:00,5828,227,25.57,340,14,5488
14:00:00,6174,227,27.38,252,14.1,5922
14:05:00,6080,227,27.08,168,14.3,5912
14:10:00,6148,226,27.66,154,14.3,5994
14:15:00,6318,226,28.7,165,14.4,6153
14:20:00,6375,225,28.88,242,14.6,6133
14:25:00,5970,226,26.58,278,14.6,5692
14:30:00,5944,226,26.35,269,14.7,5675
14:35:00,5362,225,24.18,121,14.7,5241
14:40:00,5286,227,23.77,119,14.8,5167
14:45:00,5018,226,22.42,116,14.9,4902
14:50:00,5123,227,23.03,99,14.9,5024
14:55:00,5337,227,24.23,97,15,5240
15:00:00,5222,227,23.38,88,14.9,5134
15:05:00,3990,227,18.15,107,14.8,3883
15:10:00,4098,228,18.64,258,14.8,3840
15:15:00,4114,227,18.81,260,15,3854
15:20:00,3940,228,17.77,84,15,3856
15:25:00,3882,228,17.79,112,14.9,3770
15:30:00,4210,227,19.16,189,14.7,4021
15:35:00,4153,227,18.95,170,14.6,3983
15:40:00,3849,227,17.65,183,14.6,3666
15:45:00,3870,227,17.81,142,14.7,3728
15:50:00,3982,227,18.51,105,14.6,3877
15:55:00,4545,227,20.76,70,14.8,4475
16:00:00,4394,228,19.98,74,14.8,4320
16:05:00,3896,229,18,100,14.7,3796
16:10:00,4116,229,19,96,14.5,4020
16:15:00,4752,229,21.9,93,14.6,4659
16:20:00,3849,227,17.73,69,14.7,3780
16:25:00,3939,228,18.06,69,14.5,3870
16:30:00,3959,228,18.41,68,14.4,3891
16:35:00,3681,228,17.17,69,14.2,3612
16:40:00,3805,228,17.45,54,14.3,3751
16:45:00,4001,227,18.32,68,14.4,3933
16:50:00,3841,227,17.7,53,14.3,3788
16:55:00,3503,228,16.23,41,14.2,3462
17:00:00,3687,229,16.96,20,14.2,3667
17:05:00,4144,231,18.89,0,14.1,4144
17:10:00,4457,229,20.27,0,14,4457
17:15:00,5192,229,23.23,0,14,5192
17:20:00,6028,227,26.92,0,13.9,6028
17:25:00,6059,228,27.11,0,13.8,6059
17:30:00,7284,229,32.08,0,13.7,7284
17:35:00,6873,229,30.57,0,13.7,6873
17:40:00,6037,229,27.03,0,13.7,6037
17:45:00,6400,229,28.32,0,13.6,6400
17:50:00,3442,231,15.67,0,13.7,3442
17:55:00,3743,231,17.22,0,13.4,3743
18:00:00,3556,231,16.53,0,13.5,3556
18:05:00,3312,231,15.44,0,13.4,3312
18:10:00,3392,231,15.85,0,13.4,3392
18:15:00,2896,232,13.4,0,13.4,2896
18:20:00,2521,232,11.82,0,13.3,2521
18:25:00,2382,232,11.17,0,13.3,2382
18:30:00,2374,232,11.13,0,13.2,2374
18:35:00,2397,233,11.22,0,13.2,2397
18:40:00,2388,232,11.24,0,13.1,2388
18:45:00,2326,232,10.93,0,13,2326
18:50:00,2070,232,9.73,0,12.9,2070
18:55:00,1692,232,8.23,0,13,1692
19:00:00,1651,233,8.1,0,13,1651
19:05:00,1369,234,6.94,0,12.9,1369
19:10:00,1369,234,6.94,0,12.9,1369
19:15:00,1368,234,6.94,0,12.8,1368
19:20:00,1365,234,6.94,0,12.8,1365
19:25:00,1357,234,6.94,0,12.8,1357
19:30:00,1367,233,6.94,0,12.7,1367
19:35:00,1368,233,6.94,0,12.6,1368
19:40:00,1367,233,6.94,0,12.6,1367
19:45:00,1375,233,6.94,0,12.5,1375
19:50:00,1363,233,6.94,0,12.4,1363
19:55:00,1368,234,6.94,0,12.3,1368
20:00:00,1306,234,6.74,0,12.3,1306
20:05:00,1007,234,5.64,0,12.2,1007
20:10:00,988,234,5.64,0,12.1,988
20:15:00,998,234,5.54,0,12.1,998
20:20:00,995,233,5.64,0,12.1,995
20:25:00,995,233,5.64,0,12.1,995
20:30:00,994,233,5.53,0,11.9,994
20:35:00,994,234,5.64,0,11.8,994
20:40:00,997,233,5.53,0,11.7,997
20:45:00,1002,234,5.64,0,11.6,1002
20:50:00,999,234,5.54,0,11.5,999
20:55:00,1011,234,5.64,0,11.4,1011
21:00:00,997,234,5.64,0,11.4,997
21:05:00,998,234,5.63,0,11.4,998
21:10:00,1001,234,5.64,0,11.3,1001
21:15:00,999,234,5.64,0,11.3,999
21:20:00,1099,234,6.04,0,11.2,1099
21:25:00,1046,235,5.84,0,11.2,1046
21:30:00,1039,235,5.84,0,11.1,1039
21:35:00,1039,235,5.84,0,11,1039
21:40:00,1041,235,5.84,0,10.9,1041
21:45:00,1051,233,5.83,0,10.8,1051
21:50:00,1039,230,5.83,0,10.7,1039
21:55:00,1018,228,5.63,0,10.7,1018
22:00:00,998,229,5.63,0,10.7,998
22:05:00,995,230,5.63,0,10.6,995
22:10:00,993,230,5.63,0,10.5,993
22:15:00,996,230,5.63,0,10.4,996
22:20:00,996,230,5.63,0,10.4,996
22:25:00,1007,230,5.63,0,10.3,1007
22:30:00,1011,230,5.63,0,10.2,1011
22:35:00,1009,231,5.64,0,10.1,1009
22:40:00,1011,231,5.64,0,10,1011
22:45:00,1009,231,5.64,0,10,1009
22:50:00,1005,233,5.64,0,10,1005
22:55:00,995,233,5.63,0,10,995
23:00:00,892,231,5.63,0,10.1,892
23:05:00,893,231,5.64,0,10,893
23:10:00,890,231,5.63,0,9.9,890
23:15:00,885,231,5.63,0,9.9,885
23:20:00,893,231,5.63,0,9.9,893
23:25:00,894,231,5.63,0,9.8,894
23:30:00,887,232,5.63,0,9.8,887
23:35:00,886,232,5.63,0,9.8,886
23:40:00,886,231,5.64,0,9.8,886
23:45:00,889,231,5.64,0,9.7,889
23:50:00,890,232,5.64,0,9.7,890
23:55:00,893,232,5.63,0,9.7,893
0:00:00,891,231,5.63,0,9.7,891
0:05:00,889,229,5.63,0,9.6,889
0:10:00,892,233,5.54,0,9.6,892
0:15:00,884,233,5.64,0,9.6,884
0:20:00,889,234,5.64,0,9.5,889
0:25:00,891,235,5.64,0,9.4,891
0:30:00,893,235,5.54,0,9.3,893
0:35:00,897,235,5.64,0,9.3,897
0:40:00,893,236,5.64,0,9.3,893
0:45:00,893,233,5.64,0,9.2,893
0:50:00,887,233,5.64,0,9.2,887
0:55:00,886,233,5.64,0,9,886
1:00:00,899,234,5.64,0,9,899
1:05:00,899,235,5.64,0,8.9,899
1:10:00,893,235,5.64,0,8.9,893
1:15:00,888,233,5.53,0,8.8,888
1:20:00,886,233,5.64,0,8.8,886
1:25:00,899,233,5.64,0,8.7,899
1:30:00,888,233,5.64,0,8.7,888
1:35:00,888,232,5.64,0,8.6,888
1:40:00,888,233,5.64,0,8.6,888
1:45:00,886,233,5.64,0,8.6,886
1:50:00,883,232,5.64,0,8.5,883
1:55:00,894,233,5.64,0,8.5,894
2:00:00,894,234,5.64,0,8.5,894
2:05:00,893,234,5.64,0,8.5,893
2:10:00,890,233,5.64,0,8.5,890
2:15:00,891,233,5.64,0,8.5,891
2:20:00,897,233,5.64,0,8.4,897
2:25:00,894,233,5.64,0,8.3,894
2:30:00,889,233,5.64,0,8.3,889
2:35:00,898,234,5.64,0,8.4,898
2:40:00,890,234,5.64,0,8.4,890
2:45:00,901,234,5.64,0,8.4,901
2:50:00,882,234,5.64,0,8.3,882
2:55:00,891,234,5.64,0,8.3,891
3:00:00,885,234,5.54,0,8.2,885
3:05:00,888,234,5.54,0,8.2,888
3:10:00,894,234,5.64,0,8.2,894
3:15:00,893,234,5.64,0,8.2,893
3:20:00,894,234,5.64,0,8.2,894
3:25:00,891,234,5.64,0,8.1,891
3:30:00,892,234,5.64,0,8.1,892
3:35:00,885,234,5.64,0,8,885
3:40:00,887,233,5.54,0,8,887
3:45:00,889,233,5.64,0,7.9,889
3:50:00,884,233,5.63,0,7.9,884
3:55:00,884,233,5.54,0,7.9,884
4:00:00,886,233,5.64,0,7.9,886
4:05:00,889,234,5.64,0,7.9,889
4:10:00,890,234,5.64,0,7.8,890
4:15:00,887,234,5.64,0,7.8,887
4:20:00,888,233,5.64,0,7.8,888
4:25:00,889,233,5.64,0,7.7,889
4:30:00,894,233,5.64,0,7.6,894
4:35:00,897,233,5.64,0,7.5,897
4:40:00,891,233,5.64,0,7.5,891
4:45:00,894,232,5.64,0,7.5,894
4:50:00,897,231,5.64,0,7.5,897
4:55:00,889,231,5.64,0,7.5,889
5:00:00,883,234,5.64,0,7.4,883
5:05:00,895,234,5.64,0,7.4,895
5:10:00,891,231,5.63,0,7.3,891
5:15:00,886,231,5.63,0,7.3,886
5:20:00,890,231,5.63,0,7.4,890
5:25:00,915,231,5.77,0,7.4,915
5:30:00,991,232,5.7,0,7.3,991
5:35:00,982,232,5.63,0,7.2,982
5:40:00,971,232,5.64,0,7.2,971
5:45:00,976,231,5.63,0,7.3,976
5:50:00,973,231,5.63,0,7.4,973
5:55:00,971,231,5.63,0,7.3,971
6:00:00,977,231,5.63,0,7.1,977
6:05:00,970,230,5.63,0,7.1,970
6:10:00,975,231,5.63,0,7,975
6:15:00,977,230,5.63,0,7.1,977
6:20:00,982,230,5.63,0,7,982
6:25:00,982,231,5.63,0,7,982
6:30:00,981,231,5.63,0,7,981
6:35:00,982,231,5.63,0,7.1,982
6:40:00,984,231,5.63,0,7.1,984
6:45:00,983,230,5.63,0,7.2,983
6:50:00,976,230,5.63,0,7.1,976
6:55:00,986,230,5.63,0,7.1,986
7:00:00,980,231,5.64,0,7.1,980
7:05:00,979,230,5.64,0,7.1,979
7:10:00,977,230,5.54,0,7.1,977
7:15:00,969,230,5.64,0,7.1,969
7:20:00,967,230,5.63,0,7,967
7:25:00,966,229,5.64,0,7,966
7:30:00,972,229,5.64,0,6.9,972
7:35:00,1014,228,5.8,0,6.9,1014
7:40:00,972,228,5.63,0,6.8,972
7:45:00,969,230,5.64,0,6.8,969
7:50:00,974,230,5.63,0,6.8,974
7:55:00,971,230,5.63,0,6.7,971
8:00:00,972,231,5.64,0,6.7,972
8:05:00,978,230,5.64,0,6.7,978
8:10:00,1748,231,8.63,0,6.8,1748
8:15:00,4262,229,19.44,26,6.8,4236
8:20:00,4646,229,21.24,55,6.7,4591
8:25:00,4591,228,21.14,69,6.6,4522
8:30:00,4746,228,21.54,100,6.7,4646
8:35:00,4812,227,21.83,139,6.7,4673
8:40:00,4699,226,21.63,142,6.8,4557
8:45:00,4825,227,21.93,131,6.8,4694
8:50:00,4784,227,21.84,145,6.8,4639
8:55:00,5040,226,23.03,159,6.8,4881
9:00:00,4734,227,21.73,179,6.9,4555
9:05:00,4727,225,21.76,175,7,4552
9:10:00,4850,226,21.85,241,7.1,4609
9:15:00,4425,228,20.48,409,7.2,4016
9:20:00,4245,227,18.96,383,7.3,3862
9:25:00,5398,227,23.63,487,7.5,4911
9:30:00,5119,223,23.33,479,7.7,4640
9:35:00,3362,226,15.36,478,7.7,2884
9:40:00,5120,224,23.83,248,7.8,4872
9:45:00,4964,226,22.87,337,8,4627
9:50:00,4985,226,22.64,382,8,4603
9:55:00,3089,228,14.23,415,8.3,2674
10:00:00,4593,226,21.03,302,8.8,4291
10:05:00,5039,226,22.83,197,9.4,4842
10:10:00,6819,228,30.17,197,10.1,6622
10:15:00,6725,226,29.28,342,10.6,6383
10:20:00,6986,225,30.88,614,10.9,6372
10:25:00,6717,225,29.65,793,11.1,5924
10:30:00,5065,227,22.7,475,11.3,4590
10:35:00,5351,225,24.4,221,11.4,5130
10:40:00,5258,226,23.81,386,11.6,4872
10:45:00,5955,227,26.24,697,11.9,5258
10:50:00,7652,224,33.67,802,12.1,6850
10:55:00,6575,226,29.04,764,12.4,5811
11:00:00,5496,226,23.93,937,12.6,4559
11:05:00,7232,224,32.15,1367,12.7,5865
11:10:00,5757,225,25.81,978,12.8,4779
11:15:00,5440,227,24.45,1180,12.9,4260
11:20:00,7532,224,33.89,1347,13.1,6185
11:25:00,5472,226,24.57,1176,13.1,4296
11:30:00,6914,226,30.88,1099,13.2,5815
11:35:00,5826,227,26.12,1047,13.2,4779
11:40:00,5499,226,25.28,1006,13.3,4493
11:45:00,7319,224,33.16,1017,13.3,6302
11:50:00,5670,227,25.29,993,13.1,4677
11:55:00,6640,226,29.93,930,12.8,5710
12:00:00,5875,225,26.45,969,12.6,4906
12:05:00,5300,225,24.15,1045,12.5,4255
12:10:00,6429,227,28.58,983,12.6,5446
12:15:00,5858,227,26.33,814,12.6,5044
12:20:00,7426,225,33.8,680,12.8,6746
12:25:00,6453,228,29.12,687,13,5766
12:30:00,6586,228,29.33,736,13.2,5850
12:35:00,6104,226,27.77,701,13.3,5403
12:40:00,6239,227,28.26,720,13.1,5519
12:45:00,5943,228,27.11,814,13.1,5129
12:50:00,5731,226,26.3,852,13.2,4879
12:55:00,5890,227,26.98,1053,13.1,4837
13:00:00,5770,228,26.32,1013,13.1,4757
13:05:00,5502,227,25.2,882,13.5,4620
13:10:00,3487,226,16.56,726,13.5,2761
13:15:00,3838,227,18.17,520,13.3,3318
13:20:00,3568,228,16.79,413,13.7,3155
13:25:00,4333,228,19.87,545,14,3788
13:30:00,5060,226,23.01,630,13.9,4430
13:35:00,4172,228,19.4,590,14.1,3582
13:40:00,4107,227,19.08,465,13.8,3642
13:45:00,3652,225,17.2,386,14,3266
13:50:00,4002,227,18.79,556,14.1,3446
13:55:00,4902,225,22.65,415,14.3,4487
14:00:00,6568,226,29.67,357,14.6,6211
14:05:00,6307,227,28.76,573,14.5,5734
14:10:00,6665,225,29.98,515,14.7,6150
14:15:00,6552,224,29.54,499,14.5,6053
14:20:00,6311,225,28.4,571,14.8,5740
14:25:00,6653,226,30.07,614,14.8,6039
14:30:00,6758,225,30.57,632,14.8,6126
14:35:00,6142,226,27.73,616,15,5526
14:40:00,4810,226,22.35,521,15,4289
14:45:00,6867,224,31,548,15.1,6319
14:50:00,6566,225,29.59,623,15.2,5943
14:55:00,6601,226,29.73,640,15.3,5961
15:00:00,6835,227,30.65,567,15.2,6268
15:05:00,6600,227,29.59,571,15.4,6029
15:10:00,6591,227,29.42,503,15.3,6088
15:15:00,6961,225,30.87,469,15,6492
15:20:00,6688,226,29.83,388,15,6300
15:25:00,6518,227,29.45,463,15.1,6055
15:30:00,6783,226,30.52,353,14.9,6430
15:35:00,6672,227,30.18,307,15,6365
15:40:00,6397,227,28.85,256,15.2,6141
15:45:00,4652,226,21.9,262,15,4390
15:50:00,5579,227,25.25,285,15,5294
15:55:00,5727,227,25.89,273,15.1,5454
16:00:00,6932,226,30.83,182,15,6750
16:05:00,6976,225,30.32,230,15.2,6746
16:10:00,6270,225,27.22,200,15.2,6070
16:15:00,6586,225,28.72,168,15,6418
16:20:00,6253,226,27.34,168,15.1,6085
16:25:00,5947,226,26.07,201,15.2,5746
16:30:00,6275,226,27.44,197,15.1,6078
16:35:00,6302,225,27.71,177,15,6125
16:40:00,5981,226,26.2,140,14.9,5841
16:45:00,7376,225,32.31,122,14.9,7254
16:50:00,6695,225,29.77,138,14.8,6557
16:55:00,7857,225,34.58,174,14.7,7683
17:00:00,5938,224,26.6,169,14.6,5769
17:05:00,5125,224,23.22,157,14.4,4968
17:10:00,4593,226,20.81,115,14.3,4478
17:15:00,4595,224,20.88,84,14.1,4511
17:20:00,6008,225,26.5,48,14.1,5960
17:25:00,4832,225,21.61,21,13.9,4811
17:30:00,4579,226,20.63,0,13.8,4579
17:35:00,3610,227,16.91,0,13.7,3610
17:40:00,3360,228,15.7,0,13.6,3360
17:45:00,3122,228,13.96,0,13.4,3122
17:50:00,3585,227,16.24,0,13.4,3585
17:55:00,3488,228,15.77,0,13.3,3488
18:00:00,3170,228,14.64,0,13.2,3170
18:05:00,3218,229,14.96,0,13.1,3218
18:10:00,3210,229,14.89,0,13,3210
18:15:00,2902,229,13.73,0,12.9,2902
18:20:00,2699,228,12.83,0,12.9,2699
18:25:00,2819,229,13.42,0,12.8,2819
18:30:00,2976,229,14.25,0,12.7,2976
18:35:00,2850,229,13.57,0,12.6,2850
18:40:00,2654,229,12.7,0,12.6,2654
18:45:00,2823,230,13.27,0,12.6,2823
18:50:00,2930,229,13.83,0,12.5,2930
18:55:00,2772,230,13.1,0,12.5,2772
19:00:00,2447,230,11.55,0,12.5,2447
19:05:00,2419,230,11.59,0,12.5,2419
19:10:00,2441,231,11.54,0,12.5,2441
19:15:00,2317,230,11.02,0,12.5,2317
19:20:00,2166,230,10.4,0,12.5,2166
19:25:00,1601,231,7.94,0,12.4,1601
19:30:00,1555,231,7.81,0,12.4,1555
19:35:00,1551,231,7.81,0,12.3,1551
19:40:00,1553,231,7.81,0,12.3,1553
19:45:00,1557,231,7.81,0,12.2,1557
19:50:00,1549,231,7.81,0,12.3,1549
19:55:00,1555,232,7.81,0,12.3,1555
20:00:00,1582,231,8.14,0,12.3,1582
20:05:00,1584,231,8.07,0,12.1,1584
20:10:00,1571,232,7.94,0,12.1,1571
20:15:00,1555,232,7.81,0,12,1555
20:20:00,1565,232,7.81,0,11.9,1565
20:25:00,1552,232,7.81,0,11.8,1552
20:30:00,1382,233,7.11,0,11.6,1382
20:35:00,1320,233,6.81,0,11.5,1320
20:40:00,1320,233,6.81,0,11.5,1320
20:45:00,1328,234,6.92,0,11.4,1328
20:50:00,1324,234,6.92,0,11.3,1324
20:55:00,1326,235,6.92,0,11.2,1326
21:00:00,1304,235,6.72,0,11.1,1304
21:05:00,1110,234,6.02,0,11.1,1110
21:10:00,1012,234,5.62,0,11.1,1012
21:15:00,1005,234,5.62,0,11.1,1005
21:20:00,1005,235,5.62,0,11.1,1005
21:25:00,997,235,5.62,0,11.2,997
21:30:00,999,235,5.62,0,11.1,999
21:35:00,1004,235,5.63,0,10.9,1004
21:40:00,1005,235,5.62,0,11,1005
21:45:00,1006,235,5.62,0,10.9,1006
21:50:00,1003,236,5.62,0,10.7,1003
21:55:00,1003,236,5.62,0,10.6,1003
22:00:00,1010,235,5.62,0,10.5,1010
22:05:00,1008,235,5.62,0,10.4,1008
22:10:00,1004,234,5.62,0,10.3,1004
22:15:00,1001,235,5.62,0,10.2,1001
22:20:00,1002,233,5.62,0,10.2,1002
22:25:00,1002,231,5.62,0,10.1,1002
22:30:00,1003,231,5.61,0,10.1,1003
22:35:00,1004,231,5.61,0,9.9,1004
22:40:00,1006,232,5.62,0,9.8,1006
22:45:00,1003,233,5.62,0,9.7,1003
22:50:00,1007,231,5.61,0,9.7,1007
22:55:00,1000,230,5.61,0,9.6,1000
23:00:00,1005,231,5.61,0,9.4,1005
23:05:00,998,230,5.62,0,9.4,998
23:10:00,1004,230,5.61,0,9.4,1004
23:15:00,994,231,5.62,0,9.3,994
23:20:00,1004,231,5.61,0,9.2,1004
23:25:00,999,232,5.61,0,9.1,999
23:30:00,998,232,5.62,0,9.1,998
23:35:00,996,232,5.62,0,9,996
23:40:00,999,232,5.62,0,8.9,999
23:45:00,1005,233,5.62,0,8.9,1005
23:50:00,1008,233,5.62,0,8.8,1008
23:55:00,1010,233,5.62,0,8.7,1010
0:00:00,998,233,5.62,0,8.8,998
0:05:00,1003,231,5.62,0,9,1003
0:10:00,998,231,5.62,0,9,998
0:15:00,1000,232,5.61,0,9,1000
0:20:00,1004,232,5.65,0,8.9,1004
0:25:00,999,232,5.62,0,8.9,999
0:30:00,1000,232,5.65,0,8.8,1000
0:35:00,996,232,5.62,0,8.7,996
0:40:00,994,232,5.62,0,8.6,994
0:45:00,998,232,5.62,0,8.6,998
0:50:00,1000,232,5.62,0,8.6,1000
0:55:00,999,232,5.62,0,8.7,999
1:00:00,1002,232,5.62,0,8.8,1002
1:05:00,987,232,5.62,0,8.8,987
1:10:00,901,232,5.62,0,8.8,901
1:15:00,895,232,5.61,0,8.8,895
1:20:00,901,233,5.62,0,8.8,901
1:25:00,901,231,5.61,0,8.8,901
1:30:00,897,231,5.61,0,8.8,897
1:35:00,897,231,5.61,0,8.8,897
1:40:00,900,231,5.62,0,8.8,900
1:45:00,893,231,5.61,0,8.7,893
1:50:00,896,231,5.62,0,8.6,896
1:55:00,894,231,5.62,0,8.5,894
2:00:00,892,231,5.62,0,8.5,892
2:05:00,892,231,5.62,0,8.5,892
2:10:00,892,231,5.62,0,8.5,892
2:15:00,892,231,5.62,0,8.5,892
2:20:00,892,231,5.62,0,8.5,892
2:25:00,892,231,5.62,0,8.5,892
2:30:00,892,231,5.62,0,8.5,892
2:35:00,892,231,5.62,0,8.5,892
2:40:00,892,231,5.62,0,8.5,892
2:45:00,892,231,5.62,0,8.5,892
2:50:00,892,231,5.62,0,8.5,892
2:55:00,892,231,5.62,0,8.5,892
3:00:00,0,0,0,0,0,0
3:05:00,0,0,0,0,0,0
3:10:00,0,0,0,0,0,0
3:15:00,0,0,0,0,0,0
3:20:00,0,0,0,0,0,0
3:25:00,0,0,0,0,0,0
3:30:00,0,0,0,0,0,0
3:35:00,0,0,0,0,0,0
3:40:00,0,0,0,0,0,0
3:45:00,0,0,0,0,0,0
3:50:00,0,0,0,0,0,0
3:55:00,0,0,0,0,0,0
4:00:00,0,0,0,0,0,0
4:05:00,0,0,0,0,0,0
4:10:00,0,0,0,0,0,0
4:15:00,0,0,0,0,0,0
4:20:00,0,0,0,0,0,0
4:25:00,0,0,0,0,0,0
4:30:00,0,0,0,0,0,0
4:35:00,0,0,0,0,0,0
4:40:00,0,0,0,0,0,0
4:45:00,0,0,0,0,0,0
4:50:00,0,0,0,0,0,0
4:55:00,0,0,0,0,0,0
5:00:00,0,0,0,0,0,0
5:05:00,0,0,0,0,0,0
5:10:00,0,0,0,0,0,0
5:15:00,0,0,0,0,0,0
5:20:00,0,0,0,0,0,0
5:25:00,0,0,0,0,0,0
5:30:00,0,0,0,0,0,0
5:35:00,0,0,0,0,0,0
5:40:00,0,0,0,0,0,0
5:45:00,0,0,0,0,0,0
5:50:00,0,0,0,0,0,0
5:55:00,0,0,0,0,0,0
6:00:00,0,0,0,0,0,0
6:05:00,0,0,0,0,0,0
6:10:00,0,0,0,0,0,0
6:15:00,0,0,0,0,0,0
6:20:00,0,0,0,0,0,0
6:25:00,0,0,0,0,0,0
6:30:00,0,0,0,0,0,0
6:35:00,0,0,0,0,0,0
6:40:00,0,0,0,0,0,0
6:45:00,0,0,0,0,0,0
6:50:00,0,0,0,0,0,0
6:55:00,0,0,0,0,0,0
7:00:00,0,0,0,0,0,0
7:05:00,0,0,0,0,0,0
7:10:00,0,0,0,0,0,0
7:15:00,0,0,0,0,0,0
7:20:00,0,0,0,0,0,0
7:25:00,0,0,0,0,0,0
7:30:00,0,0,0,0,0,0
7:35:00,0,0,0,0,0,0
7:40:00,0,0,0,0,0,0
7:45:00,0,0,0,0,0,0
7:50:00,0,0,0,0,0,0
7:55:00,0,0,0,0,0,0
8:00:00,0,0,0,0,0,0
8:05:00,0,0,0,0,0,0
8:10:00,0,0,0,15,0,-15
8:15:00,0,0,0,50,0,-50
8:20:00,0,0,0,59,0,-59
8:25:00,0,0,0,68,0,-68
8:30:00,0,0,0,78,0,-78
8:35:00,0,0,0,88,0,-88
8:40:00,0,0,0,94,0,-94
8:45:00,0,0,0,102,0,-102
8:50:00,0,0,0,109,0,-109
8:55:00,0,0,0,120,0,-120
9:00:00,0,0,0,124,0,-124
9:05:00,0,0,0,134,0,-134
9:10:00,0,0,0,139,0,-139
9:15:00,0,0,0,142,0,-142
9:20:00,0,0,0,148,0,-148
9:25:00,0,0,0,154,0,-154
9:30:00,0,0,0,157,0,-157
9:35:00,0,0,0,163,0,-163
9:40:00,0,0,0,164,0,-164
9:45:00,0,0,0,170,0,-170
9:50:00,0,0,0,175,0,-175
9:55:00,0,0,0,179,0,-179
10:00:00,0,0,0,183,0,-183
10:05:00,0,0,0,189,0,-189
10:10:00,0,0,0,192,0,-192
10:15:00,0,0,0,201,0,-201
10:20:00,0,0,0,198,0,-198
10:25:00,0,0,0,190,0,-190
10:30:00,0,0,0,201,0,-201
10:35:00,0,0,0,221,0,-221
10:40:00,0,0,0,226,0,-226
10:45:00,0,0,0,381,0,-381
10:50:00,0,0,0,575,0,-575
10:55:00,0,0,0,854,0,-854
11:00:00,0,0,0,876,0,-876
11:05:00,0,0,0,899,0,-899
11:10:00,0,0,0,939,0,-939
11:15:00,0,0,0,951,0,-951
11:20:00,0,0,0,972,0,-972
11:25:00,0,0,0,1112,0,-1112
11:30:00,0,0,0,1272,0,-1272
11:35:00,0,0,0,1372,0,-1372
11:40:00,0,0,0,1408,0,-1408
11:45:00,0,0,0,1414,0,-1414
11:50:00,0,0,0,1480,0,-1480
11:55:00,0,0,0,1502,0,-1502
12:00:00,0,0,0,1521,0,-1521
12:05:00,0,0,0,1518,0,-1518
12:10:00,0,0,0,1454,0,-1454
12:15:00,0,0,0,1527,0,-1527
12:20:00,0,0,0,1600,0,-1600
12:25:00,0,0,0,1595,0,-1595
12:30:00,0,0,0,1542,0,-1542
12:35:00,0,0,0,1446,0,-1446
12:40:00,0,0,0,1213,0,-1213
12:45:00,0,0,0,1125,0,-1125
12:50:00,0,0,0,1063,0,-1063
12:55:00,0,0,0,1336,0,-1336
13:00:00,0,0,0,1423,0,-1423
13:05:00,0,0,0,1606,0,-1606
13:10:00,0,0,0,1777,0,-1777
13:15:00,0,0,0,1621,0,-1621
13:20:00,0,0,0,1640,0,-1640
13:25:00,0,0,0,1619,0,-1619
13:30:00,0,0,0,1467,0,-1467
13:35:00,0,0,0,1282,0,-1282
13:40:00,0,0,0,1075,0,-1075
13:45:00,0,0,0,954,0,-954
13:50:00,0,0,0,818,0,-818
13:55:00,0,0,0,680,0,-680
14:00:00,0,0,0,609,0,-609
14:05:00,0,0,0,559,0,-559
14:10:00,0,0,0,537,0,-537
14:15:00,0,0,0,527,0,-527
14:20:00,0,0,0,514,0,-514
14:25:00,0,0,0,469,0,-469
14:30:00,0,0,0,437,0,-437
14:35:00,0,0,0,418,0,-418
14:40:00,0,0,0,400,0,-400
14:45:00,0,0,0,400,0,-400
14:50:00,0,0,0,440,0,-440
14:55:00,0,0,0,422,0,-422
15:00:00,0,0,0,364,0,-364
15:05:00,0,0,0,295,0,-295
15:10:00,0,0,0,270,0,-270
15:15:00,0,0,0,275,0,-275
15:20:00,0,0,0,283,0,-283
15:25:00,0,0,0,289,0,-289
15:30:00,0,0,0,295,0,-295
15:35:00,0,0,0,272,0,-272
15:40:00,0,0,0,266,0,-266
15:45:00,0,0,0,257,0,-257
15:50:00,0,0,0,240,0,-240
15:55:00,0,0,0,254,0,-254
16:00:00,0,0,0,261,0,-261
16:05:00,0,0,0,237,0,-237
16:10:00,0,0,0,230,0,-230
16:15:00,0,0,0,215,0,-215
16:20:00,0,0,0,205,0,-205
16:25:00,0,0,0,203,0,-203
16:30:00,0,0,0,198,0,-198
16:35:00,0,0,0,184,0,-184
16:40:00,0,0,0,170,0,-170
16:45:00,0,0,0,158,0,-158
16:50:00,0,0,0,144,0,-144
16:55:00,0,0,0,131,0,-131
17:00:00,0,0,0,112,0,-112
17:05:00,0,0,0,76,0,-76
17:10:00,0,0,0,62,0,-62
17:15:00,0,0,0,52,0,-52
17:20:00,0,0,0,48,0,-48
17:25:00,0,0,0,39,0,-39
17:30:00,0,0,0,26,0,-26
17:35:00,0,0,0,0,0,0
17:40:00,0,0,0,0,0,0
17:45:00,0,0,0,0,0,0
17:50:00,0,0,0,0,0,0
17:55:00,0,0,0,0,0,0
18:00:00,0,0,0,0,0,0
18:05:00,0,0,0,0,0,0
18:10:00,0,0,0,0,0,0
18:15:00,0,0,0,0,0,0
18:20:00,0,0,0,0,0,0
18:25:00,0,0,0,0,0,0
18:30:00,0,0,0,0,0,0
18:35:00,0,0,0,0,0,0
18:40:00,0,0,0,0,0,0
18:45:00,0,0,0,0,0,0
18:50:00,0,0,0,0,0,0
18:55:00,0,0,0,0,0,0
19:00:00,0,0,0,0,0,0
19:05:00,0,0,0,0,0,0
19:10:00,0,0,0,0,0,0
19:15:00,0,0,0,0,0,0
19:20:00,0,0,0,0,0,0
19:25:00,0,0,0,0,0,0
19:30:00,0,0,0,0,0,0
19:35:00,0,0,0,0,0,0
19:40:00,0,0,0,0,0,0
19:45:00,0,0,0,0,0,0
19:50:00,0,0,0,0,0,0
19:55:00,0,0,0,0,0,0
20:00:00,0,0,0,0,0,0
20:05:00,0,0,0,0,0,0
20:10:00,0,0,0,0,0,0
20:15:00,0,0,0,0,0,0
20:20:00,0,0,0,0,0,0
20:25:00,0,0,0,0,0,0
20:30:00,0,0,0,0,0,0
20:35:00,0,0,0,0,0,0
20:40:00,0,0,0,0,0,0
20:45:00,0,0,0,0,0,0
20:50:00,0,0,0,0,0,0
20:55:00,0,0,0,0,0,0
21:00:00,0,0,0,0,0,0
21:05:00,0,0,0,0,0,0
21:10:00,0,0,0,0,0,0
21:15:00,0,0,0,0,0,0
21:20:00,0,0,0,0,0,0
21:25:00,0,0,0,0,0,0
21:30:00,0,0,0,0,0,0
21:35:00,0,0,0,0,0,0
21:40:00,0,0,0,0,0,0
21:45:00,0,0,0,0,0,0
21:50:00,0,0,0,0,0,0
21:55:00,0,0,0,0,0,0
22:00:00,0,0,0,0,0,0
22:05:00,0,0,0,0,0,0
22:10:00,0,0,0,0,0,0
22:15:00,0,0,0,0,0,0
22:20:00,0,0,0,0,0,0
22:25:00,0,0,0,0,0,0
22:30:00,0,0,0,0,0,0
22:35:00,0,0,0,0,0,0
22:40:00,0,0,0,0,0,0
22:45:00,0,0,0,0,0,0
22:50:00,0,0,0,0,0,0
22:55:00,0,0,0,0,0,0
23:00:00,0,0,0,0,0,0
23:05:00,0,0,0,0,0,0
23:10:00,0,0,0,0,0,0
23:15:00,0,0,0,0,0,0
23:20:00,0,0,0,0,0,0
23:25:00,0,0,0,0,0,0
23:30:00,0,0,0,0,0,0
23:35:00,0,0,0,0,0,0
23:40:00,0,0,0,0,0,0
23:45:00,0,0,0,0,0,0
23:50:00,0,0,0,0,0,0
23:55:00,0,0,0,0,0,0
0:00:00,0,0,0,0,0,0
0:05:00,0,0,0,0,0,0
0:10:00,0,0,0,0,0,0
0:15:00,0,0,0,0,0,0
0:20:00,0,0,0,0,0,0
0:25:00,0,0,0,0,0,0
0:30:00,0,0,0,0,0,0
0:35:00,0,0,0,0,0,0
0:40:00,0,0,0,0,0,0
0:45:00,0,0,0,0,0,0
0:50:00,0,0,0,0,0,0
0:55:00,0,0,0,0,0,0
1:00:00,0,0,0,0,0,0
1:05:00,0,0,0,0,0,0
1:10:00,0,0,0,0,0,0
1:15:00,0,0,0,0,0,0
1:20:00,0,0,0,0,0,0
1:25:00,0,0,0,0,0,0
1:30:00,0,0,0,0,0,0
1:35:00,0,0,0,0,0,0
1:40:00,0,0,0,0,0,0
1:45:00,0,0,0,0,0,0
1:50:00,0,0,0,0,0,0
1:55:00,0,0,0,0,0,0
2:00:00,0,0,0,0,0,0
2:05:00,0,0,0,0,0,0
2:10:00,0,0,0,0,0,0
2:15:00,0,0,0,0,0,0
2:20:00,0,0,0,0,0,0
2:25:00,0,0,0,0,0,0
2:30:00,0,0,0,0,0,0
2:35:00,0,0,0,0,0,0
2:40:00,0,0,0,0,0,0
2:45:00,0,0,0,0,0,0
2:50:00,0,0,0,0,0,0
2:55:00,0,0,0,0,0,0
3:00:00,0,0,0,0,0,0
3:05:00,0,0,0,0,0,0
3:10:00,0,0,0,0,0,0
3:15:00,0,0,0,0,0,0
3:20:00,0,0,0,0,0,0
3:25:00,0,0,0,0,0,0
3:30:00,0,0,0,0,0,0
3:35:00,0,0,0,0,0,0
3:40:00,0,0,0,0,0,0
3:45:00,0,0,0,0,0,0
3:50:00,0,0,0,0,0,0
3:55:00,0,0,0,0,0,0
4:00:00,0,0,0,0,0,0
4:05:00,0,0,0,0,0,0
4:10:00,0,0,0,0,0,0
4:15:00,0,0,0,0,0,0
4:20:00,0,0,0,0,0,0
4:25:00,0,0,0,0,0,0
4:30:00,0,0,0,0,0,0
4:35:00,0,0,0,0,0,0
4:40:00,0,0,0,0,0,0
4:45:00,0,0,0,0,0,0
4:50:00,0,0,0,0,0,0
4:55:00,0,0,0,0,0,0
5:00:00,0,0,0,0,0,0
5:05:00,0,0,0,0,0,0
5:10:00,0,0,0,0,0,0
5:15:00,0,0,0,0,0,0
5:20:00,0,0,0,0,0,0
5:25:00,0,0,0,0,0,0
5:30:00,0,0,0,0,0,0
5:35:00,0,0,0,0,0,0
5:40:00,0,0,0,0,0,0
5:45:00,0,0,0,0,0,0
5:50:00,0,0,0,0,0,0
5:55:00,0,0,0,0,0,0
6:00:00,0,0,0,0,0,0
6:05:00,0,0,0,0,0,0
6:10:00,0,0,0,0,0,0
6:15:00,0,0,0,0,0,0
6:20:00,0,0,0,0,0,0
6:25:00,0,0,0,0,0,0
6:30:00,0,0,0,0,0,0
6:35:00,0,0,0,0,0,0
6:40:00,0,0,0,0,0,0
6:45:00,0,0,0,0,0,0
6:50:00,0,0,0,0,0,0
6:55:00,0,0,0,0,0,0
7:00:00,0,0,0,0,0,0
7:05:00,0,0,0,0,0,0
7:10:00,0,0,0,0,0,0
7:15:00,0,0,0,0,0,0
7:20:00,0,0,0,0,0,0
7:25:00,0,0,0,0,0,0
7:30:00,0,0,0,0,0,0
7:35:00,0,0,0,0,0,0
7:40:00,0,0,0,0,0,0
7:45:00,0,0,0,0,0,0
7:50:00,0,0,0,0,0,0
7:55:00,0,0,0,0,0,0
8:00:00,0,0,0,0,0,0
8:05:00,0,0,0,0,0,0
8:10:00,0,0,0,46,0,-46
8:15:00,0,0,0,75,0,-75
8:20:00,0,0,0,92,0,-92
8:25:00,0,0,0,108,0,-108
8:30:00,0,0,0,118,0,-118
8:35:00,0,0,0,115,0,-115
8:40:00,0,0,0,119,0,-119
8:45:00,0,0,0,128,0,-128
8:50:00,0,0,0,134,0,-134
8:55:00,0,0,0,162,0,-162
9:00:00,0,0,0,196,0,-196
9:05:00,0,0,0,249,0,-249
9:10:00,0,0,0,271,0,-271
9:15:00,0,0,0,264,0,-264
9:20:00,0,0,0,247,0,-247
9:25:00,0,0,0,284,0,-284
9:30:00,0,0,0,330,0,-330
9:35:00,0,0,0,409,0,-409
9:40:00,0,0,0,465,0,-465
9:45:00,0,0,0,528,0,-528
9:50:00,0,0,0,530,0,-530
9:55:00,0,0,0,549,0,-549
10:00:00,0,0,0,650,0,-650
10:05:00,0,0,0,774,0,-774
10:10:00,0,0,0,866,0,-866
10:15:00,0,0,0,925,0,-925
10:20:00,0,0,0,884,0,-884
10:25:00,0,0,0,787,0,-787
10:30:00,0,0,0,785,0,-785
10:35:00,0,0,0,828,0,-828
10:40:00,0,0,0,934,0,-934
10:45:00,0,0,0,1016,0,-1016
10:50:00,0,0,0,1085,0,-1085
10:55:00,0,0,0,1077,0,-1077
11:00:00,0,0,0,819,0,-819
11:05:00,0,0,0,842,0,-842
11:10:00,0,0,0,939,0,-939
11:15:00,0,0,0,1058,0,-1058
11:20:00,0,0,0,1016,0,-1016
11:25:00,0,0,0,1134,0,-1134
11:30:00,0,0,0,1385,0,-1385
11:35:00,0,0,0,1420,0,-1420
11:40:00,0,0,0,900,0,-900
11:45:00,0,0,0,742,0,-742
11:50:00,0,0,0,725,0,-725
11:55:00,0,0,0,815,0,-815
12:00:00,0,0,0,1274,0,-1274
12:05:00,0,0,0,1278,0,-1278
12:10:00,0,0,0,1460,0,-1460
12:15:00,0,0,0,1589,0,-1589
12:20:00,0,0,0,1759,0,-1759
12:25:00,2065,106,9.5,1619,11.7,446
12:30:00,2071,106,9.5,1375,11.6,696
12:35:00,2053,106,9.5,984,11.5,1069
12:40:00,2015,105,9.4,1036,11.4,979
12:45:00,2058,106,9.4,1524,11.4,534
12:50:00,2168,106,9.9,1667,11.7,501
12:55:00,2044,106,9.5,1980,12,64
13:00:00,2050,106,9.4,1512,11.9,538
13:05:00,2033,106,9.4,1430,12,603
13:10:00,2054,106,9.5,1829,12.2,225
13:15:00,2084,106,9.5,2264,12.4,-180
13:20:00,2073,106,9.6,1479,12.3,594
13:25:00,2040,106,9.4,1461,12.3,579
13:30:00,2625,106,12,1543,12.6,1082
13:35:00,3131,106,14.2,1362,12.8,1769
13:40:00,3124,105,14.1,1236,12.9,1888
13:45:00,3181,106,14.3,1188,13,1993
13:50:00,3180,106,14.3,1139,13.1,2041
13:55:00,3149,106,14.2,1119,13.2,2030
14:00:00,3168,106,14.4,1138,13.3,2030
14:05:00,3169,106,14.4,1169,13.5,2000
14:10:00,3085,105,14.2,1270,13.5,1815
14:15:00,3136,106,14.2,1453,13.6,1683
14:20:00,3128,106,14.3,1477,13.8,1651
14:25:00,3099,105,14.2,1454,13.8,1645
14:30:00,3180,106,14.3,1216,13.9,1964
14:35:00,3186,106,14.3,882,13.9,2304
14:40:00,3169,106,14.2,544,14.1,2625
14:45:00,3203,106,14.3,406,14.1,2797
14:50:00,3206,106,14.5,434,14.2,2772
14:55:00,3176,106,14.4,422,14.3,2754
15:00:00,2564,106,11.7,392,14.2,2172
15:05:00,2084,107,9.6,350,14.3,1734
15:10:00,1680,107,8,317,14.4,1363
15:15:00,873,108,4.8,369,14.4,504
15:20:00,873,108,4.8,395,14.4,478
15:25:00,869,107,4.8,335,14.4,534
15:30:00,1104,107,5.8,302,14.5,802
15:35:00,2071,107,9.5,302,14.4,1769
15:40:00,2049,106,9.6,298,14.3,1751
15:45:00,2068,106,9.4,259,14.3,1809
15:50:00,2097,107,9.4,342,14.3,1755
15:55:00,2073,107,9.5,371,14.2,1702
16:00:00,1815,106,8.4,348,14.1,1467
16:05:00,601,107,3.6,281,13.8,320
16:10:00,604,107,3.7,235,13.8,369
16:15:00,600,107,3.6,190,13.8,410
16:20:00,605,106,3.7,256,13.9,349
16:25:00,603,107,3.7,357,13.8,246
16:30:00,605,107,3.6,339,13.7,266
16:35:00,607,107,3.6,338,13.6,269
16:40:00,608,107,3.7,344,13.5,264
16:45:00,604,106,3.7,315,13.4,289
16:50:00,607,107,3.6,256,13.3,351
16:55:00,606,106,3.7,190,13.2,416
17:00:00,612,106,3.7,139,13,473
17:05:00,616,106,3.7,111,12.9,505
17:10:00,604,105,3.7,91,12.8,513
17:15:00,603,105,3.6,68,12.7,535
17:20:00,601,105,3.7,70,12.6,531
17:25:00,603,105,3.6,58,12.4,545
17:30:00,603,105,3.7,37,12.2,566
17:35:00,600,105,3.7,5,12,595
17:40:00,600,104,3.7,0,11.8,600
17:45:00,599,105,3.7,0,11.6,599
17:50:00,641,105,3.8,0,11.4,641
17:55:00,618,105,3.7,0,11.3,618
18:00:00,613,105,3.7,0,11.1,613
18:05:00,620,105,3.7,0,11,620
18:10:00,615,105,3.7,0,10.9,615
18:15:00,615,105,3.7,0,10.7,615
18:20:00,608,105,3.7,0,10.6,608
18:25:00,612,105,3.7,0,10.5,612
18:30:00,619,106,3.7,0,10.4,619
18:35:00,613,106,3.7,0,10.2,613
18:40:00,615,106,3.7,0,10.1,615
18:45:00,625,106,3.8,0,10,625
18:50:00,613,106,3.7,0,9.9,613
18:55:00,614,106,3.7,0,9.9,614
19:00:00,615,106,3.7,0,9.8,615
19:05:00,617,107,3.7,0,9.7,617
19:10:00,615,106,3.7,0,9.5,615
19:15:00,611,106,3.7,0,9.5,611
19:20:00,613,107,3.7,0,9.4,613
19:25:00,618,107,3.7,0,9.3,618
19:30:00,614,107,3.7,0,9.2,614
19:35:00,615,108,3.7,0,9.2,615
19:40:00,609,107,3.7,0,9.2,609
19:45:00,609,107,3.7,0,9.1,609
19:50:00,610,107,3.7,0,9,610
19:55:00,611,107,3.7,0,8.9,611
20:00:00,612,107,3.7,0,8.9,612
20:05:00,613,107,3.7,0,8.8,613
20:10:00,615,107,3.7,0,8.7,615
20:15:00,612,107,3.7,0,8.7,612
20:20:00,622,107,3.8,0,8.6,622
20:25:00,616,107,3.7,0,8.6,616
20:30:00,612,107,3.7,0,8.5,612
20:35:00,607,107,3.7,0,8.5,607
20:40:00,609,107,3.7,0,8.4,609
20:45:00,607,107,3.7,0,8.4,607
20:50:00,608,107,3.7,0,8.4,608
20:55:00,610,107,3.7,0,8.4,610
21:00:00,610,107,3.7,0,8.3,610
21:05:00,609,108,3.7,0,8.2,609
21:10:00,611,108,3.7,0,8.2,611
21:15:00,612,107,3.7,0,8.2,612
21:20:00,608,107,3.7,0,8.2,608
21:25:00,610,108,3.7,0,8.2,610
21:30:00,609,108,3.7,0,8.1,609
21:35:00,610,107,3.7,0,8.1,610
21:40:00,608,105,3.7,0,8.2,608
21:45:00,607,105,3.7,0,8.2,607
21:50:00,608,105,3.7,0,8.1,608
21:55:00,606,105,3.7,0,8.2,606
22:00:00,609,105,3.7,0,8.2,609
22:05:00,609,105,3.7,0,8.2,609
22:10:00,619,105,3.7,0,8.1,619
22:15:00,622,105,3.7,0,8.1,622
22:20:00,617,105,3.7,0,8.1,617
22:25:00,612,106,3.7,0,8,612
22:30:00,606,105,3.7,0,7.9,606
22:35:00,612,106,3.7,0,7.9,612
22:40:00,608,106,3.7,0,7.8,608
22:45:00,610,106,3.7,0,7.8,610
22:50:00,605,106,3.7,0,7.8,605
22:55:00,608,106,3.7,0,7.8,608
23:00:00,613,107,3.7,0,7.8,613
23:05:00,611,106,3.7,0,7.8,611
23:10:00,612,107,3.7,0,7.8,612
23:15:00,634,107,3.8,0,7.8,634
23:20:00,613,107,3.7,0,7.9,613
23:25:00,614,106,3.7,0,7.8,614
23:30:00,617,107,3.8,0,7.9,617
23:35:00,612,106,3.7,0,7.9,612
23:40:00,613,106,3.7,0,7.9,613
23:45:00,613,106,3.7,0,7.9,613
23:50:00,628,106,3.8,0,7.8,628
23:55:00,626,107,3.7,0,7.7,626
0:00:00,629,107,3.8,0,7.7,629
0:05:00,627,107,3.8,0,7.7,627
0:10:00,614,107,3.7,0,7.7,614
0:15:00,608,107,3.7,0,7.6,608
0:20:00,609,106,3.7,0,7.5,609
0:25:00,608,107,3.7,0,7.5,608
0:30:00,612,106,3.7,0,7.4,612
0:35:00,609,106,3.7,0,7.4,609
0:40:00,612,107,3.7,0,7.5,612
0:45:00,614,107,3.7,0,7.4,614
0:50:00,606,107,3.6,0,7.4,606
0:55:00,598,107,3.6,0,7.3,598
1:00:00,603,107,3.6,0,7.4,603
1:05:00,598,106,3.6,0,7.4,598
1:10:00,596,107,3.6,0,7.4,596
1:15:00,594,107,3.6,0,7.3,594
1:20:00,597,107,3.6,0,7.3,597
1:25:00,598,107,3.6,0,7.2,598
1:30:00,601,107,3.6,0,7.2,601
1:35:00,599,107,3.6,0,7.2,599
1:40:00,598,107,3.6,0,7.2,598
1:45:00,602,106,3.6,0,7.1,602
1:50:00,596,106,3.6,0,7.1,596
1:55:00,600,106,3.6,0,7,600
2:00:00,596,106,3.6,0,6.9,596
2:05:00,604,106,3.6,0,7,604
2:10:00,599,107,3.6,0,7,599
2:15:00,597,107,3.6,0,7,597
2:20:00,598,106,3.6,0,7,598
2:25:00,599,107,3.6,0,7,599
2:30:00,597,106,3.6,0,6.9,597
2:35:00,595,106,3.6,0,6.9,595
2:40:00,600,106,3.6,0,7,600
2:45:00,600,106,3.6,0,6.9,600
2:50:00,602,106,3.6,0,6.8,602
2:55:00,600,106,3.6,0,6.7,600
3:00:00,601,106,3.6,0,6.8,601
3:05:00,605,106,3.6,0,6.9,605
3:10:00,602,106,3.6,0,6.8,602
3:15:00,601,106,3.6,0,6.7,601
3:20:00,604,106,3.6,0,6.7,604
3:25:00,602,106,3.6,0,6.6,602
3:30:00,604,106,3.7,0,6.6,604
3:35:00,594,106,3.6,0,6.6,594
3:40:00,602,106,3.6,0,6.6,602
3:45:00,600,106,3.6,0,6.6,600
3:50:00,599,106,3.6,0,6.5,599
3:55:00,604,106,3.6,0,6.6,604
4:00:00,606,106,3.6,0,6.5,606
4:05:00,596,106,3.6,0,6.5,596
4:10:00,600,106,3.6,0,6.5,600
4:15:00,597,106,3.6,0,6.5,597
4:20:00,600,106,3.6,0,6.6,600
4:25:00,597,106,3.6,0,6.6,597
4:30:00,601,106,3.6,0,6.5,601
4:35:00,617,106,3.7,0,6.5,617
4:40:00,602,106,3.6,0,6.4,602
4:45:00,603,106,3.6,0,6.4,603
4:50:00,601,105,3.6,0,6.4,601
4:55:00,599,106,3.6,0,6.4,599
5:00:00,606,106,3.7,0,6.4,606
5:05:00,602,105,3.6,0,6.3,602
5:10:00,601,106,3.6,0,6.4,601
5:15:00,602,105,3.6,0,6.3,602
5:20:00,599,105,3.6,0,6.3,599
5:25:00,598,106,3.6,0,6.3,598
5:30:00,599,106,3.6,0,6.2,599
5:35:00,597,105,3.6,0,5.9,597
5:40:00,600,105,3.6,0,5.9,600
5:45:00,593,105,3.6,0,5.8,593
5:50:00,597,105,3.6,0,6,597
5:55:00,599,105,3.6,0,6.1,599
6:00:00,599,105,3.6,0,6.1,599
6:05:00,601,105,3.6,0,5.7,601
6:10:00,604,106,3.6,0,5.5,604
6:15:00,600,106,3.6,0,5.8,600
6:20:00,599,106,3.6,0,5.9,599
6:25:00,596,106,3.6,0,5.5,596
6:30:00,606,106,3.6,0,5.2,606
6:35:00,597,106,3.6,0,5.1,597
6:40:00,597,106,3.6,0,5.3,597
6:45:00,602,106,3.6,0,5.3,602
6:50:00,606,107,3.6,0,5.5,606
6:55:00,603,107,3.6,0,5.8,603
7:00:00,600,107,3.6,0,5.8,600
7:05:00,602,107,3.6,0,5.8,602
7:10:00,605,106,3.6,0,5.7,605
7:15:00,604,106,3.6,0,5.6,604
7:20:00,597,106,3.6,0,5.6,597
7:25:00,597,106,3.6,0,5.4,597
7:30:00,597,106,3.6,0,5.2,597
7:35:00,600,106,3.7,0,5.1,600
7:40:00,600,106,3.6,0,4.9,600
7:45:00,600,106,3.6,0,4.8,600
7:50:00,595,105,3.6,0,4.7,595
7:55:00,600,106,3.6,0,4.4,600
8:00:00,602,105,3.6,0,4.6,602
8:05:00,604,106,3.6,0,4.7,604
8:10:00,605,106,3.6,0,4.6,605
8:15:00,600,105,3.6,0,4.5,600
8:20:00,600,106,3.6,0,4.7,600
8:25:00,663,106,3.8,35,5,628
8:30:00,775,106,4.3,55,5.2,720
8:35:00,537,105,3.3,56,5.1,481
8:40:00,583,106,3.5,60,4.8,523
8:45:00,689,105,3.9,79,5.1,610
8:50:00,735,105,4.1,86,5.3,649
8:55:00,880,106,4.7,101,5.2,779
9:00:00,891,106,4.7,89,5.5,802
9:05:00,1100,106,5.6,94,5.6,1006
9:10:00,1111,106,5.6,95,5.8,1016
9:15:00,2176,104,10,148,5.8,2028
9:20:00,2081,104,9.6,337,6,1744
9:25:00,2078,104,9.6,398,6.1,1680
9:30:00,1992,103,9.5,324,6.2,1668
9:35:00,1993,103,9.5,340,6.3,1653
9:40:00,1976,103,9.4,301,6.5,1675
9:45:00,1975,103,9.4,149,6.6,1826
9:50:00,1971,103,9.4,203,6.4,1768
9:55:00,1990,103,9.4,302,6.6,1688
10:00:00,1966,103,9.4,139,6.8,1827
10:05:00,2391,103,11.2,163,6.8,2228
10:10:00,3100,102,14.4,184,6.6,2916
10:15:00,3195,102,14.8,173,6.7,3022
10:20:00,0,0,0,184,0,-184
10:25:00,3801,102,18.1,167,7.2,3634
10:30:00,3781,102,17.4,164,7.3,3617
10:35:00,3971,102,18,220,7.5,3751
10:40:00,4289,102,19.3,271,7.8,4018
10:45:00,4410,102,19.7,318,8,4092
10:50:00,4351,102,19.6,233,8.1,4118
10:55:00,3707,104,17.5,220,8,3487
11:00:00,4136,103,18.8,218,8.1,3918
11:05:00,2901,103,13.2,227,8.3,2674
11:10:00,2749,103,12.7,234,8.1,2515
11:15:00,2748,103,12.8,343,7.9,2405
11:20:00,2797,103,12.8,229,7.9,2568
11:25:00,2699,103,12.5,265,8.1,2434
11:30:00,2740,103,12.7,272,8,2468
11:35:00,3202,102,15.1,357,8.2,2845
11:40:00,3579,103,16.9,355,8.2,3224
11:45:00,3645,102,16.9,317,8.1,3328
11:50:00,8074,222,37.07,390,8.3,7684
11:55:00,8156,222,37.59,259,8.4,7897
12:00:00,8163,222,37.49,217,8.5,7946
12:05:00,8100,222,37.15,273,8.6,7827
12:10:00,8600,223,38.41,229,8.7,8371
12:15:00,7502,223,33.46,226,8.8,7276
12:20:00,7404,222,33.49,252,8.9,7152
12:25:00,6853,223,31.31,180,9,6673
12:30:00,6802,222,31.02,110,9.1,6692
12:35:00,5840,224,27.45,119,9.2,5721
12:40:00,6467,223,30.65,152,9.3,6315
12:45:00,6283,223,29.46,171,9.4,6112
12:50:00,5600,223,26.07,172,9.6,5428
12:55:00,5973,225,27.28,158,9.8,5815
13:00:00,5697,224,26.14,230,9.8,5467
13:05:00,3655,225,17.44,305,10.1,3350
13:10:00,3612,226,17.31,239,10.2,3373
13:15:00,3906,225,18.68,317,10.2,3589
13:20:00,6403,223,28.32,235,10.4,6168
13:25:00,7875,222,34.89,253,10.6,7622
13:30:00,7830,224,34.59,206,10.8,7624
13:35:00,7532,223,33.91,190,10.9,7342
13:40:00,8035,223,35.85,221,11,7814
13:45:00,6004,224,26.69,148,11.2,5856
13:50:00,6678,224,30.03,157,11.3,6521
13:55:00,6862,223,30.77,217,11.5,6645
14:00:00,7011,223,31.45,423,11.7,6588
14:05:00,6911,221,31.53,370,12,6541
14:10:00,7088,223,31.84,199,12.1,6889
14:15:00,7395,221,33.31,181,12.2,7214
14:20:00,7246,223,32.01,190,12.4,7056
14:25:00,7726,221,34.33,283,12.5,7443
14:30:00,7364,224,31.99,272,12.6,7092
14:35:00,7350,222,32.38,221,12.7,7129
14:40:00,6667,224,29.33,213,12.7,6454
14:45:00,6538,224,28.84,178,12.8,6360
14:50:00,7631,223,33.83,307,12.8,7324
14:55:00,8715,223,38.63,323,12.8,8392
15:00:00,8449,223,37.35,318,12.8,8131
15:05:00,8191,223,36.1,347,12.9,7844
15:10:00,6721,224,29.72,443,12.7,6278
15:15:00,7076,226,31.32,342,12.8,6734
15:20:00,7351,225,32.64,199,12.7,7152
15:25:00,7415,225,33.01,181,12.9,7234
15:30:00,6561,226,29.24,246,12.9,6315
15:35:00,6475,225,28.86,168,13,6307
15:40:00,6705,227,29.62,101,13.1,6604
15:45:00,6375,225,28.68,130,13,6245
15:50:00,6248,226,27.62,101,13.2,6147
15:55:00,5984,225,27.11,72,13.1,5912
16:00:00,8313,225,37.21,65,13.2,8248
16:05:00,9008,221,40.75,63,13,8945
16:10:00,8968,222,40.58,57,13.2,8911
16:15:00,7893,223,35.77,17,13.3,7876
16:20:00,8002,224,35.91,0,13.3,8002
16:25:00,8509,221,38.74,0,13.4,8509
16:30:00,9078,224,40.77,0,13.3,9078
16:35:00,8497,223,38.51,0,13.2,8497
16:40:00,8671,224,38.89,0,13.1,8671
16:45:00,8995,223,40.47,0,13,8995
16:50:00,8312,224,37.16,0,12.9,8312
16:55:00,8151,223,36.88,0,13.1,8151
17:00:00,8518,225,37.84,0,13,8518
17:05:00,8698,225,38.2,0,13.3,8698
17:10:00,8079,225,35.4,0,13.3,8079
17:15:00,7107,226,30.65,0,13.2,7107
17:20:00,6812,226,30.09,0,13.2,6812
17:25:00,7524,223,33.37,0,13.1,7524
17:30:00,5648,227,24.76,0,13.2,5648
17:35:00,4722,226,21.41,0,13.4,4722
17:40:00,5588,225,25.65,0,13.3,5588
17:45:00,4282,226,20.02,0,13.2,4282
17:50:00,4831,226,22.35,0,13,4831
17:55:00,5722,225,26.03,0,13,5722
18:00:00,4017,227,18.64,0,13.1,4017
18:05:00,4966,226,22.46,0,13.3,4966
18:10:00,3280,229,15.1,0,13.4,3280
18:15:00,4150,229,18.64,0,13.2,4150
18:20:00,4125,228,18.63,0,13.3,4125
18:25:00,4080,229,18.34,0,13.1,4080
18:30:00,4193,229,18.87,0,13,4193
18:35:00,4202,230,18.86,0,13.2,4202
18:40:00,4006,229,18.04,0,13.3,4006
18:45:00,2836,230,13.03,0,13,2836
18:50:00,1522,232,7.61,0,12.9,1522
18:55:00,1470,231,7.41,0,13,1470
19:00:00,1473,231,7.41,0,13.2,1473
19:05:00,1508,232,7.6,0,13.2,1508
19:10:00,1491,231,7.51,0,13.3,1491
19:15:00,2520,231,11.59,0,13.2,2520
19:20:00,1895,231,9.3,0,13,1895
19:25:00,1499,230,7.61,0,12.8,1499
19:30:00,1486,231,7.61,0,13,1486
19:35:00,1471,230,7.41,0,12.9,1471
19:40:00,1468,231,7.4,0,12.8,1468
19:45:00,1475,230,7.41,0,12.8,1475
19:50:00,1478,231,7.51,0,12.9,1478
19:55:00,1471,231,7.51,0,13.1,1471
20:00:00,1477,230,7.61,0,13.1,1477
20:05:00,1348,232,6.91,0,13.2,1348
20:10:00,1183,231,6.31,0,13,1183
20:15:00,991,231,5.51,0,13.1,991
20:20:00,990,232,5.41,0,13,990
20:25:00,1017,231,5.62,0,13,1017
20:30:00,992,232,5.42,0,13.1,992
20:35:00,990,232,5.42,0,13,990
20:40:00,992,232,5.52,0,13,992
20:45:00,1000,232,5.51,0,13,1000
20:50:00,992,232,5.52,0,12.8,992
20:55:00,992,234,5.42,0,12.8,992
21:00:00,1027,233,5.63,0,12.8,1027
21:05:00,937,234,5.22,0,12.7,937
21:10:00,929,234,5.12,0,13,929
21:15:00,935,233,5.32,0,12.9,935
21:20:00,931,231,5.11,0,12.8,931
21:25:00,935,229,5.3,0,13,935
21:30:00,925,231,5.2,0,13,925
21:35:00,932,231,5.1,0,12.9,932
21:40:00,955,231,5.2,0,12.8,955
21:45:00,929,231,5.3,0,12.8,929
21:50:00,935,232,5.3,0,12.8,935
21:55:00,926,232,5.2,0,12.8,926
22:00:00,824,233,5.11,0,12.8,824
22:05:00,835,231,5.19,0,12.9,835
22:10:00,830,230,5.3,0,12.9,830
22:15:00,830,229,5.2,0,12.8,830
22:20:00,833,231,5.2,0,12.8,833
22:25:00,830,231,5.2,0,12.8,830
22:30:00,825,231,5.3,0,12.8,825
22:35:00,831,232,5.3,0,12.7,831
22:40:00,835,232,5.3,0,12.8,835
22:45:00,836,233,5.3,0,12.7,836
22:50:00,833,234,5.2,0,12.7,833
22:55:00,833,233,5.1,0,12.7,833
23:00:00,828,231,5.3,0,12.7,828
23:05:00,832,230,5.29,0,12.7,832
23:10:00,829,231,5.19,0,12.8,829
23:15:00,837,231,5.3,0,12.9,837
23:20:00,832,232,5.2,0,12.8,832
23:25:00,827,232,5.2,0,12.8,827
23:30:00,831,232,5.2,0,12.6,831
23:35:00,829,233,5.3,0,12.7,829
23:40:00,837,233,5.2,0,12.8,837
23:45:00,832,233,5.31,0,12.7,832
23:50:00,827,234,5.21,0,12.7,827
23:55:00,838,234,5.21,0,12.8,838
0:00:00,834,233,5.2,0,12.9,834
0:05:00,830,232,5.2,0,12.7,830
0:10:00,833,232,5.3,0,12.6,833
0:15:00,833,231,5.3,0,12.7,833
0:20:00,834,230,5.1,0,12.8,834
0:25:00,830,231,5.2,0,12.9,830
0:30:00,835,230,5.2,0,12.8,835
0:35:00,833,231,5.1,0,12.8,833
0:40:00,828,231,5.2,0,12.8,828
0:45:00,829,230,5.2,0,12.9,829
0:50:00,825,232,5.1,0,12.7,825
0:55:00,830,232,5.2,0,12.8,830
1:00:00,835,231,5.1,0,12.8,835
1:05:00,831,231,5.2,0,12.8,831
1:10:00,831,232,5.1,0,13,831
1:15:00,827,232,5.2,0,12.8,827
1:20:00,833,232,5.2,0,12.8,833
1:25:00,831,232,5.2,0,12.8,831
1:30:00,834,232,5.3,0,12.9,834
1:35:00,831,233,5.2,0,12.9,831
1:40:00,833,233,5.3,0,12.9,833
1:45:00,826,233,5.11,0,13,826
1:50:00,829,234,5.1,0,13,829
1:55:00,830,233,5.3,0,12.8,830
2:00:00,827,233,5.2,0,13,827
2:05:00,833,233,5.2,0,12.9,833
2:10:00,834,234,5.11,0,12.9,834
2:15:00,833,233,5.1,0,13.1,833
2:20:00,839,233,5.32,0,13,839
2:25:00,845,234,5.22,0,12.9,845
2:30:00,838,234,5.12,0,12.9,838
2:35:00,838,234,5.12,0,12.8,838
2:40:00,844,233,5.21,0,12.7,844
2:45:00,839,232,5.32,0,12.8,839
2:50:00,837,233,5.21,0,12.8,837
2:55:00,844,234,5.22,0,12.8,844
3:00:00,842,234,5.12,0,12.8,842
3:05:00,849,234,5.32,0,12.9,849
3:10:00,836,232,5.21,0,12.8,836
3:15:00,822,232,5.2,0,12.9,822
3:20:00,834,232,5.2,0,12.9,834
3:25:00,826,233,5.2,0,13.1,826
3:30:00,830,232,5.21,0,12.9,830
3:35:00,830,232,5.21,0,12.9,830
3:40:00,831,232,5.2,0,12.8,831
3:45:00,839,233,5.3,0,12.8,839
3:50:00,830,232,5.11,0,12.8,830
3:55:00,844,232,5.3,0,13,844
4:00:00,834,232,5.31,0,13.1,834
4:05:00,839,233,5.3,0,13,839
4:10:00,832,233,5.21,0,12.9,832
4:15:00,930,233,5.41,0,13,930
4:20:00,925,232,5.11,0,13,925
4:25:00,919,232,5.2,0,12.8,919
4:30:00,924,233,5.2,0,12.8,924
4:35:00,916,233,5.2,0,12.9,916
4:40:00,912,232,5.3,0,12.8,912
4:45:00,911,231,5.2,0,12.9,911
4:50:00,918,232,5.3,0,12.9,918
4:55:00,914,233,5.21,0,12.9,914
5:00:00,917,233,5.21,0,12.9,917
5:05:00,908,232,5.21,0,12.8,908
5:10:00,912,230,5.3,0,12.8,912
5:15:00,916,232,5.13,0,12.7,916
5:20:00,910,232,5.23,0,12.7,910
5:25:00,909,231,5.3,0,12.8,909
5:30:00,910,230,5.3,0,12.7,910
5:35:00,908,230,5.2,0,12.7,908
5:40:00,918,231,5.23,0,12.7,918
5:45:00,908,231,5.2,0,12.8,908
5:50:00,903,231,5.1,0,13,903
5:55:00,910,230,5.3,0,12.9,910
6:00:00,909,230,5.1,0,13,909
6:05:00,910,230,5.3,0,12.9,910
6:10:00,911,230,5.2,0,13,911
6:15:00,922,230,5.3,0,13,922
6:20:00,914,230,5.26,0,13,914
6:25:00,910,230,5.2,0,13,910
6:30:00,909,230,5.22,0,13,909
6:35:00,909,230,5.2,0,13,909
6:40:00,909,230,5.19,0,13.1,909
6:45:00,917,229,5.23,0,13.1,917
6:50:00,914,229,5.2,0,13.1,914
6:55:00,916,229,5.29,0,13,916
7:00:00,915,229,5.3,0,13,915
7:05:00,910,231,5.3,0,13,910
7:10:00,908,230,5.21,0,13,908
7:15:00,911,233,5.21,0,13.1,911
7:20:00,915,232,5.31,0,13.1,915
7:25:00,910,233,5.34,0,12.9,910
7:30:00,908,232,5.21,0,12.9,908
7:35:00,908,231,5.11,0,12.8,908
7:40:00,905,232,5.11,0,12.9,905
7:45:00,915,232,5.24,0,12.8,915
7:50:00,906,231,5.21,0,12.7,906
7:55:00,906,230,5.21,0,12.7,906
8:00:00,914,231,5.24,0,12.8,914
8:05:00,1945,231,9.44,0,12.8,1945
8:10:00,2294,230,10.95,0,12.8,2294
8:15:00,2281,230,10.91,0,12.8,2281
8:20:00,2244,229,10.81,0,12.8,2244
8:25:00,2284,229,10.91,0,12.9,2284
8:30:00,2278,229,10.81,0,12.8,2278
8:35:00,2295,231,10.81,10,13,2285
8:40:00,2351,233,11.01,59,13.1,2292
8:45:00,2449,232,11.51,63,13.1,2386
8:50:00,2509,232,11.75,67,13.1,2442
8:55:00,2542,232,11.71,59,13.2,2483
9:00:00,4042,230,18.41,58,13.3,3984
9:05:00,4561,228,20.72,99,13.3,4462
9:10:00,4680,228,20.85,162,13.2,4518
9:15:00,4804,228,21.86,116,13.3,4688
9:20:00,4791,227,21.83,182,13.4,4609
9:25:00,4805,227,21.72,172,13.4,4633
9:30:00,4673,226,21.41,144,13.5,4529
9:35:00,4550,224,21.21,208,13.5,4342
9:40:00,4892,224,22.61,124,13.6,4768
9:45:00,4878,226,22.61,161,13.6,4717
9:50:00,4846,225,22.55,310,13.8,4536
9:55:00,4739,223,22.42,428,14.1,4311
10:00:00,4942,225,23.05,605,14.4,4337
10:05:00,4901,224,22.92,304,14.6,4597
10:10:00,5407,224,25.37,273,15,5134
10:15:00,7067,224,32.61,494,15.3,6573
10:20:00,7662,223,35.38,774,15.2,6888
10:25:00,5981,226,27.48,565,15.2,5416
10:30:00,5901,226,27.41,725,14.8,5176
10:35:00,6949,225,32.07,319,14.9,6630
10:40:00,5705,226,26.18,265,14.9,5440
10:45:00,6735,224,31.47,308,14.7,6427
10:50:00,5752,226,25.76,348,14.9,5404
10:55:00,5975,225,27.07,559,14.7,5416
11:00:00,4974,226,22.49,799,14.8,4175
11:05:00,5644,225,25.39,890,14.7,4754
11:10:00,6416,223,28.92,514,14.8,5902
11:15:00,7546,223,33.82,607,14.9,6939
11:20:00,7445,223,33.35,350,14.7,7095
11:25:00,6779,224,30.27,326,14.6,6453
11:30:00,7710,223,34.58,291,14.7,7419
11:35:00,7458,223,33.83,1046,14.8,6412
11:40:00,6666,222,30.11,576,14.7,6090
11:45:00,7444,224,32.89,554,14.5,6890
11:50:00,6713,223,30.45,636,14.6,6077
11:55:00,6635,223,29.94,468,14.6,6167
12:00:00,6251,223,28.39,772,14.6,5479
12:05:00,8226,224,36.5,779,14.5,7447
12:10:00,7787,224,34.89,379,14.6,7408
12:15:00,7354,225,32.54,230,14.7,7124
12:20:00,7138,225,31.71,354,14.8,6784
12:25:00,6167,224,28.06,518,14.8,5649
12:30:00,5284,226,23.76,683,14.7,4601
12:35:00,4757,227,21.45,846,14.7,3911
12:40:00,3623,227,17.12,701,14.9,2922
12:45:00,3876,228,18.18,437,15,3439
12:50:00,2920,228,13.8,280,15.1,2640
12:55:00,3132,228,15.3,430,14.8,2702
13:00:00,3815,229,18.08,445,14.8,3370
13:05:00,4436,228,20.77,459,14.9,3977
13:10:00,5820,229,26.24,748,15,5072
13:15:00,4081,228,19.05,579,14.9,3502
13:20:00,2974,229,14.7,607,15.1,2367
13:25:00,2958,228,14.42,674,15.2,2284
13:30:00,3474,229,16.09,740,15.2,2734
13:35:00,3541,229,16.57,1001,15.4,2540
13:40:00,4039,229,18.6,577,15.4,3462
13:45:00,4555,230,21.26,560,15.6,3995
13:50:00,6310,228,27.79,429,15.7,5881
13:55:00,5947,228,26.01,422,15.8,5525
14:00:00,4541,230,20.39,767,16.1,3774
14:05:00,3763,230,17.23,680,16.1,3083
14:10:00,4025,229,18.26,545,16.1,3480
14:15:00,4148,229,18.74,412,16.2,3736
14:20:00,3888,229,17.67,406,16.4,3482
14:25:00,4379,229,20.15,385,16.4,3994
14:30:00,5073,230,23.11,233,16.2,4840
14:35:00,4890,229,22.26,326,16.2,4564
14:40:00,4371,230,19.85,384,16.3,3987
14:45:00,4424,230,20.02,314,16.3,4110
14:50:00,4730,230,21.39,383,15.9,4347
14:55:00,4538,230,20.57,253,16.1,4285
15:00:00,5323,230,23.42,140,16.2,5183
15:05:00,6002,226,26.63,293,16.4,5709
15:10:00,5800,225,25.91,176,16.3,5624
15:15:00,6105,227,27.1,223,16.3,5882
15:20:00,5316,226,23.52,362,16.3,4954
15:25:00,5274,226,23.32,341,16.4,4933
15:30:00,5411,226,23.79,183,16.6,5228
15:35:00,4559,226,20.66,140,16.7,4419
15:40:00,4481,225,20.42,185,16.7,4296
15:45:00,4297,227,19.58,189,16.6,4108
15:50:00,4539,227,20.72,224,16.5,4315
15:55:00,5156,228,23.43,177,16.3,4979
16:00:00,5102,230,23.26,182,16.6,4920
16:05:00,5375,230,24.11,169,16.5,5206
16:10:00,4829,230,22.22,139,16.5,4690
16:15:00,5028,231,22.72,121,16.3,4907
16:20:00,5983,229,26.72,132,16.1,5851
16:25:00,6323,229,28.1,110,16.1,6213
16:30:00,5659,229,25.26,114,16,5545
16:35:00,5128,229,23.17,95,16,5033
16:40:00,5371,229,24.12,86,15.8,5285
16:45:00,5479,229,24.19,93,16,5386
16:50:00,5357,229,23.95,85,15.8,5272
16:55:00,5214,230,23.08,85,15.5,5129
17:00:00,5641,229,24.9,68,15.8,5573
17:05:00,5722,229,25.44,57,15.7,5665
17:10:00,6424,230,28.22,45,15.5,6379
17:15:00,5815,229,25.66,26,15.6,5789
17:20:00,6122,228,27.46,0,15.6,6122
17:25:00,6319,229,28.15,0,15.7,6319
17:30:00,5631,229,25.28,0,15.5,5631
17:35:00,5178,230,22.89,0,15.4,5178
17:40:00,5104,229,22.67,0,15.5,5104
17:45:00,5330,229,24.07,0,15.4,5330
17:50:00,5006,230,22.06,0,15.7,5006
17:55:00,4507,228,20.01,0,15.6,4507
18:00:00,4479,229,19.89,0,15.4,4479
18:05:00,4266,230,18.55,0,15.5,4266
18:10:00,4036,230,17.9,0,15.3,4036
18:15:00,3931,231,17.28,0,15.1,3931
18:20:00,4461,231,19.8,0,15.2,4461
18:25:00,4664,230,20.65,0,15.2,4664
18:30:00,3739,232,16.62,0,15.3,3739
18:35:00,3782,231,16.84,0,15,3782
18:40:00,3786,231,16.93,0,15.1,3786
18:45:00,3511,232,15.57,0,15.1,3511
18:50:00,2929,233,13.07,0,15.2,2929
18:55:00,2815,233,12.69,0,15.1,2815
19:00:00,3664,231,16.18,0,15.1,3664
19:05:00,3979,231,17.57,0,15,3979
19:10:00,3952,231,17.47,0,15.2,3952
19:15:00,3941,231,17.46,0,15.1,3941
19:20:00,3921,231,17.45,0,14.8,3921
19:25:00,3821,230,17.05,0,14.7,3821
19:30:00,2522,232,11.55,0,14.8,2522
19:35:00,1568,233,7.74,0,14.9,1568
19:40:00,1612,233,8.04,0,14.8,1612
19:45:00,1606,233,7.93,0,14.5,1606
19:50:00,1610,234,8.03,0,14.5,1610
19:55:00,1604,233,7.83,0,14.5,1604
20:00:00,1576,234,7.82,0,14.4,1576
20:05:00,1592,233,7.72,0,14.3,1592
20:10:00,1593,233,7.93,0,14.3,1593
20:15:00,1595,234,7.83,0,14.2,1595
20:20:00,1597,234,7.83,0,13.9,1597
20:25:00,1589,234,7.93,0,14,1589
20:30:00,1582,234,7.83,0,14.1,1582
20:35:00,1344,234,6.53,0,14.1,1344
20:40:00,1059,234,5.57,0,14.3,1059
20:45:00,1039,234,5.53,0,14.1,1039
20:50:00,1046,233,5.53,0,14.1,1046
20:55:00,1049,234,5.64,0,14.1,1049
21:00:00,1047,235,5.63,0,14.3,1047
21:05:00,1047,235,5.53,0,14.1,1047
21:10:00,1020,235,5.53,0,13.9,1020
21:15:00,989,235,5.43,0,13.9,989
21:20:00,989,235,5.43,0,14,989
21:25:00,992,235,5.43,0,14.1,992
21:30:00,991,235,5.43,0,14.1,991
21:35:00,988,234,5.43,0,14,988
21:40:00,989,232,5.43,0,13.9,989
21:45:00,988,233,5.43,0,13.8,988
21:50:00,997,232,5.43,0,14,997
21:55:00,990,231,5.43,0,13.9,990
22:00:00,993,231,5.43,0,14,993
22:05:00,984,231,5.43,0,14.1,984
22:10:00,984,231,5.43,0,14.1,984
22:15:00,987,231,5.43,0,14.1,987
22:20:00,992,231,5.42,0,14.2,992
22:25:00,986,230,5.43,0,14.2,986
22:30:00,989,230,5.43,0,14.2,989
22:35:00,993,231,5.42,0,14.1,993
22:40:00,987,231,5.43,0,14.1,987
22:45:00,991,232,5.43,0,14.2,991
22:50:00,992,231,5.43,0,14.1,992
22:55:00,975,230,5.46,0,14.2,975
23:00:00,887,231,5.43,0,14.3,887
23:05:00,881,230,5.42,0,14.3,881
23:10:00,887,230,5.43,0,14.4,887
23:15:00,889,230,5.43,0,14.3,889
23:20:00,886,231,5.42,0,14.3,886
23:25:00,885,231,5.43,0,14.2,885
23:30:00,898,231,5.43,0,14.1,898
23:35:00,891,231,5.43,0,14.1,891
23:40:00,889,231,5.43,0,14.2,889
23:45:00,888,233,5.43,0,14.2,888
23:50:00,891,234,5.43,0,14.1,891
23:55:00,894,233,5.43,0,14.1,894
0:00:00,887,232,5.43,0,14,887
0:05:00,893,232,5.43,0,14.1,893
0:10:00,892,234,5.43,0,14,892
0:15:00,897,233,5.43,0,14,897
0:20:00,890,232,5.43,0,14,890
0:25:00,888,233,5.44,0,14,888
0:30:00,892,233,5.43,0,14.1,892
0:35:00,896,234,5.43,0,14.1,896
0:40:00,886,232,5.43,0,14.2,886
0:45:00,892,233,5.43,0,14.1,892
0:50:00,891,233,5.43,0,14.2,891
0:55:00,893,233,5.43,0,14.3,893
1:00:00,890,233,5.44,0,14.4,890
1:05:00,891,233,5.43,0,14.3,891
1:10:00,895,233,5.43,0,14.2,895
1:15:00,889,234,5.43,0,14.2,889
1:20:00,887,233,5.43,0,14.2,887
1:25:00,889,233,5.44,0,14.2,889
1:30:00,889,234,5.44,0,14.3,889
1:35:00,893,234,5.43,0,14.3,893
1:40:00,893,234,5.44,0,14.1,893
1:45:00,889,234,5.43,0,14.1,889
1:50:00,889,234,5.43,0,14.1,889
1:55:00,893,234,5.44,0,14.2,893
2:00:00,894,235,5.44,0,14.1,894
2:05:00,893,235,5.43,0,14,893
2:10:00,888,234,5.44,0,14.1,888
2:15:00,892,235,5.44,0,14.1,892
2:20:00,892,235,5.44,0,14.2,892
2:25:00,891,235,5.44,0,14.2,891
2:30:00,893,234,5.44,0,14.2,893
2:35:00,890,234,5.43,0,14.1,890
2:40:00,899,234,5.43,0,14.2,899
2:45:00,893,233,5.43,0,14.3,893
2:50:00,893,233,5.43,0,14.3,893
2:55:00,894,233,5.43,0,14.3,894
3:00:00,895,234,5.43,0,14.5,895
3:05:00,895,234,5.43,0,14.4,895
3:10:00,896,234,5.44,0,14.3,896
3:15:00,900,234,5.43,0,14.4,900
3:20:00,896,235,5.43,0,14.5,896
3:25:00,909,234,5.44,0,14.4,909
3:30:00,911,234,5.43,0,14.4,911
3:35:00,906,234,5.44,0,14.5,906
3:40:00,919,234,5.44,0,14.4,919
3:45:00,912,235,5.44,0,14.5,912
3:50:00,910,234,5.44,0,14.6,910
3:55:00,906,234,5.44,0,14.5,906
4:00:00,933,234,5.53,0,14.4,933
4:05:00,897,234,5.43,0,14.4,897
4:10:00,906,234,5.44,0,14.5,906
4:15:00,903,233,5.43,0,14.5,903
4:20:00,908,234,5.44,0,14.5,908
4:25:00,892,233,5.43,0,14.5,892
4:30:00,900,233,5.43,0,14.4,900
4:35:00,887,232,5.43,0,14.4,887
4:40:00,908,232,5.43,0,14.4,908
4:45:00,899,232,5.43,0,14.5,899
4:50:00,903,232,5.43,0,14.5,903
4:55:00,905,231,5.43,0,14.6,905
5:00:00,898,232,5.43,0,13.9,898
5:05:00,898,232,5.43,0,12.7,898
5:10:00,889,232,5.43,0,12.2,889
5:15:00,923,233,5.57,0,11.7,923
5:20:00,1001,232,5.72,0,11.2,1001
5:25:00,977,232,5.42,0,11.5,977
5:30:00,978,232,5.49,0,11.3,978
5:35:00,984,231,5.56,0,11.6,984
5:40:00,979,231,5.43,0,11.7,979
5:45:00,980,232,5.43,0,11.9,980
5:50:00,972,232,5.44,0,11.8,972
5:55:00,974,232,5.43,0,11.7,974
6:00:00,974,231,5.43,0,12,974
6:05:00,971,232,5.43,0,11.9,971
6:10:00,972,231,5.43,0,12.1,972
6:15:00,973,231,5.43,0,12,973
6:20:00,968,230,5.42,0,11.8,968
6:25:00,968,229,5.42,0,12.1,968
6:30:00,968,230,5.42,0,12.3,968
6:35:00,966,229,5.42,0,12.2,966
6:40:00,969,229,5.43,0,12.3,969
6:45:00,973,230,5.43,0,12.5,973
6:50:00,971,231,5.42,0,12.6,971
6:55:00,977,233,5.44,0,12.6,977
7:00:00,973,234,5.45,0,12.6,973
7:05:00,980,234,5.46,0,12.6,980
7:10:00,974,234,5.45,0,12.6,974
7:15:00,976,234,5.45,0,12.8,976
7:20:00,971,233,5.45,0,12.8,971
7:25:00,975,233,5.45,0,12.8,975
7:30:00,974,234,5.45,0,12.8,974
7:35:00,972,234,5.44,0,12.8,972
7:40:00,969,233,5.44,0,12.9,969
7:45:00,973,234,5.44,0,13,973
7:50:00,967,234,5.44,0,13.1,967
7:55:00,966,234,5.44,0,13.1,966
8:00:00,969,233,5.44,0,13.3,969
8:05:00,1863,232,8.94,0,13.2,1863
8:10:00,2417,232,11.34,0,13,2417
8:15:00,2443,232,11.44,0,13.2,2443
8:20:00,2400,231,11.34,0,13.2,2400
8:25:00,2423,232,11.34,18,13.3,2405
8:30:00,2453,232,11.44,40,13.2,2413
8:35:00,2428,231,11.34,47,13.3,2381
8:40:00,2456,231,11.44,40,13.4,2416
8:45:00,2578,231,12.04,48,13.4,2530
8:50:00,2425,231,11.33,56,13.4,2369
8:55:00,2854,229,13,71,13.4,2783
9:00:00,2655,229,12.13,90,13.5,2565
9:05:00,2904,229,13.3,104,13.7,2800
9:10:00,2814,229,12.83,138,13.9,2676
9:15:00,3001,229,13.56,130,14.1,2871
9:20:00,2759,228,12.73,189,14,2570
9:25:00,2777,229,12.72,292,13.9,2485
9:30:00,3723,229,16.73,315,14.1,3408
9:35:00,4134,228,18.63,174,14.1,3960
9:40:00,4139,228,18.63,204,14.3,3935
9:45:00,4341,229,19.14,143,14.2,4198
9:50:00,4386,227,19.62,257,14.2,4129
9:55:00,4457,228,19.82,473,14.4,3984
10:00:00,4518,229,19.92,424,14.5,4094
10:05:00,4710,230,20.73,234,14.7,4476
10:10:00,4890,231,21.52,106,14.8,4784
10:15:00,5149,230,22.33,168,14.9,4981
10:20:00,5219,230,22.96,121,15,5098
10:25:00,5321,230,23.64,101,15.3,5220
10:30:00,5232,230,23.33,102,15.5,5130
10:35:00,5607,230,25.54,138,15.8,5469
10:40:00,6359,229,28.14,74,15.4,6285
10:45:00,6437,228,28.72,115,15.3,6322
10:50:00,6355,226,28.6,268,15.2,6087
10:55:00,6444,226,28.94,315,15.2,6129
11:00:00,6579,226,29.36,406,15.5,6173
11:05:00,6548,226,29.1,443,15.6,6105
11:10:00,6262,227,28.19,394,15.5,5868
11:15:00,5311,228,23.59,480,15.5,4831
11:20:00,5266,226,23.79,329,15.6,4937
11:25:00,5326,228,23.9,162,15.6,5164
11:30:00,5363,227,23.91,126,15.6,5237
11:35:00,5375,226,24.01,271,15.9,5104
11:40:00,5355,228,23.58,210,15.8,5145
11:45:00,5571,225,24.96,142,15.7,5429
11:50:00,6354,226,28.25,155,15.7,6199
11:55:00,6457,227,28.68,119,15.8,6338
12:00:00,5860,226,26.16,184,16,5676
12:05:00,5908,227,26.35,215,16,5693
12:10:00,5166,228,23.12,176,16.1,4990
12:15:00,5656,227,25.4,117,16.1,5539
12:20:00,5887,227,26.5,84,16,5803
12:25:00,6809,228,30.34,55,16.1,6754
12:30:00,5741,228,25.84,49,16,5692
12:35:00,4881,228,21.87,60,16.1,4821
12:40:00,5184,230,23.17,52,16.3,5132
12:45:00,4169,229,19.04,45,16.2,4124
12:50:00,4493,230,20.77,39,16.4,4454
12:55:00,3442,231,16.95,25,16.6,3417
13:00:00,3092,229,15.15,0,16.4,3092
13:05:00,3432,229,16.42,3,16.5,3429
13:10:00,3177,231,15.39,81,16.4,3096
13:15:00,3075,229,15.09,156,16.6,2919
13:20:00,3657,229,17.17,362,16.5,3295
13:25:00,4842,228,22.28,421,16.5,4421
13:30:00,5992,227,27.25,313,16.5,5679
13:35:00,6306,227,28.32,243,16.7,6063
13:40:00,6536,227,28.88,391,16.9,6145
13:45:00,5389,227,24.02,395,17,4994
13:50:00,4846,228,21.45,324,17,4522
13:55:00,4865,228,21.53,342,17,4523
14:00:00,4998,228,22.21,245,17,4753
14:05:00,5179,228,22.86,340,17,4839
14:10:00,5235,228,23.22,359,17.1,4876
14:15:00,5149,229,23.13,279,17.2,4870
14:20:00,5646,227,24.95,334,17.1,5312
14:25:00,5364,229,23.52,294,17.2,5070
14:30:00,4877,229,21.3,306,17.2,4571
14:35:00,4960,228,21.69,279,17,4681
14:40:00,5776,228,25.33,243,17,5533
14:45:00,5804,227,25.45,194,17,5610
14:50:00,5107,228,22.58,217,17,4890
14:55:00,5293,229,23.4,310,16.8,4983
15:00:00,6116,229,27.03,319,16.6,5797
15:05:00,5066,229,22.95,283,16.6,4783
15:10:00,4067,229,18.61,183,16.6,3884
15:15:00,4143,228,18.9,201,16.5,3942
15:20:00,4217,227,19.24,190,16.4,4027
15:25:00,4087,228,18.45,213,16.4,3874
15:30:00,4105,228,18.57,194,16.3,3911
15:35:00,5268,226,23.57,177,16.3,5091
15:40:00,6553,225,29.13,200,16.2,6353
15:45:00,6341,225,28.2,213,16.4,6128
15:50:00,7177,225,32.13,162,16.2,7015
15:55:00,7356,226,32.75,172,16.4,7184
16:00:00,5753,227,25.91,183,16.4,5570
16:05:00,4526,228,20.95,152,16.3,4374
16:10:00,4231,228,19.81,106,16.3,4125
16:15:00,4678,230,21.09,107,16.3,4571
16:20:00,4787,229,21.5,103,16.4,4684
16:25:00,4587,228,21.05,98,16.1,4489
16:30:00,4793,229,21.88,88,16.2,4705
16:35:00,5461,228,24.4,96,15.8,5365
16:40:00,5764,227,25.72,128,15.7,5636
16:45:00,6044,228,27.01,102,15.9,5942
16:50:00,6012,227,27.03,96,15.7,5916
16:55:00,5541,228,24.48,106,15.9,5435
17:00:00,5396,229,23.98,67,16,5329
17:05:00,4509,230,20.47,54,16,4455
17:10:00,4310,229,19.34,47,16,4263
17:15:00,4593,228,20.57,36,16,4557
17:20:00,5988,229,26.58,33,15.8,5955
17:25:00,6594,227,29.22,27,15.9,6567
17:30:00,5468,229,24.09,0,15.9,5468
17:35:00,5913,228,26.11,0,15.9,5913
17:40:00,5950,228,26.3,0,16,5950
17:45:00,5590,228,24.64,0,15.9,5590
17:50:00,5992,229,26.09,0,15.9,5992
17:55:00,6040,229,26.51,0,15.8,6040
18:00:00,4391,229,19.23,0,15.8,4391
18:05:00,4570,230,19.96,0,15.8,4570
18:10:00,4713,229,20.62,0,15.7,4713
18:15:00,3956,230,17.79,0,15.8,3956
18:20:00,3575,230,16.34,0,15.9,3575
18:25:00,3418,229,15.56,0,16,3418
18:30:00,3417,229,15.58,0,16.1,3417
18:35:00,3405,229,15.55,0,16.1,3405
18:40:00,3397,230,15.46,0,16.1,3397
18:45:00,3360,230,15.34,0,16.3,3360
18:50:00,3359,230,15.32,0,16,3359
18:55:00,3363,230,15.34,0,16.1,3363
19:00:00,3337,229,15.23,0,16.1,3337
19:05:00,3075,230,14.23,0,16.2,3075
19:10:00,2828,230,13.27,0,16.3,2828
19:15:00,2727,230,12.9,0,16.1,2727
19:20:00,2427,231,11.6,0,16.1,2427
19:25:00,2426,230,11.6,0,16.2,2426
19:30:00,2424,230,11.6,0,16.1,2424
19:35:00,2427,230,11.6,0,16.2,2427
19:40:00,2444,231,11.63,0,16.1,2444
19:45:00,2423,231,11.59,0,16.1,2423
19:50:00,2387,230,11.47,0,16.1,2387
19:55:00,2412,231,11.57,0,16.1,2412
20:00:00,2414,230,11.57,0,16.1,2414
20:05:00,2215,230,10.76,0,16,2215
20:10:00,2085,231,10.26,0,16,2085
20:15:00,1823,230,9.17,0,16.1,1823
20:20:00,1826,230,9.16,0,16.2,1826
20:25:00,1831,231,9.2,0,16.3,1831
20:30:00,1829,231,9.19,0,16.2,1829
20:35:00,1783,231,8.86,0,16.1,1783
20:40:00,1447,231,7.06,0,16.1,1447
20:45:00,1233,232,6.17,0,16.2,1233
20:50:00,1257,231,6.85,0,16.1,1257
20:55:00,1161,233,6.15,0,16.2,1161
21:00:00,1139,233,5.96,0,16.2,1139
21:05:00,1023,232,5.36,0,16.2,1023
21:10:00,931,234,5.16,0,16,931
21:15:00,927,234,5.16,0,16.1,927
21:20:00,981,234,5.32,0,16.2,981
21:25:00,974,234,5.39,0,16.1,974
21:30:00,972,235,5.39,0,16.1,972
21:35:00,941,234,5.19,0,16.2,941
21:40:00,916,235,5.1,0,16.2,916
21:45:00,881,235,4.99,0,16.3,881
21:50:00,883,234,5.09,0,16.3,883
21:55:00,878,233,4.99,0,16.4,878
22:00:00,869,232,4.97,0,16.4,869
22:05:00,870,231,4.97,0,16.3,870
22:10:00,872,231,4.97,0,16.3,872
22:15:00,872,231,4.97,0,16.2,872
22:20:00,868,231,4.97,0,16.2,868
22:25:00,868,231,4.97,0,16.2,868
22:30:00,868,231,4.97,0,16.1,868
22:35:00,877,232,4.97,0,16.3,877
22:40:00,869,231,4.97,0,16.2,869
22:45:00,872,231,4.98,0,16.2,872
22:50:00,873,232,4.97,0,16.2,873
22:55:00,869,232,4.98,0,16.2,869
23:00:00,867,233,4.98,0,16.2,867
23:05:00,880,232,4.97,0,16.3,880
23:10:00,875,232,4.97,0,16.2,875
23:15:00,874,233,4.98,0,16.2,874
23:20:00,883,233,5.08,0,16.3,883
23:25:00,876,232,5.08,0,16.2,876
23:30:00,883,233,4.97,0,16.3,883
23:35:00,885,232,4.97,0,16.2,885
23:40:00,874,232,4.97,0,16.3,874
23:45:00,872,233,4.98,0,16.2,872
23:50:00,874,233,4.98,0,16.2,874
23:55:00,873,232,4.99,0,16.2,873
0:00:00,881,232,4.99,0,16.2,881
0:05:00,875,232,4.98,0,16.2,875
0:10:00,872,231,4.98,0,16.3,872
0:15:00,868,231,4.97,0,16.3,868
0:20:00,875,232,4.98,0,16.2,875
0:25:00,873,232,4.97,0,16.2,873
0:30:00,866,232,4.97,0,16.3,866
0:35:00,867,232,4.97,0,16.2,867
0:40:00,873,232,4.97,0,16.3,873
0:45:00,871,232,4.98,0,16.3,871
0:50:00,867,232,4.97,0,16.3,867
0:55:00,873,233,4.98,0,16.2,873
1:00:00,870,234,4.98,0,16.3,870
1:05:00,874,233,4.99,0,16.2,874
1:10:00,876,234,5.01,0,16,876
1:15:00,886,234,5.02,0,16,886
1:20:00,884,234,5.01,0,15.8,884
1:25:00,883,234,5.01,0,15.9,883
1:30:00,882,234,5.02,0,15.9,882
1:35:00,881,234,5.02,0,15.7,881
1:40:00,877,234,5.01,0,15.8,877
1:45:00,871,234,5.08,0,15.9,871
1:50:00,872,234,5.08,0,15.9,872
1:55:00,878,234,4.98,0,15.9,878
2:00:00,872,234,4.98,0,16,872
2:05:00,875,235,5.08,0,16,875
2:10:00,869,234,4.98,0,15.9,869
2:15:00,874,234,4.98,0,15.8,874
2:20:00,872,234,4.98,0,15.8,872
2:25:00,882,234,4.98,0,15.9,882
2:30:00,875,234,5.08,0,15.8,875
2:35:00,872,234,4.98,0,15.8,872
2:40:00,875,234,4.98,0,15.9,875
2:45:00,890,235,4.98,0,15.8,890
2:50:00,875,234,4.98,0,15.7,875
2:55:00,875,234,4.98,0,15.7,875
3:00:00,874,235,4.98,0,15.8,874
3:05:00,874,234,4.98,0,15.8,874
3:10:00,879,234,4.98,0,15.8,879
3:15:00,875,233,4.98,0,15.7,875
3:20:00,875,232,5.08,0,15.8,875
3:25:00,872,232,4.98,0,15.8,872
3:30:00,870,232,4.97,0,15.8,870
3:35:00,868,232,4.97,0,15.7,868
3:40:00,874,232,4.98,0,15.8,874
3:45:00,869,232,4.98,0,15.8,869
3:50:00,865,232,4.98,0,15.7,865
3:55:00,875,232,4.97,0,15.5,875
4:00:00,878,232,4.97,0,15.4,878
4:05:00,881,232,4.98,0,15.5,881
4:10:00,878,232,4.97,0,15.5,878
4:15:00,888,232,4.97,0,15.6,888
4:20:00,877,232,5.07,0,15.6,877
4:25:00,875,232,5.07,0,15.5,875
4:30:00,867,230,4.97,0,15.7,867
4:35:00,865,231,4.97,0,15.7,865
4:40:00,866,230,4.98,0,15.5,866
4:45:00,862,229,4.97,0,15.5,862
4:50:00,866,230,4.97,0,15.5,866
4:55:00,865,229,4.97,0,15.5,865
5:00:00,874,232,4.98,0,15.5,874
5:05:00,856,235,4.98,0,15.5,856
5:10:00,864,234,4.98,0,15.6,864
5:15:00,873,234,4.98,0,15.6,873
5:20:00,866,234,4.98,0,15.6,866
5:25:00,863,234,4.98,0,15.7,863
5:30:00,859,233,4.98,0,15.6,859
5:35:00,871,234,4.98,0,15.6,871
5:40:00,865,234,4.98,0,15.6,865
5:45:00,871,235,4.98,0,15.6,871
5:50:00,866,234,4.98,0,15.6,866
5:55:00,872,235,4.98,0,15.7,872
6:00:00,870,235,4.98,0,15.6,870
6:05:00,874,235,4.98,0,15.6,874
6:10:00,868,235,4.98,0,15.6,868
6:15:00,863,234,4.98,0,15.6,863
6:20:00,866,235,4.98,0,15.7,866
6:25:00,861,235,4.98,0,15.6,861
6:30:00,868,235,5.08,0,15.6,868
6:35:00,865,235,4.98,0,15.6,865
6:40:00,870,235,4.98,0,15.6,870
6:45:00,864,235,4.98,0,15.7,864
6:50:00,866,235,4.98,0,15.6,866
6:55:00,864,235,4.98,0,15.6,864
7:00:00,871,234,4.99,0,15.6,871
7:05:00,864,232,4.98,0,15.6,864
7:10:00,861,231,4.98,0,15.6,861
7:15:00,863,230,4.98,0,15.7,863
7:20:00,868,230,4.98,0,15.7,868
7:25:00,861,231,4.98,0,15.7,861
7:30:00,864,230,4.98,0,15.7,864
7:35:00,865,230,4.98,0,15.6,865
7:40:00,864,232,4.98,0,15.6,864
7:45:00,860,231,4.98,0,15.6,860
7:50:00,861,231,4.98,0,15.7,861
7:55:00,861,231,4.98,0,15.6,861
8:00:00,863,230,4.98,0,15.6,863
8:05:00,869,230,4.98,0,15.6,869
8:10:00,923,231,5.18,0,15.6,923
8:15:00,2214,229,10.38,0,15.7,2214
8:20:00,2247,230,10.58,0,15.7,2247
8:25:00,2276,229,10.78,0,15.7,2276
8:30:00,2309,230,10.88,40,15.6,2269
8:35:00,2322,231,10.89,52,15.7,2270
8:40:00,2327,231,10.88,90,15.7,2237
8:45:00,2336,231,10.89,116,15.8,2220
8:50:00,2447,231,11.39,133,15.8,2314
8:55:00,2615,232,12.09,178,15.7,2437
9:00:00,2838,233,12.69,219,15.7,2619
9:05:00,2664,233,12.09,214,15.9,2450
9:10:00,2698,232,12.06,194,16,2504
9:15:00,3294,230,14.45,230,16,3064
9:20:00,4368,229,19.34,165,15.9,4203
9:25:00,5882,225,26.2,190,15.8,5692
9:30:00,7618,224,33.79,237,15.9,7381
9:35:00,0,0,0,255,0,-255
9:40:00,0,0,0,257,0,-257
9:45:00,8120,223,36.27,315,15.9,7805
9:50:00,8581,223,38.54,299,15.9,8282
9:55:00,6307,224,29.3,211,15.9,6096
10:00:00,7072,223,33.29,196,15.9,6876
10:05:00,7093,222,33.78,320,15.9,6773
10:10:00,5979,224,28.01,471,15.9,5508
10:15:00,7392,224,33.8,674,16,6718
10:20:00,6782,226,30.89,760,16.1,6022
10:25:00,6775,224,30.94,761,15.9,6014
10:30:00,7554,224,34.05,1039,16,6515
10:35:00,6489,224,29.01,1148,16,5341
10:40:00,7646,222,35.23,874,16,6772
10:45:00,6710,224,30.41,580,16.1,6130
10:50:00,7907,223,35.95,607,16.1,7300
10:55:00,6963,224,31.59,516,16,6447
11:00:00,8078,223,36.77,475,16.2,7603
11:05:00,6849,225,31.11,487,16.2,6362
11:10:00,7202,225,32.76,576,16.2,6626
11:15:00,6553,223,30.08,445,16.2,6108
11:20:00,6689,223,30.62,357,16.4,6332
11:25:00,6767,224,30.2,266,16.4,6501
11:30:00,7307,225,33.01,424,16.3,6883
11:35:00,7718,225,35.07,280,16.4,7438
11:40:00,7269,225,32.77,241,16.3,7028
11:45:00,6976,224,31.59,135,16.4,6841
11:50:00,7111,225,32.07,117,16.5,6994
11:55:00,6945,225,31.17,187,16.4,6758
12:00:00,6761,225,30.64,251,16.4,6510
12:05:00,7257,228,32.3,133,16.3,7124
12:10:00,7070,228,31.65,128,16.3,6942
12:15:00,6756,227,30.3,146,16.3,6610
12:20:00,6960,228,31.13,234,16.2,6726
12:25:00,5969,228,26.72,538,16.1,5431
12:30:00,5345,228,24.09,1069,16.2,4276
12:35:00,6136,228,27.54,979,16.1,5157
12:40:00,5815,228,26.26,1060,16.1,4755
12:45:00,5071,229,22.54,711,16.1,4360
12:50:00,5307,227,24.17,724,16.1,4583
12:55:00,5321,227,23.78,696,16.2,4625
13:00:00,5198,228,22.89,560,16.2,4638
13:05:00,5603,227,25.11,524,16.3,5079
13:10:00,5915,228,26.34,594,16.1,5321
13:15:00,5573,227,24.88,581,16.1,4992
13:20:00,5324,228,23.98,688,16.1,4636
13:25:00,5865,229,26.13,885,16.1,4980
13:30:00,5398,228,24.28,782,16.1,4616
13:35:00,5032,228,22.31,839,16.1,4193
13:40:00,5356,227,23.71,1159,15.9,4197
13:45:00,5495,227,24.78,1119,15.9,4376
13:50:00,5344,228,24.02,1206,16,4138
13:55:00,5174,227,23.3,1334,16,3840
14:00:00,5261,228,22.99,981,16,4280
14:05:00,5808,226,25.79,1012,15.9,4796
14:10:00,5761,225,25.61,928,16,4833
14:15:00,4895,225,21.6,644,15.8,4251
14:20:00,4407,226,19.82,568,15.8,3839
14:25:00,3930,227,17.88,514,15.6,3416
14:30:00,3916,227,17.67,438,15.6,3478
14:35:00,4105,227,18.47,616,15.6,3489
14:40:00,5232,227,23.66,470,15.5,4762
14:45:00,4664,226,21.06,782,15.3,3882
14:50:00,4072,228,18.85,943,15.1,3129
14:55:00,4938,226,22.9,909,15.2,4029
15:00:00,4721,228,21.95,991,15.1,3730
15:05:00,4146,228,19.16,836,15,3310
15:10:00,4470,227,20.35,873,14.9,3597
15:15:00,5400,227,24.03,952,14.9,4448
15:20:00,5469,226,24.81,609,14.8,4860
15:25:00,5382,227,24.14,410,14.9,4972
15:30:00,5249,226,23.65,485,14.8,4764
15:35:00,5349,225,24.28,597,14.9,4752
15:40:00,6402,224,28.9,600,14.7,5802
15:45:00,7417,224,32.91,505,14.5,6912
15:50:00,7125,226,31.24,310,14.4,6815
15:55:00,7454,226,33.27,292,14.2,7162
16:00:00,7099,227,31.55,126,14.2,6973
16:05:00,5859,227,26.19,110,14.4,5749
16:10:00,5245,227,23.31,219,14.4,5026
16:15:00,5451,227,24.32,361,14.3,5090
16:20:00,5468,228,24.39,314,14.1,5154
16:25:00,5205,227,23.3,142,14.1,5063
16:30:00,4882,227,21.9,102,13.9,4780
16:35:00,5227,228,23.56,110,13.9,5117
16:40:00,5009,228,22.7,122,14.1,4887
16:45:00,4752,228,21.46,178,14.1,4574
16:50:00,5093,228,22.99,186,14.3,4907
16:55:00,5990,228,27.07,158,14.3,5832
17:00:00,5640,227,25.6,144,14.3,5496
17:05:00,4952,227,22.29,106,14.4,4846
17:10:00,4887,227,21.53,52,14.4,4835
17:15:00,4966,228,21.66,55,14.5,4911
17:20:00,4876,231,21.37,35,14.4,4841
17:25:00,4513,232,19.73,33,14.4,4480
17:30:00,4237,232,18.61,27,14.4,4210
17:35:00,4273,231,18.9,0,14.2,4273
17:40:00,4444,231,19.53,0,14.2,4444
17:45:00,4516,230,19.83,0,14.2,4516
17:50:00,4244,231,18.65,0,14.4,4244
17:55:00,4211,231,18.44,0,14.4,4211
18:00:00,4507,231,19.83,0,14.4,4507
18:05:00,4148,232,18.79,0,14.7,4148
18:10:00,3837,232,17.51,0,14.5,3837
18:15:00,3744,233,16.92,0,14.6,3744
18:20:00,3818,232,17.31,0,14.5,3818
18:25:00,3649,231,16.75,0,14.6,3649
18:30:00,3179,231,14.6,0,14.7,3179
18:35:00,2736,231,12.81,0,14.7,2736
18:40:00,2699,232,12.74,0,14.7,2699
18:45:00,2676,232,12.61,0,14.7,2676
18:50:00,2648,232,12.56,0,14.6,2648
18:55:00,2673,232,12.61,0,14.7,2673
19:00:00,2669,232,12.59,0,14.6,2669
19:05:00,2311,232,11.24,0,14.6,2311
19:10:00,2308,232,11.09,0,14.7,2308
19:15:00,2309,232,11.09,0,14.7,2309
19:20:00,2287,232,10.99,0,14.7,2287
19:25:00,2302,232,11.09,0,14.7,2302
19:30:00,2309,232,10.99,0,14.8,2309
19:35:00,1523,232,7.89,0,14.7,1523
19:40:00,1094,234,6.19,0,14.7,1094
19:45:00,1101,233,6.22,0,14.8,1101
19:50:00,1101,233,6.22,0,14.7,1101
19:55:00,978,233,5.62,0,14.8,978
20:00:00,808,234,5.02,0,14.8,808
20:05:00,823,234,5.1,0,14.9,823
20:10:00,819,233,4.99,0,14.8,819
20:15:00,813,233,4.99,0,14.9,813
20:20:00,819,234,4.99,0,14.9,819
20:25:00,808,234,4.99,0,14.9,808
20:30:00,793,235,5,0,14.9,793
20:35:00,819,234,4.99,0,14.9,819
20:40:00,802,232,4.99,0,15,802
20:45:00,811,232,4.99,0,14.9,811
20:50:00,817,232,4.99,0,14.7,817
20:55:00,810,232,4.99,0,14.7,810
21:00:00,814,232,4.99,0,14.5,814
21:05:00,805,233,4.99,0,14.5,805
21:10:00,766,233,4.89,0,14.6,766
21:15:00,762,232,4.89,0,14.4,762
21:20:00,763,233,4.89,0,14.4,763
21:25:00,757,233,4.89,0,14.6,757
21:30:00,765,233,4.89,0,14.5,765
21:35:00,771,233,4.89,0,14.6,771
21:40:00,761,234,4.89,0,14.7,761
21:45:00,762,233,4.9,0,14.5,762
21:50:00,759,233,4.89,0,14.1,759
21:55:00,759,234,4.89,0,14.1,759
22:00:00,771,234,4.89,0,14,771
22:05:00,764,231,4.89,0,14,764
22:10:00,760,231,4.89,0,13.6,760
22:15:00,763,231,4.89,0,13.7,763
22:20:00,761,230,4.89,0,13.5,761
22:25:00,756,231,4.89,0,13.5,756
22:30:00,761,232,4.89,0,13.5,761
22:35:00,763,232,4.9,0,13.4,763
22:40:00,768,232,4.92,0,13.5,768
22:45:00,777,232,4.94,0,13.5,777
22:50:00,770,233,4.92,0,13.6,770
22:55:00,764,232,4.9,0,13.7,764
23:00:00,764,233,4.89,0,13.6,764
23:05:00,757,232,4.89,0,13.7,757
23:10:00,763,231,4.89,0,13.8,763
23:15:00,761,232,4.89,0,13.8,761
23:20:00,763,231,4.91,0,13.9,763
23:25:00,764,230,4.89,0,13.7,764
23:30:00,766,230,4.89,0,13.7,766
23:35:00,769,231,4.9,0,13.7,769
23:40:00,773,232,4.89,0,13.8,773
23:45:00,764,234,4.9,0,13.8,764
23:50:00,761,234,4.9,0,13.8,761
23:55:00,757,234,4.89,0,14,757
0:00:00,761,234,4.9,0,13.6,761
0:05:00,766,233,4.89,0,13.3,766
0:10:00,759,233,4.89,0,13.4,759
0:15:00,759,234,4.9,0,13.4,759
0:20:00,759,234,4.9,0,13.3,759
0:25:00,766,235,4.9,0,13.3,766
0:30:00,753,235,4.9,0,13.3,753
0:35:00,743,235,4.9,0,13.3,743
0:40:00,745,236,4.8,0,13.5,745
0:45:00,746,236,4.9,0,13.5,746
0:50:00,743,235,4.8,0,13.4,743
0:55:00,746,234,4.79,0,13.5,746
1:00:00,737,233,4.79,0,13.7,737
1:05:00,741,234,4.8,0,13.9,741
1:10:00,742,234,4.79,0,13.9,742
1:15:00,741,234,4.8,0,13.8,741
1:20:00,745,235,4.8,0,13.9,745
1:25:00,740,234,4.8,0,13.9,740
1:30:00,735,235,4.8,0,13.9,735
1:35:00,739,233,4.79,0,14,739
1:40:00,738,233,4.79,0,14,738
1:45:00,743,233,4.8,0,14.1,743
1:50:00,742,234,4.8,0,14.1,742
1:55:00,739,233,4.8,0,14,739
2:00:00,743,234,4.8,0,14,743
2:05:00,748,234,4.8,0,14,748
2:10:00,747,235,4.8,0,14,747
2:15:00,739,235,4.8,0,13.9,739
2:20:00,736,234,4.8,0,13.9,736
2:25:00,745,234,4.8,0,13.9,745
2:30:00,738,234,4.8,0,13.9,738
2:35:00,744,234,4.79,0,14,744
2:40:00,737,233,4.8,0,14,737
2:45:00,737,234,4.8,0,13.9,737
2:50:00,742,233,4.79,0,13.8,742
2:55:00,744,234,4.79,0,13.9,744
3:00:00,735,234,4.8,0,13.9,735
3:05:00,737,234,4.8,0,13.9,737
3:10:00,745,234,4.81,0,13.8,745
3:15:00,744,234,4.81,0,13.8,744
3:20:00,749,234,4.81,0,13.7,749
3:25:00,746,235,4.81,0,13.7,746
3:30:00,741,235,4.8,0,13.8,741
3:35:00,747,235,4.81,0,13.7,747
3:40:00,739,235,4.8,0,13.8,739
3:45:00,743,235,4.8,0,13.7,743
3:50:00,741,235,4.8,0,13.6,741
3:55:00,739,235,4.8,0,13.6,739
4:00:00,740,235,4.9,0,13.7,740
4:05:00,743,235,4.8,0,13.7,743
4:10:00,741,235,4.79,0,13.7,741
4:15:00,735,234,4.79,0,13.6,735
4:20:00,753,234,4.8,0,13.5,753
4:25:00,735,234,4.8,0,13.5,735
4:30:00,750,235,4.8,0,13.6,750
4:35:00,745,234,4.8,0,13.5,745
4:40:00,745,235,4.8,0,13.5,745
4:45:00,746,234,4.8,0,13.5,746
4:50:00,737,235,4.8,0,13.6,737
4:55:00,741,235,4.8,0,13.6,741
5:00:00,743,235,4.8,0,13.7,743
5:05:00,739,234,4.79,0,13.7,739
5:10:00,744,233,4.8,0,13.8,744
5:15:00,741,233,4.79,0,13.7,741
5:20:00,749,233,4.79,0,13.7,749
5:25:00,753,233,4.79,0,13.6,753
5:30:00,746,232,4.79,0,13.6,746
5:35:00,750,232,4.79,0,13.6,750
5:40:00,750,231,4.79,0,13.5,750
5:45:00,751,232,4.8,0,13.4,751
5:50:00,734,231,4.79,0,13.4,734
5:55:00,734,231,4.79,0,13.4,734
6:00:00,742,232,4.79,0,13.4,742
6:05:00,736,231,4.79,0,13.4,736
6:10:00,737,231,4.79,0,13.3,737
6:15:00,739,231,4.79,0,13.3,739
6:20:00,741,231,4.79,0,13.3,741
6:25:00,730,230,4.79,0,13.2,730
6:30:00,737,230,4.79,0,13.2,737
6:35:00,743,230,4.79,0,13.1,743
6:40:00,745,230,4.79,0,13,745
6:45:00,747,231,4.79,0,12.9,747
6:50:00,741,234,4.8,0,12.9,741
6:55:00,747,235,4.8,0,12.8,747
7:00:00,748,234,4.8,0,12.8,748
7:05:00,741,235,4.8,0,12.7,741
7:10:00,737,234,4.81,0,12.6,737
7:15:00,740,233,4.8,0,12.5,740
7:20:00,735,234,4.8,0,12.4,735
7:25:00,743,235,4.81,0,12.4,743
7:30:00,741,235,4.81,0,12.3,741
7:35:00,742,235,4.8,0,12.3,742
7:40:00,737,235,4.81,0,12.2,737
7:45:00,745,234,4.81,0,12.1,745
7:50:00,747,234,4.81,0,12.1,747
7:55:00,747,234,4.8,0,12.1,747
8:00:00,746,234,4.81,0,12,746
8:05:00,1695,233,8.61,0,11.9,1695
8:10:00,2186,232,10.71,0,11.8,2186
8:15:00,2210,232,10.81,0,11.7,2210
8:20:00,2212,232,10.8,0,11.7,2212
8:25:00,2207,232,10.8,36,11.8,2171
8:30:00,2198,231,10.8,65,11.7,2133
8:35:00,2305,231,11.1,66,11.7,2239
8:40:00,2380,230,11.4,51,11.7,2329
8:45:00,2571,230,12.4,73,11.7,2498
8:50:00,2375,230,11.5,79,11.8,2296
8:55:00,2847,228,13.63,81,11.9,2766
9:00:00,3747,228,17.45,102,11.9,3645
9:05:00,3641,229,16.99,148,12,3493
9:10:00,3642,229,17.09,198,12.1,3444
9:15:00,3645,229,17.28,227,12.2,3418
9:20:00,5098,229,23.17,752,12.3,4346
9:25:00,5863,228,25.76,730,12.5,5133
9:30:00,6604,227,28.81,942,12.6,5662
9:35:00,6163,228,27.21,778,12.8,5385
9:40:00,6134,228,26.9,842,13,5292
9:45:00,5949,228,26.53,762,13.1,5187
9:50:00,5998,228,26.42,504,13.2,5494
9:55:00,5854,227,25.9,588,13.2,5266
10:00:00,5959,228,25.87,423,13.3,5536
10:05:00,5946,228,26.21,672,13.5,5274
10:10:00,5955,228,26.44,955,13.7,5000
10:15:00,5976,228,26.63,695,13.8,5281
10:20:00,6096,228,27.79,1229,14,4867
10:25:00,6093,228,27.56,1089,14,5004
10:30:00,5941,228,27.17,842,14.2,5099
10:35:00,5878,228,27.09,779,14.3,5099
10:40:00,6422,228,29.18,595,14.4,5827
10:45:00,8018,227,34.65,750,14.5,7268
10:50:00,8071,227,35.69,1058,14.6,7013
10:55:00,7382,227,33,1088,14.8,6294
11:00:00,7390,227,33.23,1036,14.9,6354
11:05:00,7294,228,32.85,635,15,6659
11:10:00,7018,227,30.98,873,15.1,6145
11:15:00,6821,227,29.7,891,15.2,5930
11:20:00,6892,227,30.39,727,15.3,6165
11:25:00,6856,227,30.29,1163,15.3,5693
11:30:00,6867,227,30.31,1540,15.5,5327
11:35:00,6941,227,30.79,1471,15.5,5470
11:40:00,7562,227,33.59,2106,15.6,5456
11:45:00,7786,227,34.59,1021,15.7,6765
11:50:00,7022,227,31,762,15.8,6260
11:55:00,6938,227,30.89,1859,15.8,5079
12:00:00,6935,227,30.79,985,15.9,5950
12:05:00,6973,227,30.9,466,15.8,6507
12:10:00,7047,228,30.98,577,15.7,6470
12:15:00,6938,228,30.6,266,15.8,6672
12:20:00,7242,228,31.93,339,16,6903
12:25:00,7849,228,34.1,277,16.1,7572
12:30:00,7372,228,32.07,266,16.1,7106
12:35:00,7961,228,34.61,711,16.1,7250
12:40:00,8037,229,34.66,1625,16,6412
12:45:00,7494,230,32.17,1745,16.1,5749
12:50:00,6892,231,29.48,1398,16.3,5494
12:55:00,6400,231,27.5,1959,16.5,4441
13:00:00,5607,231,24.4,1457,16.5,4150
13:05:00,4568,232,20.3,791,16.5,3777
13:10:00,5385,232,23.87,1075,16.5,4310
13:15:00,4749,232,21.25,1526,16.6,3223
13:20:00,4958,231,22.21,1196,16.5,3762
13:25:00,5150,230,23.02,1318,16.5,3832
13:30:00,4804,231,21.48,1470,16.5,3334
13:35:00,5345,231,23.98,1039,16.6,4306
13:40:00,6923,229,30.47,836,16.6,6087
13:45:00,6492,230,29.1,940,16.5,5552
13:50:00,5262,231,23.51,579,16.5,4683
13:55:00,4420,231,20.22,237,16.5,4183
14:00:00,4575,230,20.79,242,16.4,4333
14:05:00,4872,230,21.8,257,16.3,4615
14:10:00,5223,229,23.62,518,16.2,4705
14:15:00,4385,230,20.04,1265,16.1,3120
14:20:00,4441,231,19.64,1090,15.9,3351
14:25:00,4580,230,20.32,1102,15.8,3478
14:30:00,5817,230,25.51,901,15.6,4916
14:35:00,5132,230,22.75,810,15.8,4322
14:40:00,4596,231,20.44,522,15.9,4074
14:45:00,5513,231,24.43,477,16,5036
14:50:00,5459,231,24.26,517,15.9,4942
14:55:00,4812,232,21.7,504,16,4308
15:00:00,4930,231,22.23,656,16.1,4274
15:05:00,4981,231,22.31,1149,16.1,3832
15:10:00,4873,231,21.83,1051,16.1,3822
15:15:00,4641,231,21.06,350,16.1,4291
15:20:00,4723,231,21.44,264,16.1,4459
15:25:00,4913,230,22.35,898,16.2,4015
15:30:00,4842,231,21.95,1032,16.2,3810
15:35:00,4099,231,18.54,615,16.1,3484
15:40:00,4090,230,18.58,574,16.1,3516
15:45:00,4360,231,19.74,353,16,4007
15:50:00,3542,231,16.13,268,15.8,3274
15:55:00,3445,231,15.74,260,15.9,3185
16:00:00,3444,232,15.73,295,15.9,3149
16:05:00,3451,232,15.71,200,15.9,3251
16:10:00,3452,232,15.7,456,15.9,2996
16:15:00,3431,231,15.7,621,15.9,2810
16:20:00,3639,231,16.74,251,15.9,3388
16:25:00,4180,231,19.13,82,15.8,4098
16:30:00,4114,231,18.91,309,15.7,3805
16:35:00,4074,232,18.78,245,15.7,3829
16:40:00,3974,231,18.37,208,15.7,3766
16:45:00,3946,230,18.37,128,15.7,3818
16:50:00,3914,230,18.46,90,15.6,3824
16:55:00,3891,230,18.45,132,15.5,3759
17:00:00,4073,230,19.04,98,15.5,3975
17:05:00,4056,231,18.27,157,15.4,3899
17:10:00,3234,231,14.74,79,15.3,3155
17:15:00,3253,231,14.81,50,15.3,3203
17:20:00,3609,229,16.07,137,15.2,3472
17:25:00,3896,230,17.2,95,15.2,3801
17:30:00,4139,229,18.08,52,15.2,4087
17:35:00,4341,228,19,26,15.1,4315
17:40:00,4411,229,19.52,0,15,4411
17:45:00,4052,229,18.1,0,14.9,4052
17:50:00,3291,229,15.16,0,14.9,3291
17:55:00,3293,229,15.06,0,14.8,3293
18:00:00,3067,229,14.43,0,14.8,3067
18:05:00,2949,229,14.13,0,14.8,2949
18:10:00,3139,228,14.92,0,14.8,3139
18:15:00,3482,229,16.23,0,14.8,3482
18:20:00,3058,229,14.18,0,14.8,3058
18:25:00,2655,229,12.66,0,14.7,2655
18:30:00,2441,230,11.46,0,14.6,2441
18:35:00,2247,230,10.58,0,14.6,2247
18:40:00,2205,230,10.41,0,14.5,2205
18:45:00,2223,230,10.51,0,14.5,2223
18:50:00,2249,230,10.58,0,14.6,2249
18:55:00,2280,231,10.54,0,14.6,2280
19:00:00,2002,232,9.38,0,14.6,2002
19:05:00,1773,232,8.37,0,14.6,1773
19:10:00,1443,232,7.17,0,14.6,1443
19:15:00,1083,233,5.7,0,14.6,1083
19:20:00,1324,233,6.94,0,14.5,1324
19:25:00,1652,233,8.59,0,14.4,1652
19:30:00,1379,233,7.31,0,14.4,1379
19:35:00,1372,233,7.3,0,14.3,1372
19:40:00,1377,233,7.25,0,14.2,1377
19:45:00,1367,233,7.4,0,14.1,1367
19:50:00,1368,232,7.45,0,14.1,1368
19:55:00,1187,233,6.44,0,14,1187
20:00:00,856,233,4.88,0,14,856
20:05:00,862,233,4.89,0,13.9,862
20:10:00,851,233,4.77,0,13.8,851
20:15:00,864,234,4.88,0,13.7,864
20:20:00,866,234,4.89,0,13.8,866
20:25:00,860,233,4.89,0,13.7,860
20:30:00,864,235,4.88,0,13.5,864
20:35:00,861,235,4.88,0,13.6,861
20:40:00,858,233,4.88,0,13.6,858
20:45:00,982,235,5.46,0,13.7,982
20:50:00,1497,235,7.79,0,13.8,1497
20:55:00,1644,235,8.43,0,13.8,1644
21:00:00,1419,235,7.55,0,13.7,1419
21:05:00,1359,235,7.46,0,13.8,1359
21:10:00,1362,236,7.43,0,13.8,1362
21:15:00,1364,235,7.47,0,13.7,1364
21:20:00,1367,235,7.45,0,13.5,1367
21:25:00,1365,236,7.46,0,13.2,1365
21:30:00,1365,236,7.54,0,13.2,1365
21:35:00,983,235,5.47,0,13,983
21:40:00,886,236,4.91,0,13,886
21:45:00,894,235,4.92,0,13.1,894
21:50:00,888,234,4.91,0,12.9,888
21:55:00,882,233,4.91,0,12.8,882
22:00:00,881,232,4.89,0,12.8,881
22:05:00,871,232,4.88,0,12.8,871
22:10:00,871,233,4.88,0,12.9,871
22:15:00,866,233,4.89,0,12.8,866
22:20:00,875,234,4.9,0,12.7,875
22:25:00,1294,232,6.88,0,12.5,1294
22:30:00,1710,231,8.64,0,12.4,1710
22:35:00,1410,232,7.51,0,12.3,1410
22:40:00,1368,231,7.38,0,12.3,1368
22:45:00,1372,232,7.37,0,12.4,1372
22:50:00,1379,232,7.32,0,12.3,1379
22:55:00,1376,232,7.34,0,12.2,1376
23:00:00,1362,232,7.37,0,12.3,1362
23:05:00,1349,232,7.28,0,12.1,1349
23:10:00,1349,232,7.41,0,11.9,1349
23:15:00,989,233,5.59,0,12,989
23:20:00,843,233,4.88,0,12.2,843
23:25:00,845,233,4.89,0,12.4,845
23:30:00,842,233,4.9,0,12.4,842
23:35:00,840,233,4.89,0,12.5,840
23:40:00,839,234,4.89,0,12.5,839
23:45:00,841,234,4.89,0,12.5,841
23:50:00,844,234,4.89,0,12.5,844
23:55:00,838,234,4.89,0,12.4,838
0:00:00,848,234,4.9,0,12.3,848
0:05:00,1216,233,6.72,0,12.3,1216
0:10:00,1658,234,8.62,0,12.2,1658
0:15:00,1389,234,7.47,0,12.2,1389
0:20:00,1361,234,7.44,0,12.3,1361
0:25:00,1348,235,7.43,0,12.3,1348
0:30:00,1351,235,7.41,0,12.1,1351
0:35:00,1344,234,7.42,0,12,1344
0:40:00,1345,234,7.41,0,12,1345
0:45:00,1344,235,7.41,0,11.5,1344
0:50:00,1356,235,7.35,0,11.4,1356
0:55:00,1350,235,7.41,0,11.5,1350
1:00:00,958,235,5.44,0,11.3,958
1:05:00,845,235,4.88,0,11.6,845
1:10:00,840,235,4.92,0,11.8,840
1:15:00,846,235,4.9,0,11.6,846
1:20:00,840,234,4.87,0,11.4,840
1:25:00,840,234,4.92,0,11.4,840
1:30:00,839,232,4.77,0,11.2,839
1:35:00,835,231,4.77,0,11,835
1:40:00,840,232,4.88,0,11,840
1:45:00,865,231,4.91,0,11.1,865
1:50:00,1679,231,8.57,0,11.2,1679
1:55:00,1519,232,7.93,0,11.5,1519
2:00:00,1441,232,7.64,0,11.4,1441
2:05:00,1349,232,7.36,0,11.4,1349
2:10:00,1348,231,7.22,0,11.6,1348
2:15:00,1346,231,7.21,0,11.5,1346
2:20:00,1354,232,7.32,0,11.3,1354
2:25:00,1361,232,7.34,0,11.5,1361
2:30:00,1359,232,7.35,0,11.6,1359
2:35:00,1359,231,7.36,0,11.6,1359
2:40:00,1374,232,7.36,0,11.6,1374
2:45:00,1276,232,6.91,0,11.6,1276
2:50:00,859,232,4.87,0,11.7,859
2:55:00,860,232,4.88,0,11.7,860
3:00:00,847,232,4.79,0,11.6,847
3:05:00,852,231,4.86,0,11.6,852
3:10:00,851,232,4.88,0,11.7,851
3:15:00,845,232,4.76,0,11.7,845
3:20:00,844,232,4.86,0,11.6,844
3:25:00,842,231,4.77,0,11.5,842
3:30:00,852,232,4.76,0,11.6,852
3:35:00,1171,232,6.26,0,11.7,1171
3:40:00,1710,231,8.69,0,11.6,1710
3:45:00,1505,232,7.86,0,11.7,1505
3:50:00,1399,232,7.41,0,11.7,1399
3:55:00,1358,232,7.25,0,11.7,1358
4:00:00,1364,231,7.48,0,11.7,1364
4:05:00,1356,233,7.38,0,11.7,1356
4:10:00,1352,233,7.27,0,11.7,1352
4:15:00,1355,233,7.27,0,11.6,1355
4:20:00,1362,233,7.28,0,11.7,1362
4:25:00,1357,233,7.38,0,11.7,1357
4:30:00,1362,233,7.34,0,11.7,1362
4:35:00,1071,233,5.93,0,11.7,1071
4:40:00,841,233,4.88,0,11.6,841
4:45:00,843,233,4.89,0,11.3,843
4:50:00,845,233,4.89,0,11.3,845
4:55:00,841,233,4.88,0,11.4,841
5:00:00,844,233,4.86,0,11.4,844
5:05:00,841,233,4.86,0,11.5,841
5:10:00,843,233,4.79,0,11.7,843
5:15:00,840,232,4.87,0,11.6,840
5:20:00,942,233,5.41,0,11.7,942
5:25:00,1477,232,7.85,0,11.7,1477
5:30:00,1526,232,7.98,0,11.8,1526
5:35:00,1479,233,7.79,0,11.7,1479
5:40:00,1364,231,7.32,0,11.7,1364
5:45:00,1351,232,7.28,0,11.9,1351
5:50:00,1361,232,7.29,0,12,1361
5:55:00,1359,232,7.29,0,12.1,1359
6:00:00,1358,232,7.31,0,12,1358
6:05:00,905,232,5.08,0,12.2,905
6:10:00,838,231,4.78,0,12.2,838
6:15:00,838,231,4.77,0,12.3,838
6:20:00,839,231,4.88,0,12.3,839
6:25:00,840,231,4.9,0,12.4,840
6:30:00,844,234,4.9,0,12.4,844
6:35:00,842,236,4.94,0,12.5,842
6:40:00,838,235,4.91,0,12.7,838
6:45:00,840,232,4.78,0,12.8,840
6:50:00,1323,233,7.13,0,12.8,1323
6:55:00,1580,233,8.23,0,12.9,1580
7:00:00,1386,232,7.46,0,13,1386
7:05:00,1371,233,7.51,0,13.2,1371
7:10:00,1374,232,7.38,0,13.3,1374
7:15:00,1376,232,7.54,0,13.3,1376
7:20:00,912,232,5.25,0,13.5,912
7:25:00,847,232,4.89,0,13.6,847
7:30:00,851,232,4.8,0,13.7,851
7:35:00,846,232,4.91,0,13.8,846
7:40:00,846,232,4.79,0,13.8,846
7:45:00,854,232,4.8,0,13.8,854
7:50:00,856,232,4.91,0,13.9,856
7:55:00,855,232,4.91,0,14,855
8:00:00,1011,232,5.6,0,14.1,1011
8:05:00,1553,232,8.19,3,14,1550
8:10:00,1465,231,7.73,58,14,1407
8:15:00,1399,230,7.48,52,14,1347
8:20:00,1387,230,7.41,62,14,1325
8:25:00,1162,230,6.31,71,14,1091
8:30:00,854,230,4.77,132,14.1,722
8:35:00,855,231,4.88,121,14.1,734
8:40:00,848,234,4.89,89,14.2,759
8:45:00,857,234,4.92,92,14.1,765
8:50:00,848,234,4.9,104,14.2,744
8:55:00,852,234,4.91,139,14.2,713
9:00:00,867,234,5.02,244,14.2,623
9:05:00,958,234,5.42,375,14.2,583
9:10:00,1506,234,8.04,428,14.3,1078
9:15:00,1529,233,8.05,401,14.2,1128
9:20:00,1257,234,6.91,424,14.3,833
9:25:00,844,234,4.88,487,14.3,357
9:30:00,845,234,4.9,500,14.3,345
9:35:00,846,234,4.78,526,14.4,320
9:40:00,847,234,4.82,528,14.4,319
9:45:00,857,235,4.92,617,14.4,240
9:50:00,855,235,4.93,625,14.4,230
9:55:00,1171,235,6.53,758,14.4,413
10:00:00,1580,235,8.24,954,14.5,626
10:05:00,1475,233,7.83,1023,14.6,452
10:10:00,1081,233,5.96,809,14.6,272
10:15:00,849,233,4.92,411,14.5,438
10:20:00,841,234,4.89,307,14.6,534
10:25:00,848,233,4.9,555,14.5,293
10:30:00,842,234,4.88,765,14.5,77
10:35:00,840,232,4.79,868,14.6,-28
10:40:00,843,232,4.89,1275,14.7,-432
10:45:00,1291,233,7.09,1426,14.7,-135
10:50:00,1555,232,8.17,1338,14.8,217
10:55:00,1400,232,7.45,1646,14.8,-246
11:00:00,843,232,4.88,2457,14.8,-1614
11:05:00,848,232,4.8,1551,15,-703
11:10:00,843,232,4.89,1397,14.9,-554
11:15:00,844,232,4.8,1070,15,-226
11:20:00,845,232,4.88,1481,14.9,-636
11:25:00,836,232,4.88,1119,14.9,-283
11:30:00,1113,231,6.13,1138,14.9,-25
11:35:00,1562,232,8.16,1125,14.9,437
11:40:00,1471,232,7.82,1507,14.8,-36
11:45:00,962,232,5.35,1245,14.8,-283
11:50:00,847,232,4.82,906,14.8,-59
11:55:00,842,233,4.8,760,14.9,82
12:00:00,847,232,4.89,652,15,195
12:05:00,846,232,4.79,628,15,218
12:10:00,844,232,4.79,774,15,70
12:15:00,1004,233,5.69,851,14.9,153
12:20:00,1548,232,8.08,1002,15,546
12:25:00,1482,232,7.85,977,15,505
12:30:00,1127,232,6.14,948,15,179
12:35:00,852,232,4.92,718,15.2,134
12:40:00,848,233,4.91,639,15.4,209
12:45:00,847,233,4.81,565,15.3,282
12:50:00,845,233,4.88,597,15.3,248
12:55:00,849,232,4.89,1106,15.2,-257
13:00:00,882,232,5.09,1196,15.2,-314
13:05:00,1478,231,7.76,1101,15.4,377
13:10:00,1523,231,8.1,1080,15.4,443
13:15:00,1296,231,7.07,1023,15.3,273
13:20:00,856,231,4.89,1012,15.4,-156
13:25:00,853,232,4.89,1207,15.5,-354
13:30:00,846,232,4.89,1338,15.6,-492
13:35:00,841,232,4.87,1159,15.6,-318
13:40:00,844,231,4.87,1135,15.6,-291
13:45:00,910,232,5.21,1164,15.6,-254
13:50:00,1488,232,7.85,1045,15.5,443
13:55:00,1532,232,8.03,1030,15.4,502
14:00:00,1171,232,6.42,984,15.5,187
14:05:00,868,233,4.99,939,15.6,-71
14:10:00,848,232,4.87,809,15.5,39
14:15:00,851,232,4.87,645,15.7,206
14:20:00,850,232,4.89,592,15.5,258
14:25:00,850,232,4.78,694,15.5,156
14:30:00,953,232,5.43,696,15.5,257
14:35:00,1516,232,8.05,681,15.5,835
14:40:00,1521,233,8.11,651,15.5,870
14:45:00,1086,233,6.04,540,15.6,546
14:50:00,852,233,4.81,556,15.4,296
14:55:00,854,233,4.89,556,15.3,298
15:00:00,849,233,4.89,464,15.5,385
15:05:00,853,233,4.89,390,15.7,463
15:10:00,849,233,4.8,355,15.7,494
15:15:00,1009,233,5.59,378,15.6,631
15:20:00,1555,232,8.2,459,15.3,1096
15:25:00,1508,232,7.91,509,15.3,999
15:30:00,1010,233,5.68,541,15.4,469
15:35:00,853,233,4.9,577,15.1,276
15:40:00,851,232,4.81,613,15,238
15:45:00,853,233,4.81,606,14.8,247
15:50:00,856,233,4.92,611,14.9,245
15:55:00,880,233,4.97,637,14.6,243
16:00:00,1471,233,7.84,618,14.8,853
16:05:00,1563,232,8.14,639,14.8,924
16:10:00,1433,231,7.6,568,14.8,865
16:15:00,866,232,4.94,466,14.7,400
16:20:00,857,231,4.78,402,14.5,455
16:25:00,856,232,4.81,354,14.4,502
16:30:00,847,231,4.88,306,14.4,541
16:35:00,853,232,4.79,264,14.3,589
16:40:00,846,232,4.77,229,14.3,617
16:45:00,903,231,5.18,209,14.3,694
16:50:00,1464,231,7.7,155,14.1,1309
16:55:00,1518,231,7.96,134,13.9,1384
17:00:00,1409,231,7.49,127,13.8,1282
17:05:00,1367,231,7.33,114,13.8,1253
17:10:00,1364,231,7.28,96,13.8,1268
17:15:00,1369,231,7.31,75,13.7,1294
17:20:00,1377,231,7.3,56,13.5,1321
17:25:00,1380,231,7.32,45,13.5,1335
17:30:00,1370,231,7.34,30,13.4,1340
17:35:00,873,231,5.01,0,13.3,873
17:40:00,847,230,4.87,0,13.1,847
17:45:00,850,230,4.87,0,13.3,850
17:50:00,843,232,4.78,0,13.2,843
17:55:00,842,234,4.88,0,13.3,842
18:00:00,848,234,4.9,0,13.3,848
18:05:00,852,234,4.9,0,13.3,852
18:10:00,842,234,4.93,0,13.4,842
18:15:00,839,234,4.88,0,13.4,839
18:20:00,1208,235,6.72,0,13.3,1208
18:25:00,1637,235,8.56,0,13.3,1637
18:30:00,1449,235,7.91,0,12.8,1449
18:35:00,1363,235,7.53,0,12.7,1363
18:40:00,1358,234,7.4,0,12.6,1358
18:45:00,1354,234,7.45,0,12.6,1354
18:50:00,1366,232,7.37,0,12.8,1366
18:55:00,1361,232,7.29,0,12.9,1361
19:00:00,1360,232,7.42,0,13,1360
19:05:00,1008,231,5.82,0,12.9,1008
19:10:00,834,231,4.87,0,12.9,834
19:15:00,839,231,4.87,0,12.9,839
19:20:00,850,231,4.77,0,12.9,850
19:25:00,850,231,4.88,0,13,850
19:30:00,840,231,4.76,0,13,840
19:35:00,837,231,4.86,0,12.9,837
19:40:00,837,231,4.77,0,12.8,837
19:45:00,837,231,4.76,0,12.9,837
19:50:00,1252,230,6.77,0,12.8,1252
19:55:00,1606,230,8.31,0,12.9,1606
20:00:00,1417,231,7.56,0,12.9,1417
20:05:00,1361,231,7.28,0,12.8,1361
20:10:00,1363,230,7.27,0,12.7,1363
20:15:00,1357,231,7.27,0,12.7,1357
20:20:00,1367,231,7.26,0,12.7,1367
20:25:00,1371,230,7.31,0,12.8,1371
20:30:00,1361,230,7.26,0,12.9,1361
20:35:00,1019,230,5.65,0,12.9,1019
20:40:00,840,231,4.85,0,12.9,840
20:45:00,843,230,4.76,0,12.8,843
20:50:00,842,230,4.75,0,12.9,842
20:55:00,837,230,4.75,0,12.8,837
21:00:00,844,230,4.85,0,12.7,844
21:05:00,851,231,4.85,0,12.6,851
21:10:00,835,231,4.85,0,12.6,835
21:15:00,863,231,4.91,0,12.5,863
21:20:00,1417,231,7.5,0,12.5,1417
21:25:00,1604,231,8.27,0,12.5,1604
21:30:00,1434,231,7.6,0,12.7,1434
21:35:00,1357,231,7.35,0,12.8,1357
21:40:00,1361,231,7.3,0,12.9,1361
21:45:00,1357,232,7.41,0,13,1357
21:50:00,1367,231,7.43,0,13.1,1367
21:55:00,1227,232,6.8,0,13,1227
22:00:00,844,232,4.9,0,12.9,844
22:05:00,839,231,4.75,0,12.8,839
22:10:00,838,230,4.88,0,12.8,838
22:15:00,835,231,4.76,0,12.9,835
22:20:00,842,231,4.86,0,12.9,842
22:25:00,840,231,4.87,0,12.9,840
22:30:00,844,231,4.76,0,12.7,844
22:35:00,837,231,4.76,0,12.7,837
22:40:00,907,231,5.24,0,12.8,907
22:45:00,1447,231,7.62,0,12.7,1447
22:50:00,1587,231,8.3,0,12.8,1587
22:55:00,1414,231,7.54,0,12.9,1414
23:00:00,1366,232,7.44,0,12.9,1366
23:05:00,1356,232,7.29,0,12.9,1356
23:10:00,1362,232,7.32,0,13.1,1362
23:15:00,1363,232,7.33,0,13,1363
23:20:00,1360,233,7.33,0,12.9,1360
23:25:00,892,233,5.19,0,13,892
23:30:00,843,233,4.9,0,12.9,843
23:35:00,849,233,4.9,0,12.8,849
23:40:00,847,234,4.9,0,12.7,847
23:45:00,851,234,4.92,0,12.7,851
23:50:00,854,234,4.91,0,12.7,854
23:55:00,849,234,4.92,0,12.7,849
0:00:00,843,233,4.79,0,12.7,843
0:05:00,859,233,5.17,0,12.7,859
0:10:00,1214,234,6.69,0,12.7,1214
0:15:00,1648,234,8.46,0,12.7,1648
0:20:00,1370,233,7.51,0,12.7,1370
0:25:00,1358,232,7.26,0,12.6,1358
0:30:00,1356,231,7.27,0,12.5,1356
0:35:00,1355,231,7.37,0,12.5,1355
0:40:00,1354,231,7.25,0,12.5,1354
0:45:00,1350,232,7.38,0,12.5,1350
0:50:00,1357,231,7.26,0,12.5,1357
0:55:00,1369,231,7.38,0,12.5,1369
1:00:00,1236,232,6.77,0,12.5,1236
1:05:00,846,232,4.77,0,12.4,846
1:10:00,838,231,4.88,0,12.5,838
1:15:00,848,231,4.87,0,12.4,848
1:20:00,836,233,4.86,0,12.4,836
1:25:00,847,233,4.87,0,12.4,847
1:30:00,841,233,4.89,0,12.3,841
1:35:00,841,233,4.87,0,12.2,841
1:40:00,848,233,4.9,0,12.3,848
1:45:00,839,233,4.9,0,12.2,839
1:50:00,1243,232,6.71,0,12.1,1243
1:55:00,1674,231,8.51,0,12.1,1674
2:00:00,1470,231,7.72,0,12.1,1470
2:05:00,1345,232,7.27,0,12.1,1345
2:10:00,1350,232,7.22,0,12,1350
2:15:00,1353,231,7.32,0,12,1353
2:20:00,1350,232,7.32,0,12,1350
2:25:00,1351,231,7.21,0,11.9,1351
2:30:00,1350,231,7.21,0,11.9,1350
2:35:00,1346,231,7.23,0,11.8,1346
2:40:00,1346,231,7.17,0,11.8,1346
2:45:00,1352,231,7.19,0,11.8,1352
2:50:00,1348,231,7.18,0,11.8,1348
2:55:00,1353,231,7.2,0,11.8,1353
3:00:00,1352,232,7.23,0,11.6,1352
3:05:00,1189,233,6.57,0,11.6,1189
3:10:00,841,233,4.88,0,11.6,841
3:15:00,846,233,4.88,0,11.6,846
3:20:00,851,233,4.89,0,11.6,851
3:25:00,845,233,4.88,0,11.6,845
3:30:00,852,234,4.91,0,11.7,852
3:35:00,843,233,4.89,0,11.6,843
3:40:00,848,233,4.9,0,11.5,848
3:45:00,839,233,4.89,0,11.5,839
3:50:00,842,233,4.9,0,11.3,842
3:55:00,1073,233,5.96,0,11.2,1073
4:00:00,1774,233,9.04,0,11.4,1774
4:05:00,1508,232,7.88,0,11.3,1508
4:10:00,1351,232,7.22,0,11.3,1351
4:15:00,1337,232,7.32,0,11.3,1337
4:20:00,1342,233,7.21,0,11.4,1342
4:25:00,1350,233,7.3,0,11.4,1350
4:30:00,1332,233,7.31,0,11.3,1332
4:35:00,1336,233,7.31,0,11.3,1336
4:40:00,1332,233,7.21,0,11.3,1332
4:45:00,1334,233,7.34,0,11.3,1334
4:50:00,1336,233,7.34,0,11.2,1336
4:55:00,1341,233,7.3,0,11.2,1341
5:00:00,1334,233,7.34,0,11.1,1334
5:05:00,1351,233,7.45,0,11.1,1351
5:10:00,1337,233,7.3,0,11,1337
5:15:00,1331,233,7.2,0,10.9,1331
5:20:00,1343,232,7.36,0,10.8,1343
5:25:00,1331,233,7.21,0,10.8,1331
5:30:00,1331,233,7.15,0,10.7,1331
5:35:00,1334,233,7.22,0,10.7,1334
5:40:00,1336,233,7.34,0,10.6,1336
5:45:00,1065,233,5.99,0,10.6,1065
5:50:00,844,233,4.87,0,10.6,844
5:55:00,846,233,4.92,0,10.6,846
6:00:00,842,234,4.91,0,10.5,842
6:05:00,839,233,4.88,0,10.5,839
6:10:00,840,232,4.89,0,10.5,840
6:15:00,845,232,4.89,0,10.6,845
6:20:00,839,233,4.76,0,10.6,839
6:25:00,836,233,4.76,0,10.6,836
6:30:00,840,232,4.89,0,10.6,840
6:35:00,849,233,4.95,0,10.5,849
6:40:00,1628,233,8.32,0,10.5,1628
6:45:00,1682,232,8.7,0,10.4,1682
6:50:00,1471,232,7.8,0,10.3,1471
6:55:00,1342,232,7.17,0,10.4,1342
7:00:00,1340,232,7.18,0,10.3,1340
7:05:00,1338,231,7.18,0,10.3,1338
7:10:00,1338,231,7.2,0,10.3,1338
7:15:00,1332,233,7.22,0,10.2,1332
7:20:00,1339,233,7.3,0,10.2,1339
7:25:00,1338,234,7.33,0,10.2,1338
7:30:00,1336,233,7.31,0,10.1,1336
7:35:00,1340,233,7.32,0,10.2,1340
7:40:00,1341,233,7.31,0,10.1,1341
7:45:00,1334,233,7.32,0,10.2,1334
7:50:00,1334,233,7.2,0,10.2,1334
7:55:00,1341,234,7.33,0,10.2,1341
8:00:00,1341,235,7.34,0,10.2,1341
8:05:00,1337,235,7.36,0,10.2,1337
8:10:00,1339,235,7.35,0,10.2,1339
8:15:00,1334,234,7.32,9,10.1,1325
8:20:00,1344,233,7.3,53,10.1,1291
8:25:00,1332,233,7.22,72,10.2,1260
8:30:00,1338,234,7.33,92,10.1,1246
8:35:00,1337,233,7.3,105,10.2,1232
8:40:00,1337,232,7.21,124,10.1,1213
8:45:00,1333,232,7.21,133,10.1,1200
8:50:00,1339,232,7.2,146,10.1,1193
8:55:00,1056,234,5.92,157,10.2,899
9:00:00,850,234,4.9,174,10.3,676
9:05:00,842,234,4.88,185,10.3,657
9:10:00,845,234,4.91,195,10.3,650
9:15:00,845,233,4.77,197,10.3,648
9:20:00,854,233,4.89,210,10.3,644
9:25:00,847,234,4.88,197,10.4,650
9:30:00,844,233,4.79,240,10.5,604
9:35:00,844,233,4.77,194,10.6,650
9:40:00,848,233,4.76,213,10.7,635
9:45:00,1027,233,5.64,420,10.8,607
9:50:00,1761,232,8.91,550,11.1,1211
9:55:00,1534,232,8.04,613,11.5,921
10:00:00,1374,231,7.34,703,11.9,671
10:05:00,1357,232,7.35,851,12.5,506
10:10:00,1348,232,7.36,851,13,497
10:15:00,1347,232,7.2,745,13.4,602
10:20:00,1349,232,7.22,631,13.7,718
10:25:00,1348,231,7.26,657,14,691
10:30:00,1344,232,7.24,567,13.8,777
10:35:00,1345,232,7.25,489,13.9,856
10:40:00,1349,232,7.27,671,14,678
10:45:00,1357,234,7.34,666,14.1,691
10:50:00,1358,234,7.32,753,14.3,605
10:55:00,853,234,4.93,911,14.4,-58
11:00:00,842,234,4.86,938,14.5,-96
11:05:00,842,234,4.9,988,14.7,-146
11:10:00,842,235,4.77,1041,14.5,-199
11:15:00,845,235,4.9,1226,14.4,-381
11:20:00,848,235,4.89,1313,14.3,-465
11:25:00,847,236,4.89,1605,14.1,-758
11:30:00,842,236,4.9,1767,14.1,-925
11:35:00,839,236,4.87,1570,14.2,-731
11:40:00,1231,235,6.81,1464,14,-233
11:45:00,1656,236,8.66,1447,14,209
11:50:00,4302,233,19.43,1514,13.9,2788
11:55:00,4694,234,21.54,1551,13.9,3143
12:00:00,4549,233,20.97,1581,13.9,2968
12:05:00,5265,233,23.93,1613,13.9,3652
12:10:00,5476,233,24.81,1633,14.1,3843
12:15:00,5223,233,23.81,1558,13.9,3665
12:20:00,5216,232,23.8,1511,13.9,3705
12:25:00,4598,233,20.65,1566,13.8,3032
12:30:00,4740,234,21.3,1605,13.8,3135
12:35:00,4481,233,20.6,1533,13.9,2948
12:40:00,4539,233,20.69,1518,14,3021
12:45:00,4419,233,20.35,926,14.1,3493
12:50:00,4413,232,19.93,1273,14.2,3140
12:55:00,4367,233,20.12,1298,14.3,3069
13:00:00,4397,233,19.86,1499,14.3,2898
13:05:00,4509,233,20.55,1446,14.4,3063
13:10:00,4580,232,20.99,1568,14.5,3012
13:15:00,4519,233,20.96,1744,14.4,2775
13:20:00,4431,234,20.71,1897,14.5,2534
13:25:00,4875,234,22.29,1486,14.6,3389
13:30:00,4701,232,21.22,775,14.6,3926
13:35:00,4323,232,19.88,1432,14.8,2891
13:40:00,3762,231,17.48,1356,14.9,2406
13:45:00,3765,231,17.51,1174,14.8,2591
13:50:00,3851,231,17.82,1057,14.9,2794
13:55:00,4421,232,20.06,870,15,3551
14:00:00,3226,232,14.73,820,15,2406
14:05:00,1138,234,6.22,741,15.1,397
14:10:00,1581,235,8.41,676,15.2,905
14:15:00,1463,234,7.93,645,15.1,818
14:20:00,1465,234,7.87,616,15,849
14:25:00,1105,235,6.15,269,15.1,836
14:30:00,844,235,4.89,555,15.2,289
14:35:00,847,235,4.9,548,15.2,299
14:40:00,847,235,4.88,538,15.2,309
14:45:00,844,233,4.87,514,15.2,330
14:50:00,848,233,4.88,697,15.3,151
14:55:00,843,234,4.87,711,15.3,132
15:00:00,1076,233,6.04,529,15.2,547
15:05:00,1563,233,8.27,596,15.1,967
15:10:00,1493,232,8.08,560,15.1,933
15:15:00,1462,232,7.91,623,15.1,839
15:20:00,1106,232,6.15,605,15.2,501
15:25:00,847,232,4.76,603,15.3,244
15:30:00,840,232,4.86,693,15.3,147
15:35:00,841,232,4.86,820,15.2,21
15:40:00,845,231,4.86,792,15.1,53
15:45:00,839,231,4.86,714,15,125
15:50:00,843,232,4.77,691,15.1,152
15:55:00,1406,231,7.66,573,15.2,833
16:00:00,1581,232,8.31,480,15,1101
16:05:00,1455,233,7.88,443,15,1012
16:10:00,1301,233,7.14,441,15.1,860
16:15:00,843,233,4.87,457,15.2,386
16:20:00,849,232,4.76,353,15.1,496
16:25:00,845,232,4.76,346,15,499
16:30:00,847,232,4.76,348,15.1,499
16:35:00,844,233,4.88,332,14.9,512
16:40:00,903,233,5.19,295,14.7,608
16:45:00,1464,233,7.78,238,14.7,1226
16:50:00,1549,232,8.27,204,14.7,1345
16:55:00,1456,232,7.84,189,14.6,1267
17:00:00,1443,231,7.72,158,14.7,1285
17:05:00,1129,231,6.27,137,14.6,992
17:10:00,838,231,4.86,120,14.5,718
17:15:00,845,232,4.87,103,14.3,742
17:20:00,846,235,4.88,89,14.3,757
17:25:00,858,234,4.87,73,14.2,785
17:30:00,857,233,4.87,58,14.1,799
17:35:00,846,233,4.86,47,13.9,799
17:40:00,991,234,5.62,36,13.7,955
17:45:00,1527,232,8.02,8,13.6,1519
17:50:00,1561,231,8.2,0,13.4,1561
17:55:00,1412,231,7.59,0,13.4,1412
18:00:00,1367,231,7.44,0,13.4,1367
18:05:00,1362,232,7.3,0,13.2,1362
18:10:00,1368,232,7.4,0,13.2,1368
18:15:00,1373,232,7.4,0,13.2,1373
18:20:00,1367,232,7.39,0,13.3,1367
18:25:00,1368,231,7.42,0,13.1,1368
18:30:00,1361,230,7.4,0,13,1361
18:35:00,1022,231,5.76,0,12.9,1022
18:40:00,844,233,4.87,0,12.8,844
18:45:00,843,234,4.87,0,12.7,843
18:50:00,842,234,4.87,0,12.6,842
18:55:00,845,234,4.86,0,12.6,845
19:00:00,848,234,4.86,0,12.5,848
19:05:00,857,232,4.86,0,12.4,857
19:10:00,832,232,4.85,0,12.1,832
19:15:00,837,233,4.87,0,12,837
19:20:00,1206,234,6.7,0,11.9,1206
19:25:00,1663,233,8.79,0,11.9,1663
19:30:00,1467,234,7.97,0,11.9,1467
19:35:00,1420,233,7.7,0,11.7,1420
19:40:00,1350,233,7.4,0,11.8,1350
19:45:00,1351,233,7.3,0,11.8,1351
19:50:00,1347,233,7.29,0,11.8,1347
19:55:00,1360,233,7.4,0,11.8,1360
20:00:00,1364,233,7.39,0,11.9,1364
20:05:00,1360,232,7.37,0,11.8,1360
20:10:00,1360,232,7.34,0,11.5,1360
20:15:00,1350,232,7.39,0,11.3,1350
20:20:00,1350,232,7.26,0,11.3,1350
20:25:00,1352,233,7.39,0,11.5,1352
20:30:00,1136,233,6.34,0,11.3,1136
20:35:00,849,233,4.86,0,11.3,849
20:40:00,854,233,4.85,0,11.3,854
20:45:00,854,233,4.85,0,11.3,854
20:50:00,857,234,4.86,0,11.3,857
20:55:00,847,232,4.85,0,11.1,847
21:00:00,835,232,4.75,0,11,835
21:05:00,836,232,4.75,0,10.9,836
21:10:00,839,233,4.85,0,10.8,839
21:15:00,955,233,5.45,0,10.8,955
21:20:00,1736,232,9.02,0,10.8,1736
21:25:00,1560,233,8.24,0,10.6,1560
21:30:00,1387,234,7.53,0,10.6,1387
21:35:00,1342,234,7.34,0,10.6,1342
21:40:00,1350,234,7.25,0,10.6,1350
21:45:00,1332,234,7.35,0,10.4,1332
21:50:00,1341,234,7.4,0,10.6,1341
21:55:00,1341,234,7.36,0,10.7,1341
22:00:00,1337,234,7.23,0,10.5,1337
22:05:00,1340,236,7.35,0,10.4,1340
22:10:00,1332,234,7.24,0,10.3,1332
22:15:00,1336,232,7.22,0,10.3,1336
22:20:00,1336,233,7.2,0,10.4,1336
22:25:00,1335,233,7.32,0,10.3,1335
22:30:00,1328,234,7.21,0,10.1,1328
22:35:00,1336,235,7.24,0,10,1336
22:40:00,1337,233,7.33,0,9.9,1337
22:45:00,1335,233,7.21,0,9.8,1335
22:50:00,1330,234,7.22,0,9.8,1330
22:55:00,1331,234,7.24,0,9.8,1331
23:00:00,1334,234,7.25,0,9.8,1334
23:05:00,1345,235,7.33,0,9.8,1345
23:10:00,1337,234,7.34,0,9.8,1337
23:15:00,1332,233,7.29,0,9.5,1332
23:20:00,1335,233,7.22,0,9.6,1335
23:25:00,1341,234,7.2,0,9.4,1341
23:30:00,1334,232,7.21,0,9.5,1334
23:35:00,1334,231,7.28,0,9.4,1334
23:40:00,1331,232,7.17,0,9.2,1331
23:45:00,1335,232,7.17,0,9.3,1335
23:50:00,1327,232,7.17,0,9.2,1327
23:55:00,1329,232,7.17,0,8.9,1329
0:00:00,1336,232,7.25,0,8.8,1336
0:05:00,1328,231,7.17,0,9,1328
0:10:00,1332,231,7.15,0,9.1,1332
0:15:00,1331,231,7.14,0,9.1,1331
0:20:00,1330,232,7.14,0,9.1,1330
0:25:00,1322,231,7.16,0,9,1322
0:30:00,1319,232,7.16,0,8.9,1319
0:35:00,1320,235,7.3,0,8.9,1320
0:40:00,1318,235,7.35,0,8.7,1318
0:45:00,1319,235,7.21,0,8.7,1319
0:50:00,1321,235,7.25,0,8.8,1321
0:55:00,1322,235,7.34,0,8.8,1322
1:00:00,1323,235,7.33,0,8.7,1323
1:05:00,1320,236,7.35,0,8.7,1320
1:10:00,1333,236,7.6,0,8.6,1333
1:15:00,1332,234,7.32,0,8.4,1332
1:20:00,1326,235,7.28,0,8.2,1326
1:25:00,1319,235,7.33,0,8.3,1319
1:30:00,1323,235,7.33,0,8.4,1323
1:35:00,1328,235,7.33,0,8.3,1328
1:40:00,1324,236,7.24,0,8.2,1324
1:45:00,1328,234,7.31,0,8.1,1328
1:50:00,1324,235,7.36,0,8.1,1324
1:55:00,1327,236,7.34,0,8.2,1327
2:00:00,1322,236,7.32,0,8.2,1322
2:05:00,1322,235,7.38,0,8.1,1322
2:10:00,1329,236,7.25,0,8.1,1329
2:15:00,1315,236,7.3,0,8,1315
2:20:00,1325,235,7.36,0,7.9,1325
2:25:00,1321,236,7.32,0,7.9,1321
2:30:00,1327,235,7.32,0,8,1327
2:35:00,1320,236,7.34,0,7.9,1320
2:40:00,1322,235,7.32,0,7.8,1322
2:45:00,1321,235,7.29,0,7.7,1321
2:50:00,1319,235,7.34,0,7.7,1319
2:55:00,1319,235,7.32,0,7.7,1319
3:00:00,1315,236,7.31,0,7.7,1315
3:05:00,1329,234,7.25,0,7.7,1329
3:10:00,1312,234,7.15,0,7.6,1312
3:15:00,1318,234,7.24,0,7.6,1318
3:20:00,1311,234,7.25,0,7.5,1311
3:25:00,1311,234,7.24,0,7.5,1311
3:30:00,1314,233,7.09,0,7.5,1314
3:35:00,1313,234,7.12,0,7.4,1313
3:40:00,1308,233,7.12,0,7.4,1308
3:45:00,1322,233,7.28,0,7.4,1322
3:50:00,1307,233,7.24,0,7.3,1307
3:55:00,1310,234,7.25,0,7.3,1310
4:00:00,1319,234,7.29,0,7.3,1319
4:05:00,1315,235,7.27,0,7.3,1315
4:10:00,1311,234,7.25,0,7.2,1311
4:15:00,1307,235,7.3,0,7.1,1307
4:20:00,1318,234,7.25,0,7.1,1318
4:25:00,1312,234,7.17,0,7,1312
4:30:00,1300,234,7.25,0,7,1300
4:35:00,1313,234,7.22,0,7,1313
4:40:00,1315,234,7.23,0,7.1,1315
4:45:00,1312,234,7.07,0,7,1312
4:50:00,1308,234,7.23,0,7,1308
4:55:00,1313,233,7.21,0,7,1313
5:00:00,1310,234,7.11,0,7,1310
5:05:00,1306,234,7.23,0,7,1306
5:10:00,1304,233,7.12,0,7,1304
5:15:00,1308,233,7.11,0,6.9,1308
5:20:00,1308,234,7.24,0,6.8,1308
5:25:00,1315,233,7.27,0,6.8,1315
5:30:00,1316,234,7.23,0,6.8,1316
5:35:00,1305,234,7.12,0,6.7,1305
5:40:00,1314,233,7.23,0,6.7,1314
5:45:00,1307,233,7.21,0,6.6,1307
5:50:00,1315,234,7.21,0,6.6,1315
5:55:00,1315,233,7.19,0,6.6,1315
6:00:00,1310,233,7.07,0,6.6,1310
6:05:00,1307,233,7.18,0,6.6,1307
6:10:00,1308,232,7.07,0,6.5,1308
6:15:00,1311,232,7.09,0,6.5,1311
6:20:00,1314,232,7.2,0,6.6,1314
6:25:00,1327,232,7.18,0,6.6,1327
6:30:00,1312,231,7.06,0,6.6,1312
6:35:00,1308,231,7.07,0,6.6,1308
6:40:00,1307,231,7.05,0,6.4,1307
6:45:00,1310,232,7.08,0,6.4,1310
6:50:00,1312,231,7.07,0,6.4,1312
6:55:00,1309,231,7.05,0,6.4,1309
7:00:00,1309,231,7.17,0,6.4,1309
7:05:00,1313,231,7.14,0,6.3,1313
7:10:00,1416,230,7.53,0,6.2,1416
7:15:00,1493,230,7.91,0,6.1,1493
7:20:00,1349,229,7.25,0,6.1,1349
7:25:00,1309,229,7.04,0,6,1309
7:30:00,1294,230,7.07,0,6,1294
7:35:00,1292,230,7.04,0,5.9,1292
7:40:00,1295,229,7.04,0,5.9,1295
7:45:00,1294,229,7.02,0,6,1294
7:50:00,1466,231,7.77,0,5.9,1466
7:55:00,1571,232,8.3,0,6,1571
8:00:00,1359,232,7.41,0,6,1359
8:05:00,1313,232,7.12,0,6,1313
8:10:00,1302,231,7.26,50,5.8,1252
8:15:00,1302,232,7.11,59,5.9,1243
8:20:00,1306,232,7.11,70,6.1,1236
8:25:00,1317,231,7.22,87,6.1,1230
8:30:00,1465,231,7.6,94,6.2,1371
8:35:00,1653,231,8.46,102,6.2,1551
8:40:00,1653,230,8.47,114,6.3,1539
8:45:00,1747,230,8.76,122,6.3,1625
8:50:00,2076,230,10.29,125,6.2,1951
8:55:00,1977,230,9.88,131,6.2,1846
9:00:00,1814,231,9.13,135,6.3,1679
9:05:00,1823,232,9.07,139,6.4,1684
9:10:00,1833,231,9.27,142,6.3,1691
9:15:00,2171,230,10.95,145,6.3,2026
9:20:00,2388,230,11.92,149,6.3,2239
9:25:00,2387,230,11.68,156,6.4,2231
9:30:00,2295,227,11.18,158,6.5,2137
9:35:00,2298,225,11.29,167,6.4,2131
9:40:00,2289,226,11.13,175,6.5,2114
9:45:00,2319,225,11.31,184,6.7,2135
9:50:00,2517,226,12.25,191,6.8,2326
9:55:00,2694,226,13.07,200,7.2,2494
10:00:00,3305,226,15.68,205,7.8,3100
10:05:00,3015,227,14.56,214,8.4,2801
10:10:00,3099,227,14.96,216,9.1,2883
10:15:00,3112,228,14.97,228,9.5,2884
10:20:00,3325,228,15.72,278,9.9,3047
10:25:00,3355,228,15.88,378,10.1,2977
10:30:00,4507,227,20.61,383,10.3,4124
10:35:00,6788,226,30.66,381,10.5,6407
10:40:00,6815,225,31.29,510,10.7,6305
10:45:00,6951,225,31.97,622,10.6,6329
10:50:00,7114,225,32.65,769,10.5,6345
10:55:00,7149,226,32.5,942,10.6,6207
11:00:00,7162,226,32.14,969,10.7,6193
11:05:00,8019,226,35.44,1011,10.6,7008
11:10:00,7967,226,35.23,1043,10.8,6924
11:15:00,8075,225,36.01,1149,10.6,6926
11:20:00,8145,226,35.96,1215,10.4,6930
11:25:00,8271,227,36.35,1322,10.5,6949
11:30:00,8287,226,36.98,1428,10.4,6859
11:35:00,8512,227,37.34,1473,10.3,7039
11:40:00,6856,227,30.81,1511,10.4,5345
11:45:00,8201,227,36.45,1513,10.4,6688
11:50:00,6387,228,28.35,1598,10.7,4789
11:55:00,8168,227,35.99,1630,10.7,6538
12:00:00,5929,228,26.52,1662,10.7,4267
12:05:00,6141,227,27.5,1710,10.8,4431
12:10:00,5338,228,23.86,1721,10.7,3617
12:15:00,6941,228,30.58,1611,10.8,5330
12:20:00,6076,229,26.95,1773,10.8,4303
12:25:00,5814,228,25.67,1657,10.9,4157
12:30:00,6529,228,28.67,1654,10.9,4875
12:35:00,7509,226,33.39,1593,11,5916
12:40:00,5749,229,26.17,1625,11.2,4124
12:45:00,7595,229,34.08,1358,11.1,6237
12:50:00,6346,228,28.75,1280,11.2,5066
12:55:00,6655,229,29.9,1328,11.2,5327
13:00:00,5266,230,24.53,1561,11.3,3705
13:05:00,5031,228,23.21,1494,11.4,3537
13:10:00,5370,227,24.46,1591,11.5,3779
13:15:00,4911,226,22.67,1841,11.6,3070
13:20:00,4391,226,20.38,1863,11.6,2528
13:25:00,4740,226,21.84,1835,11.8,2905
13:30:00,5005,226,22.78,1734,11.9,3271
13:35:00,4721,226,21.31,1535,11.8,3186
13:40:00,5042,225,22.69,1396,11.9,3646
13:45:00,5069,225,22.87,1249,12.2,3820
13:50:00,4755,225,21.5,1105,12.3,3650
13:55:00,4792,225,21.61,978,12.5,3814
14:00:00,5289,224,23.84,894,12.7,4395
14:05:00,5844,226,26.48,810,12.8,5034
14:10:00,5496,226,24.83,759,12.7,4737
14:15:00,4920,225,22.36,716,12.5,4204
14:20:00,5211,226,23.31,699,12.4,4512
14:25:00,6365,227,28.2,643,12.5,5722
14:30:00,6360,225,28.54,601,12.6,5759
14:35:00,6418,226,28.54,575,12.4,5843
14:40:00,6166,227,27.23,518,12.3,5648
14:45:00,5949,225,26.75,488,12,5461
14:50:00,5978,226,26.72,507,12,5471
14:55:00,5569,228,24.46,531,12,5038
15:00:00,5627,226,25.03,533,12.2,5094
15:05:00,5285,227,23.49,474,12.3,4811
15:10:00,5467,227,24.12,414,12.2,5053
15:15:00,5573,227,24.98,347,12.1,5226
15:20:00,5511,225,24.65,324,12,5187
15:25:00,5259,227,23.3,333,12,4926
15:30:00,5617,226,25.01,326,11.9,5291
15:35:00,5363,225,23.9,323,11.9,5040
15:40:00,5259,225,23.53,315,11.9,4944
15:45:00,5629,226,25.06,312,11.9,5317
15:50:00,5152,225,23.03,308,11.9,4844
15:55:00,5570,225,24.86,303,11.8,5267
16:00:00,5273,227,23.24,297,11.9,4976
16:05:00,5379,226,24.06,291,11.9,5088
16:10:00,6483,225,28.91,277,12,6206
16:15:00,7783,226,34.17,274,12.1,7509
16:20:00,7278,226,31.76,262,12.1,7016
16:25:00,7299,226,31.97,260,12.2,7039
16:30:00,7678,226,33.89,254,12.2,7424
16:35:00,7477,227,32.79,251,12.1,7226
16:40:00,6549,227,29.13,250,12,6299
16:45:00,6160,226,27.37,209,12,5951
16:50:00,6212,227,27.58,210,11.9,6002
16:55:00,5535,228,24.21,203,11.9,5332
17:00:00,5483,227,24.23,154,11.8,5329
17:05:00,6051,228,26.85,155,11.8,5896
17:10:00,5157,229,22.78,160,11.7,4997
17:15:00,5328,228,24.1,127,11.6,5201
17:20:00,5237,228,23.58,98,11.5,5139
17:25:00,4636,229,20.71,78,11.4,4558
17:30:00,4376,229,19.54,61,11.4,4315
17:35:00,4281,229,19.21,45,11.4,4236
17:40:00,4230,230,18.66,19,11.5,4211
17:45:00,3789,229,16.82,0,11.5,3789
17:50:00,3054,229,13.96,0,11.6,3054
17:55:00,3038,229,13.81,0,11.6,3038
18:00:00,2922,228,12.98,0,11.6,2922
18:05:00,2746,227,12.45,0,11.5,2746
18:10:00,2755,227,12.47,0,11.3,2755
18:15:00,3257,228,14.99,0,11.1,3257
18:20:00,2566,227,11.89,0,11.1,2566
18:25:00,2654,229,12.09,0,10.9,2654
18:30:00,3871,229,16.99,0,10.9,3871
18:35:00,3873,229,17.1,0,10.7,3873
18:40:00,3780,230,16.59,0,10.8,3780
18:45:00,3654,230,16.66,0,10.8,3654
18:50:00,3575,230,16.59,0,10.7,3575
18:55:00,3566,230,16.6,0,10.7,3566
19:00:00,3283,230,15.29,0,10.6,3283
19:05:00,3238,229,15.19,0,10.6,3238
19:10:00,3263,230,15.29,0,10.6,3263
19:15:00,3253,231,15.19,0,10.6,3253
19:20:00,3200,230,15,0,10.6,3200
19:25:00,3226,231,15.1,0,10.6,3226
19:30:00,3221,231,15.09,0,10.5,3221
19:35:00,3180,230,14.9,0,10.5,3180
19:40:00,3115,231,14.7,0,10.4,3115
19:45:00,2930,231,13.89,0,10.4,2930
19:50:00,2882,230,13.79,0,10.4,2882
19:55:00,2876,231,13.7,0,10.4,2876
20:00:00,1490,232,8.05,0,10.4,1490
20:05:00,1326,231,7.22,0,10.5,1326
20:10:00,1296,232,7.11,0,10.5,1296
20:15:00,1267,232,6.74,0,10.5,1267
20:20:00,1296,232,7.2,0,10.5,1296
20:25:00,1697,232,9,0,10.6,1697
20:30:00,3289,232,15.35,0,10.6,3289
20:35:00,3214,232,14.85,0,10.6,3214
20:40:00,2295,232,11.19,0,10.6,2295
20:45:00,2311,233,11.19,0,10.5,2311
20:50:00,1948,234,9.62,0,10.6,1948
20:55:00,1265,233,6.55,0,10.6,1265
21:00:00,1234,233,6.45,0,10.5,1234
21:05:00,1247,233,6.49,0,10.5,1247
21:10:00,1212,233,6.19,0,10.5,1212
21:15:00,1067,234,5.72,0,10.5,1067
21:20:00,955,234,5.23,0,10.5,955
21:25:00,946,235,5.2,0,10.5,946
21:30:00,948,234,5.3,0,10.5,948
21:35:00,949,235,5.19,0,10.6,949
21:40:00,966,235,5.43,0,10.4,966
21:45:00,946,235,5.2,0,10.5,946
21:50:00,946,236,5.2,0,10.4,946
21:55:00,1094,233,6.19,0,10.5,1094
22:00:00,973,231,5.29,0,10.3,973
22:05:00,967,231,5.09,0,10.3,967
22:10:00,919,230,4.99,0,10.4,919
22:15:00,897,229,5.09,0,10.3,897
22:20:00,893,230,5,0,10.4,893
22:25:00,884,231,4.99,0,10.5,884
22:30:00,887,230,4.99,0,10.6,887
22:35:00,884,230,4.99,0,10.6,884
22:40:00,889,230,4.99,0,10.5,889
22:45:00,890,230,5,0,10.5,890
22:50:00,882,230,4.99,0,10.5,882
22:55:00,880,231,4.99,0,10.5,880
23:00:00,882,231,4.99,0,10.4,882
23:05:00,875,230,4.99,0,10.4,875
23:10:00,876,230,4.99,0,10.4,876
23:15:00,878,230,4.98,0,10.4,878
23:20:00,875,231,4.99,0,10.2,875
23:25:00,881,231,5,0,10.1,881
23:30:00,879,231,4.99,0,10,879
23:35:00,877,231,4.99,0,10,877
23:40:00,876,231,4.99,0,9.9,876
23:45:00,874,231,4.99,0,10,874
23:50:00,878,231,4.99,0,9.8,878
23:55:00,883,231,4.99,0,9.8,883
0:00:00,885,230,4.99,0,9.8,885
0:05:00,885,231,4.98,0,9.6,885
0:10:00,876,230,4.99,0,9.8,876
0:15:00,880,230,4.99,0,9.8,880
0:20:00,877,231,4.99,0,9.8,877
0:25:00,878,231,4.99,0,9.8,878
0:30:00,875,231,4.99,0,9.7,875
0:35:00,873,232,4.99,0,9.8,873
0:40:00,879,232,4.99,0,9.7,879
0:45:00,881,232,4.99,0,9.6,881
0:50:00,883,232,4.99,0,9.4,883
0:55:00,873,232,4.99,0,9.4,873
1:00:00,882,232,4.99,0,9.4,882
1:05:00,881,232,4.99,0,9.5,881
1:10:00,876,233,4.99,0,9.7,876
1:15:00,878,234,5,0,9.6,878
1:20:00,879,234,5,0,9.6,879
1:25:00,880,234,5,0,9.5,880
1:30:00,875,235,5,0,9.6,875
1:35:00,883,235,5,0,9.6,883
1:40:00,879,232,4.99,0,9.6,879
1:45:00,873,232,4.99,0,9.6,873
1:50:00,877,232,4.99,0,9.6,877
1:55:00,875,232,4.99,0,9.5,875
2:00:00,877,232,4.99,0,9.5,877
2:05:00,877,231,4.99,0,9.5,877
2:10:00,881,231,4.99,0,9.5,881
2:15:00,874,231,4.99,0,9.5,874
2:20:00,882,231,4.99,0,9.5,882
2:25:00,882,231,4.99,0,9.5,882
2:30:00,880,231,4.99,0,9.5,880
2:35:00,874,232,4.99,0,9.5,874
2:40:00,874,232,4.99,0,9.5,874
2:45:00,873,231,4.99,0,9.5,873
2:50:00,878,232,4.99,0,9.4,878
2:55:00,872,232,5.06,0,9.4,872
3:00:00,874,231,5.02,0,9.4,874
3:05:00,859,232,4.99,0,9.4,859
3:10:00,861,232,4.99,0,9.4,861
3:15:00,866,231,4.99,0,9.5,866
3:20:00,861,232,4.99,0,9.5,861
3:25:00,863,233,5,0,9.5,863
3:30:00,858,233,5,0,9.4,858
3:35:00,857,232,5,0,9.5,857
3:40:00,855,232,4.99,0,9.6,855
3:45:00,867,232,5,0,9.6,867
3:50:00,857,232,4.99,0,9.6,857
3:55:00,856,231,4.99,0,9.5,856
4:00:00,860,232,4.99,0,9.4,860
4:05:00,859,232,4.99,0,9.4,859
4:10:00,867,232,4.99,0,9.4,867
4:15:00,857,232,4.99,0,9.4,857
4:20:00,858,232,4.99,0,9.4,858
4:25:00,859,232,5,0,9.3,859
4:30:00,859,232,4.99,0,9.3,859
4:35:00,858,232,4.99,0,9.4,858
4:40:00,858,232,4.99,0,9.4,858
4:45:00,859,232,4.99,0,9.4,859
4:50:00,859,232,4.99,0,9.4,859
4:55:00,868,232,4.99,0,9.4,868
5:00:00,865,231,4.99,0,9.2,865
5:05:00,854,231,4.99,0,9.2,854
5:10:00,857,234,5,0,9.2,857
5:15:00,858,235,5,0,9.2,858
5:20:00,863,234,5,0,9.3,863
5:25:00,866,235,5,0,9.2,866
5:30:00,866,234,5,0,9.1,866
5:35:00,862,234,5,0,8.9,862
5:40:00,858,234,4.99,0,9,858
5:45:00,863,234,4.99,0,8.7,863
5:50:00,864,233,4.99,0,8.7,864
5:55:00,859,233,4.99,0,8.7,859
6:00:00,869,233,5,0,8.8,869
6:05:00,854,233,5,0,8.9,854
6:10:00,855,232,4.99,0,9,855
6:15:00,862,232,4.99,0,9.1,862
6:20:00,861,232,4.99,0,9.1,861
6:25:00,857,232,4.99,0,9,857
6:30:00,862,232,4.99,0,8.8,862
6:35:00,863,232,4.99,0,8.8,863
6:40:00,861,231,4.99,0,8.8,861
6:45:00,873,231,4.99,0,8.8,873
6:50:00,869,231,4.99,0,8.9,869
6:55:00,865,230,4.99,0,8.9,865
7:00:00,859,231,4.99,0,9,859
7:05:00,863,231,5,0,9.1,863
7:10:00,863,230,4.99,0,9.1,863
7:15:00,862,230,5,0,8.9,862
7:20:00,869,232,5,0,8.8,869
7:25:00,862,233,5.01,0,8.8,862
7:30:00,864,232,5,0,8.8,864
7:35:00,858,233,5,0,8.8,858
7:40:00,856,233,5,0,8.9,856
7:45:00,862,233,5,0,9,862
7:50:00,861,233,5,0,9.1,861
7:55:00,864,232,5,0,9.1,864
8:00:00,873,231,5.14,0,9.1,873
8:05:00,856,231,4.98,7,9,849
8:10:00,864,232,5,57,9,807
8:15:00,861,232,5,73,9,788
8:20:00,865,232,5,81,9.2,784
8:25:00,866,232,5,101,9.2,765
8:30:00,869,232,5,124,9.3,745
8:35:00,861,231,5.01,145,9.2,716
8:40:00,865,231,4.99,168,9.4,697
8:45:00,857,231,4.99,185,9.4,672
8:50:00,860,232,5,212,9.4,648
8:55:00,903,232,5.1,234,9.4,669
9:00:00,1028,232,5.5,285,9.4,743
9:05:00,1327,231,6.69,373,9.5,954
9:10:00,1610,231,7.56,431,9.6,1179
9:15:00,1861,230,8.89,445,9.7,1416
9:20:00,2042,229,9.52,450,9.8,1592
9:25:00,1995,228,9.38,511,9.8,1484
9:30:00,2436,227,11.55,580,9.9,1856
9:35:00,2393,227,11.14,649,10,1744
9:40:00,4046,226,18.37,704,10,3342
9:45:00,4753,225,21.72,735,10.1,4018
9:50:00,4465,226,20.49,743,10.3,3722
9:55:00,4461,226,20.63,729,10.7,3732
10:00:00,4393,226,20.44,759,11.1,3634
10:05:00,4265,227,19.88,785,11.5,3480
10:10:00,5365,227,24.32,736,12.1,4629
10:15:00,5735,226,26.04,702,12.4,5033
10:20:00,5872,228,26.45,754,12.5,5118
10:25:00,6019,226,27.24,654,12.6,5365
10:30:00,6749,225,30.02,575,12.8,6174
10:35:00,6209,226,27.63,505,12.8,5704
10:40:00,6168,226,27.38,446,12.6,5722
10:45:00,6236,226,28.17,397,13,5839
10:50:00,6308,225,28.31,595,13.2,5713
10:55:00,7525,225,32.94,752,13.3,6773
11:00:00,7505,225,33.19,687,13.2,6818
11:05:00,7532,225,33.34,534,13.3,6998
11:10:00,7538,226,33.52,633,13.4,6905
11:15:00,8319,225,36.68,1097,13.6,7222
11:20:00,8593,224,38.36,1263,13.5,7330
11:25:00,8782,224,38.79,1520,13.6,7262
11:30:00,8816,223,39.2,1646,13.6,7170
11:35:00,8900,224,39.26,1578,13.7,7322
11:40:00,8881,223,39.32,1486,13.5,7395
11:45:00,8692,224,38.66,1271,13.7,7421
11:50:00,9311,223,41.7,1319,13.4,7992
11:55:00,9198,223,40.88,1770,13.3,7428
12:00:00,8327,223,37.1,1657,13.1,6670
12:05:00,8757,223,39.31,1805,13.1,6952
12:10:00,8229,224,36.81,1747,13.1,6482
12:15:00,8309,225,36.76,1647,13.1,6662
12:20:00,8034,225,35.42,1814,13.1,6220
12:25:00,8654,226,38.49,1810,13,6844
12:30:00,8121,226,36.25,1779,13,6342
12:35:00,8561,226,37.79,1770,13,6791
12:40:00,7729,227,34.46,1979,13.1,5750
12:45:00,6237,228,28.42,2175,13.2,4062
12:50:00,5875,228,26.8,2023,13.4,3852
12:55:00,5445,230,24.97,2011,13.3,3434
13:00:00,5663,229,25.96,1869,13.5,3794
13:05:00,5370,229,24.49,1641,13.6,3729
13:10:00,4230,231,19.56,1827,13.7,2403
13:15:00,4504,229,20.68,2133,13.6,2371
13:20:00,4576,229,21.18,1603,13.6,2973
13:25:00,4378,231,20.25,1506,13.6,2872
13:30:00,4174,230,18.73,1570,13.7,2604
13:35:00,4651,227,20.72,1316,13.7,3335
13:40:00,4697,229,20.83,1132,13.7,3565
13:45:00,4533,229,20.21,1126,13.8,3407
13:50:00,5343,228,23.96,1149,13.8,4194
13:55:00,8299,228,37.15,1091,13.9,7208
14:00:00,7787,228,34.72,1387,13.9,6400
14:05:00,6499,226,28.51,1437,13.9,5062
14:10:00,6147,227,27.2,1329,14,4818
14:15:00,6874,227,30.57,1156,14.2,5718
14:20:00,6415,225,28.66,905,14.5,5510
14:25:00,6092,226,27.13,768,14.6,5324
14:30:00,6283,227,27.82,1159,14.7,5124
14:35:00,6367,226,28.29,1167,14.8,5200
14:40:00,6512,225,28.8,659,14.8,5853
14:45:00,6386,226,28.55,1028,14.8,5358
14:50:00,6020,226,26.79,1248,14.9,4772
14:55:00,6363,226,28.34,1103,14.8,5260
15:00:00,6100,226,27.29,1030,14.8,5070
15:05:00,7144,225,31.85,1068,14.6,6076
15:10:00,7312,226,32.56,862,14.5,6450
15:15:00,7399,226,32.9,1081,14.4,6318
15:20:00,6132,225,27.54,897,14.4,5235
15:25:00,5912,228,26.45,1037,14.4,4875
15:30:00,6189,227,27.51,1087,14.4,5102
15:35:00,6218,226,27.69,939,14.4,5279
15:40:00,6062,226,26.99,707,14.4,5355
15:45:00,5985,226,26.79,679,14.3,5306
15:50:00,7850,226,34.6,610,14.3,7240
15:55:00,5636,227,24.96,671,14.4,4965
16:00:00,5242,227,23.33,609,14.4,4633
16:05:00,5264,227,23.34,551,14.3,4713
16:10:00,5503,228,24.33,466,14.2,5037
16:15:00,5506,228,24.39,495,14.2,5011
16:20:00,5254,227,23.5,379,14.2,4875
16:25:00,5230,228,23.16,354,14.1,4876
16:30:00,5411,229,23.89,323,14,5088
16:35:00,6066,228,26.85,273,14,5793
16:40:00,6932,228,30.65,234,13.9,6698
16:45:00,6043,228,26.44,231,13.8,5812
16:50:00,6089,228,26.57,198,13.8,5891
16:55:00,4535,228,20.32,187,13.8,4348
17:00:00,5113,229,22.83,162,13.8,4951
17:05:00,5283,228,23.99,160,13.8,5123
17:10:00,4987,227,22.95,145,13.8,4842
17:15:00,5024,229,22.67,123,13.9,4901
17:20:00,4625,227,20.78,76,13.9,4549
17:25:00,4556,226,20.65,57,13.9,4499
17:30:00,4742,228,21.11,51,13.8,4691
17:35:00,4734,228,21.21,46,13.7,4688
17:40:00,4674,226,21.16,35,13.8,4639
17:45:00,4666,227,21.22,2,13.7,4664
17:50:00,4670,226,21.13,0,13.6,4670
17:55:00,4679,226,20.99,0,13.5,4679
18:00:00,4675,226,21.04,0,13.5,4675
18:05:00,4679,227,21.1,0,13.5,4679
18:10:00,4456,227,20.3,0,13.5,4456
18:15:00,4138,228,18.51,0,13.7,4138
18:20:00,3522,228,15.8,0,13.7,3522
18:25:00,3597,230,15.91,0,13.8,3597
18:30:00,3341,231,14.91,0,13.8,3341
18:35:00,3343,231,14.91,0,13.8,3343
18:40:00,3197,231,14.21,0,13.6,3197
18:45:00,3133,231,14.01,0,13.5,3133
18:50:00,3075,231,13.8,0,13.7,3075
18:55:00,2968,231,13.3,0,13.8,2968
19:00:00,2955,232,13.3,0,13.8,2955
19:05:00,2923,231,13.1,0,13.9,2923
19:10:00,1956,232,9.1,0,14,1956
19:15:00,1665,232,8,0,14.1,1665
19:20:00,1665,232,7.9,0,14,1665
19:25:00,1666,232,7.91,0,13.8,1666
19:30:00,1662,232,7.91,0,13.7,1662
19:35:00,1675,232,8,0,13.7,1675
19:40:00,1630,232,7.92,0,13.7,1630
19:45:00,1427,232,7.01,0,13.6,1427
19:50:00,1202,232,6.21,0,13.7,1202
19:55:00,1158,232,6.11,0,13.7,1158
20:00:00,1152,232,6,0,13.8,1152
20:05:00,1153,233,6.01,0,14.1,1153
20:10:00,1157,233,6,0,14.1,1157
20:15:00,1156,233,6.01,0,14,1156
20:20:00,1158,234,6.12,0,14.1,1158
20:25:00,1147,234,6.01,0,14.1,1147
20:30:00,980,234,5.31,0,14.1,980
20:35:00,926,234,5.11,0,14,926
20:40:00,926,235,5.11,0,14.1,926
20:45:00,933,235,5.15,0,14,933
20:50:00,922,235,5.12,0,14,922
20:55:00,932,236,5.12,0,13.8,932
21:00:00,924,235,5.11,0,13.8,924
21:05:00,921,231,5.1,0,13.8,921
21:10:00,934,231,5.1,0,13.8,934
21:15:00,924,231,5.1,0,13.8,924
21:20:00,920,231,5.1,0,13.7,920
21:25:00,918,232,5.1,0,13.5,918
21:30:00,924,232,5.1,0,13.3,924
21:35:00,926,232,5.1,0,13.3,926
21:40:00,924,232,5.1,0,13.3,924
21:45:00,920,231,5.1,0,13.3,920
21:50:00,921,231,5.1,0,13.3,921
21:55:00,917,231,5.1,0,13.3,917
22:00:00,918,232,5.11,0,13.3,918
22:05:00,925,232,5.11,0,13.4,925
22:10:00,928,232,5.11,0,13.4,928
22:15:00,926,233,5.11,0,13.5,926
22:20:00,924,233,5.11,0,13.4,924
22:25:00,918,232,5.11,0,13.4,918
22:30:00,923,233,5.11,0,13.4,923
22:35:00,926,233,5.11,0,13.2,926
22:40:00,916,232,5.11,0,13.2,916
22:45:00,920,231,5.11,0,13.2,920
22:50:00,922,232,5.1,0,13.2,922
22:55:00,922,232,5.11,0,13.2,922
23:00:00,917,232,5.1,0,13.2,917
23:05:00,920,233,5.11,0,13.2,920
23:10:00,910,234,5.27,0,13.1,910
23:15:00,906,233,5.11,0,13.1,906
23:20:00,913,234,5.11,0,13,913
23:25:00,914,234,5.11,0,12.9,914
23:30:00,909,235,5.11,0,12.9,909
23:35:00,907,234,5.11,0,13,907
23:40:00,911,235,5.11,0,13,911
23:45:00,909,235,5.11,0,12.9,909
23:50:00,907,235,5.11,0,12.8,907
23:55:00,910,233,5.11,0,12.8,910
0:00:00,904,232,5.11,0,12.8,904
0:05:00,910,230,5.1,0,12.9,910
0:10:00,908,230,5.1,0,12.8,908
0:15:00,901,230,5.1,0,12.8,901
0:20:00,911,231,5.11,0,12.8,911
0:25:00,909,231,5.11,0,12.8,909
0:30:00,905,231,5.1,0,12.7,905
0:35:00,908,231,5.1,0,12.6,908
0:40:00,900,231,5.11,0,12.7,900
0:45:00,903,232,5.1,0,12.7,903
0:50:00,907,231,5.11,0,12.6,907
0:55:00,911,231,5.1,0,12.4,911
1:00:00,912,232,5.1,0,12.5,912
1:05:00,900,232,5,0,12.5,900
1:10:00,893,232,5,0,12.6,893
1:15:00,881,232,5,0,12.4,881
1:20:00,896,232,5,0,12.5,896
1:25:00,886,232,5,0,12.4,886
1:30:00,883,232,5.01,0,12.3,883
1:35:00,888,233,5.01,0,12.3,888
1:40:00,889,233,5.01,0,12.2,889
1:45:00,893,233,5.01,0,12.2,893
1:50:00,883,234,5.01,0,12.1,883
1:55:00,888,233,5.01,0,12,888
2:00:00,892,233,5.01,0,12.1,892
2:05:00,908,234,5.01,0,12.2,908
2:10:00,888,234,5.01,0,12.2,888
2:15:00,889,234,5.01,0,12.1,889
2:20:00,890,234,5.01,0,12,890
2:25:00,880,234,5.01,0,12.1,880
2:30:00,882,234,5.01,0,12.2,882
2:35:00,883,234,5.01,0,12.4,883
2:40:00,887,233,5.01,0,12.4,887
2:45:00,884,233,5.01,0,12.4,884
2:50:00,889,232,5.01,0,12.4,889
2:55:00,889,233,5.01,0,12.4,889
3:00:00,885,233,5.01,0,12.4,885
3:05:00,886,233,5.01,0,12.4,886
3:10:00,888,234,5.01,0,12.5,888
3:15:00,884,234,5.01,0,12.5,884
3:20:00,886,234,5.01,0,12.6,886
3:25:00,886,234,5.01,0,12.5,886
3:30:00,888,234,5.01,0,12.6,888
3:35:00,881,233,5.01,0,12.4,881
3:40:00,885,233,5.01,0,12.3,885
3:45:00,889,234,5.02,0,12.3,889
3:50:00,883,234,5.01,0,12.3,883
3:55:00,894,233,5.01,0,12.3,894
4:00:00,887,234,5.01,0,12.3,887
4:05:00,891,233,5.01,0,12.3,891
4:10:00,893,233,5.21,0,12.2,893
4:15:00,884,233,5.01,0,12.3,884
4:20:00,893,234,5.01,0,12.4,893
4:25:00,893,234,5.01,0,12.5,893
4:30:00,887,234,5.01,0,12.6,887
4:35:00,883,234,5.01,0,12.7,883
4:40:00,893,235,5.01,0,12.7,893
4:45:00,892,233,5.01,0,12.5,892
4:50:00,890,234,5.01,0,12.5,890
4:55:00,888,234,5.01,0,12.5,888
5:00:00,885,234,5.01,0,12.5,885
5:05:00,888,234,5.01,0,12.4,888
5:10:00,883,234,5.01,0,12.3,883
5:15:00,884,234,5.01,0,12.1,884
5:20:00,881,233,5.01,0,12,881
5:25:00,887,234,5.01,0,12,887
5:30:00,892,234,5.01,0,12,892
5:35:00,886,233,5.01,0,12.1,886
5:40:00,887,233,5.01,0,12.1,887
5:45:00,893,233,5.02,0,12.1,893
5:50:00,885,233,5.01,0,12,885
5:55:00,888,233,5.01,0,12,888
6:00:00,889,233,5.01,0,12,889
6:05:00,886,231,5,0,11.9,886
6:10:00,887,231,5.01,0,11.8,887
6:15:00,887,231,5,0,11.8,887
6:20:00,883,231,5,0,11.8,883
6:25:00,884,230,5.01,0,11.8,884
6:30:00,885,230,5.01,0,11.8,885
6:35:00,882,230,5,0,11.8,882
6:40:00,883,231,5,0,11.8,883
6:45:00,887,234,5.02,0,11.7,887
6:50:00,879,234,5.02,0,11.7,879
6:55:00,880,234,5.02,0,11.8,880
7:00:00,877,234,5.02,0,11.7,877
7:05:00,892,235,5.02,0,11.7,892
7:10:00,907,235,5.02,0,11.7,907
7:15:00,894,234,5.02,0,11.7,894
7:20:00,895,234,5.02,0,11.7,895
7:25:00,894,234,5.02,0,11.7,894
7:30:00,893,233,5.02,0,11.6,893
7:35:00,893,235,5.02,0,11.6,893
7:40:00,890,235,5.02,0,11.6,890
7:45:00,881,234,5.02,0,11.6,881
7:50:00,876,235,5.03,0,11.6,876
7:55:00,880,235,5.02,0,11.5,880
8:00:00,880,234,5.02,0,11.5,880
8:05:00,880,234,5.02,0,11.5,880
8:10:00,880,233,5.01,0,11.5,880
8:15:00,886,232,5.01,0,11.5,886
8:20:00,881,232,5.01,7,11.5,874
8:25:00,881,232,5.01,53,11.5,828
8:30:00,877,232,5,67,11.5,810
8:35:00,885,231,5.01,97,11.5,788
8:40:00,922,232,5.11,91,11.5,831
8:45:00,1004,233,5.51,106,11.6,898
8:50:00,1011,233,5.51,149,11.5,862
8:55:00,1121,232,5.81,213,11.5,908
9:00:00,1260,232,6.41,205,11.6,1055
9:05:00,1190,231,6.21,220,11.7,970
9:10:00,1161,231,5.91,376,11.8,785
9:15:00,1691,232,8.16,313,11.9,1378
9:20:00,1692,232,8.27,285,11.9,1407
9:25:00,1577,231,7.53,243,12,1334
9:30:00,1882,229,8.63,308,12.1,1574
9:35:00,1914,229,8.83,210,12,1704
9:40:00,1911,228,8.84,176,12.3,1735
9:45:00,1914,229,8.9,166,12.3,1748
9:50:00,1911,228,8.93,193,12.2,1718
9:55:00,1929,229,9.04,194,12.3,1735
10:00:00,2190,228,10.23,223,12.5,1967
10:05:00,3904,228,18,229,12.5,3675
10:10:00,6016,227,26.9,225,12.9,5791
10:15:00,7899,226,35.27,252,13.3,7647
10:20:00,8579,225,38.14,231,13.6,8348
10:25:00,9113,226,40.36,222,13.8,8891
10:30:00,8790,225,39.16,185,14,8605
10:35:00,8300,226,36.95,148,14.3,8152
10:40:00,7969,225,35.84,161,14.6,7808
10:45:00,8079,227,36.27,172,14.7,7907
10:50:00,8242,226,36.99,172,15,8070
10:55:00,7397,227,33.13,201,14.9,7196
11:00:00,7593,226,33.83,277,14.5,7316
11:05:00,7257,225,32.34,276,14.4,6981
11:10:00,7197,226,31.77,263,14.9,6934
11:15:00,7333,226,32.48,302,15,7031
11:20:00,7398,224,33.16,390,15.1,7008
11:25:00,7340,225,32.79,481,15,6859
11:30:00,6699,226,30.12,712,14.9,5987
11:35:00,7313,225,32.64,675,14.8,6638
11:40:00,6704,225,30.18,510,14.5,6194
11:45:00,7119,225,31.72,488,14.5,6631
11:50:00,6871,225,30.58,577,14.6,6294
11:55:00,6988,225,31.25,546,14.3,6442
12:00:00,7042,225,31.61,590,14,6452
12:05:00,6813,226,30.67,596,13.9,6217
12:10:00,7275,227,32.41,464,14,6811
12:15:00,6731,226,30.49,469,14.1,6262
12:20:00,7364,227,32.94,429,14.1,6935
12:25:00,6515,226,29.15,655,14,5860
12:30:00,6207,226,28.44,516,13.8,5691
12:35:00,5297,228,23.85,671,13.8,4626
12:40:00,4508,228,20.79,638,13.7,3870
12:45:00,4772,228,21.67,613,13.7,4159
12:50:00,4981,229,22.6,566,13.6,4415
12:55:00,4717,230,21.24,587,13.7,4130
13:00:00,4749,229,21.45,627,13.8,4122
13:05:00,4322,230,19.38,602,13.9,3720
13:10:00,4260,230,19.69,545,14,3715
13:15:00,4251,230,19.57,563,14.1,3688
13:20:00,4644,229,20.64,479,14.2,4165
13:25:00,4925,230,21.77,445,14.2,4480
13:30:00,4863,229,21.7,571,14.2,4292
13:35:00,4693,229,20.92,745,14.3,3948
13:40:00,4534,230,20.14,633,14.4,3901
13:45:00,4829,229,21.49,529,14.5,4300
13:50:00,4946,229,22.09,451,14.4,4495
13:55:00,4779,230,21.34,457,14.5,4322
14:00:00,4709,229,21.34,472,14.7,4237
14:05:00,5110,228,23.28,527,14.5,4583
14:10:00,5793,228,25.99,412,14.4,5381
14:15:00,5585,228,25.12,361,14.3,5224
14:20:00,5431,228,24.47,346,14.3,5085
14:25:00,5469,228,24.61,383,14.3,5086
14:30:00,5626,226,25.42,384,14.3,5242
14:35:00,5621,228,25.24,520,14.4,5101
14:40:00,5143,229,23.06,461,14.4,4682
14:45:00,5129,228,23.29,551,14.6,4578
14:50:00,5629,228,25.26,504,14.8,5125
14:55:00,5744,227,25.6,372,14.9,5372
15:00:00,5677,228,25.54,328,15.1,5349
15:05:00,5523,228,24.51,380,15.2,5143
15:10:00,5098,229,22.7,336,15.2,4762
15:15:00,5100,228,22.65,449,15.3,4651
15:20:00,5116,228,22.4,410,15.3,4706
15:25:00,4917,229,21.61,360,15.4,4557
15:30:00,5096,227,22.88,325,15.4,4771
15:35:00,5167,229,22.89,356,15.4,4811
15:40:00,4881,228,21.52,312,15.5,4569
15:45:00,4937,228,21.84,377,15.5,4560
15:50:00,5240,230,23.08,473,15.5,4767
15:55:00,5134,230,22.58,506,15.5,4628
16:00:00,4803,229,21.15,396,15.5,4407
16:05:00,4479,232,20.17,221,15.5,4258
16:10:00,4855,231,22,189,15.4,4666
16:15:00,4776,231,21.62,149,15.5,4627
16:20:00,4471,231,20.48,139,15.4,4332
16:25:00,4597,231,20.84,142,15.3,4455
16:30:00,4766,232,21.62,116,15.3,4650
16:35:00,4672,231,21.31,130,15.3,4542
16:40:00,4487,231,20.56,121,15.2,4366
16:45:00,5707,231,25.21,114,15.2,5593
16:50:00,5794,230,25.94,104,15.1,5690
16:55:00,5571,230,24.93,80,15.3,5491
17:00:00,5122,230,22.83,79,15.4,5043
17:05:00,5146,231,22.86,69,15.3,5077
17:10:00,5085,231,22.76,54,15.2,5031
17:15:00,4936,231,22.19,53,15,4883
17:20:00,4854,231,21.69,48,15,4806
17:25:00,5483,231,24.32,36,15.1,5447
17:30:00,5928,230,26.67,32,14.9,5896
17:35:00,5603,230,25.22,30,14.9,5573
17:40:00,5888,231,26.24,8,14.9,5880
17:45:00,5886,229,26.56,0,14.8,5886
17:50:00,5711,230,25.5,0,14.9,5711
17:55:00,5493,228,24.77,0,14.8,5493
18:00:00,5763,228,26.13,0,14.7,5763
18:05:00,5779,229,25.97,0,14.6,5779
18:10:00,4971,230,21.84,0,14.6,4971
18:15:00,4449,228,19.62,0,14.6,4449
18:20:00,4558,229,20.24,0,14.5,4558
18:25:00,4318,229,18.92,0,14.4,4318
18:30:00,3951,230,17.36,0,14.4,3951
18:35:00,4170,230,18.55,0,14.4,4170
18:40:00,4201,231,18.75,0,14.3,4201
18:45:00,3908,229,17.44,0,14.2,3908
18:50:00,3925,229,17.69,0,14.1,3925
18:55:00,4198,230,18.83,0,14,4198
19:00:00,4032,230,18,0,13.8,4032
19:05:00,2435,230,11.36,0,13.8,2435
19:10:00,2500,231,11.78,0,13.7,2500
19:15:00,2612,230,12.33,0,13.5,2612
19:20:00,2436,230,11.66,0,13.5,2436
19:25:00,1732,231,8.56,0,13.5,1732
19:30:00,2052,231,10.04,0,13.4,2052
19:35:00,1648,231,8.26,0,13.3,1648
19:40:00,1176,232,6.31,0,13.3,1176
19:45:00,1172,231,6.31,0,13.3,1172
19:50:00,1169,232,6.29,0,13.3,1169
19:55:00,1160,232,6.28,0,13.3,1160
20:00:00,1151,232,6.27,0,13.3,1151
20:05:00,1163,233,6.26,0,13.3,1163
20:10:00,1161,233,6.26,0,13.3,1161
20:15:00,1161,233,6.16,0,13.3,1161
20:20:00,1164,234,6.16,0,13.3,1164
20:25:00,1158,234,6.26,0,13.4,1158
20:30:00,1166,233,6.25,0,13.3,1166
20:35:00,1165,234,6.25,0,13.3,1165
20:40:00,1157,234,6.25,0,13.3,1157
20:45:00,1155,234,6.24,0,13.1,1155
20:50:00,1145,234,6.14,0,13,1145
20:55:00,1156,235,6.25,0,12.8,1156
21:00:00,1027,234,5.63,0,12.7,1027
21:05:00,935,235,5.34,0,12.6,935
21:10:00,928,235,5.24,0,12.5,928
21:15:00,935,235,5.24,0,12.5,935
21:20:00,940,235,5.34,0,12.3,940
21:25:00,934,235,5.34,0,12.1,934
21:30:00,929,233,5.33,0,12.1,929
21:35:00,935,233,5.33,0,12,935
21:40:00,932,233,5.34,0,11.9,932
21:45:00,934,233,5.24,0,11.9,934
21:50:00,941,234,5.35,0,11.8,941
21:55:00,937,233,5.34,0,11.9,937
22:00:00,933,232,5.34,0,11.9,933
22:05:00,934,232,5.34,0,12,934
22:10:00,927,230,5.33,0,11.8,927
22:15:00,934,231,5.34,0,11.7,934
22:20:00,921,232,5.33,0,11.7,921
22:25:00,927,231,5.33,0,11.7,927
22:30:00,926,232,5.33,0,11.6,926
22:35:00,923,232,5.33,0,11.5,923
22:40:00,927,233,5.33,0,11.6,927
22:45:00,927,232,5.34,0,11.6,927
22:50:00,926,233,5.34,0,11.7,926
22:55:00,927,232,5.33,0,11.7,927
23:00:00,971,232,5.47,0,11.6,971
23:05:00,925,232,5.33,0,11.6,925
23:10:00,927,233,5.23,0,11.5,927
23:15:00,929,232,5.33,0,11.4,929
23:20:00,921,232,5.33,0,11.4,921
23:25:00,928,233,5.33,0,11.5,928
23:30:00,925,233,5.33,0,11.6,925
23:35:00,933,233,5.23,0,11.6,933
23:40:00,932,233,5.33,0,11.6,932
23:45:00,934,232,5.35,0,11.7,934
23:50:00,940,232,5.26,0,11.7,940
23:55:00,931,233,5.36,0,11.7,931
0:00:00,947,233,5.36,0,11.7,947
0:05:00,959,232,5.46,0,11.6,959
0:10:00,934,232,5.25,0,11.8,934
0:15:00,927,233,5.33,0,11.9,927
0:20:00,928,233,5.33,0,12,928
0:25:00,929,233,5.23,0,12,929
0:30:00,926,233,5.33,0,12,926
0:35:00,936,234,5.23,0,12,936
0:40:00,941,232,5.23,0,12.1,941
0:45:00,945,233,5.23,0,12.1,945
0:50:00,937,233,5.33,0,12,937
0:55:00,935,233,5.33,0,12.1,935
1:00:00,930,233,5.23,0,12.2,930
1:05:00,940,233,5.23,0,12.2,940
1:10:00,929,233,5.33,0,12.3,929
1:15:00,924,234,5.34,0,12.3,924
1:20:00,930,234,5.34,0,12.3,930
1:25:00,930,234,5.34,0,12.4,930
1:30:00,932,234,5.34,0,12.4,932
1:35:00,927,234,5.24,0,12.4,927
1:40:00,930,235,5.34,0,12.3,930
1:45:00,930,234,5.34,0,12.3,930
1:50:00,933,235,5.34,0,12.3,933
1:55:00,941,235,5.33,0,12.2,941
2:00:00,944,234,5.34,0,12.2,944
2:05:00,950,234,5.34,0,12,950
2:10:00,932,235,5.23,0,12.1,932
2:15:00,927,235,5.34,0,12,927
2:20:00,929,234,5.34,0,12.1,929
2:25:00,928,234,5.24,0,12.3,928
2:30:00,932,235,5.24,0,12.2,932
2:35:00,934,234,5.34,0,12.3,934
2:40:00,936,235,5.24,0,12.4,936
2:45:00,924,235,5.34,0,12.4,924
2:50:00,926,234,5.23,0,12.4,926
2:55:00,937,234,5.24,0,12.5,937
3:00:00,929,235,5.24,0,12.4,929
3:05:00,932,235,5.24,0,12.3,932
3:10:00,936,234,5.24,0,12.3,936
3:15:00,928,235,5.34,0,12.2,928
3:20:00,929,235,5.24,0,12.1,929
3:25:00,933,233,5.34,0,11.9,933
3:30:00,934,233,5.34,0,12,934
3:35:00,935,233,5.24,0,12.1,935
3:40:00,933,233,5.23,0,12.2,933
3:45:00,934,233,5.33,0,12.3,934
3:50:00,931,233,5.33,0,12.3,931
3:55:00,935,233,5.33,0,12.2,935
4:00:00,965,233,5.44,0,12.2,965
4:05:00,945,233,5.33,0,12,945
4:10:00,926,232,5.33,0,12.1,926
4:15:00,927,232,5.33,0,12.1,927
4:20:00,927,232,5.33,0,12,927
4:25:00,930,232,5.34,0,11.8,930
4:30:00,932,232,5.33,0,11.7,932
4:35:00,928,232,5.33,0,11.8,928
4:40:00,927,232,5.33,0,12,927
4:45:00,928,232,5.33,0,12.1,928
4:50:00,921,231,5.23,0,12.1,921
4:55:00,933,232,5.33,0,12.2,933
5:00:00,927,232,5.33,0,12.1,927
5:05:00,929,231,5.33,0,12.1,929
5:10:00,935,232,5.33,0,12.1,935
5:15:00,929,233,5.33,0,12.2,929
5:20:00,939,233,5.23,0,12,939
5:25:00,925,233,5.33,0,12,925
5:30:00,929,233,5.33,0,11.9,929
5:35:00,930,233,5.33,0,11.9,930
5:40:00,922,232,5.23,0,11.9,922
5:45:00,926,233,5.23,0,11.8,926
5:50:00,928,233,5.34,0,11.8,928
5:55:00,933,232,5.33,0,11.8,933
6:00:00,929,232,5.33,0,11.9,929
6:05:00,932,231,5.33,0,12,932
6:10:00,925,230,5.33,0,12.2,925
6:15:00,927,230,5.33,0,12.2,927
6:20:00,923,230,5.33,0,12.2,923
6:25:00,933,230,5.33,0,12.2,933
6:30:00,932,229,5.33,0,12.1,932
6:35:00,930,231,5.33,0,12.2,930
6:40:00,930,231,5.33,0,12.1,930
6:45:00,934,231,5.33,0,12,934
6:50:00,929,231,5.24,0,12,929
6:55:00,932,231,5.33,0,11.8,932
7:00:00,932,230,5.33,0,11.8,932
7:05:00,927,231,5.34,0,11.8,927
7:10:00,937,231,5.34,0,11.7,937
7:15:00,931,230,5.34,0,11.6,931
7:20:00,935,229,5.34,0,11.5,935
7:25:00,934,230,5.34,0,11.5,934
7:30:00,935,230,5.34,0,11.3,935
7:35:00,927,229,5.34,0,11.4,927
7:40:00,932,230,5.24,0,11.4,932
7:45:00,928,230,5.34,0,11.3,928
7:50:00,932,230,5.35,0,11.3,932
7:55:00,933,230,5.34,0,11.3,933
8:00:00,945,230,5.34,0,11.3,945
8:05:00,928,231,5.35,0,11.3,928
8:10:00,932,231,5.34,42,11.3,890
8:15:00,926,233,5.35,64,11.3,862
8:20:00,928,233,5.35,101,11.3,827
8:25:00,930,233,5.25,134,11.4,796
8:30:00,965,233,5.44,146,11.4,819
8:35:00,1088,232,5.94,182,11.4,906
8:40:00,1097,232,6.04,149,11.3,948
8:45:00,1144,232,6.05,230,11.2,914
8:50:00,1176,232,6.19,269,11.2,907
8:55:00,1183,231,6.4,293,11.3,890
9:00:00,1107,230,6.12,292,11.4,815
9:05:00,948,231,5.37,318,11.4,630
9:10:00,929,231,5.33,377,11.3,552
9:15:00,927,231,5.33,451,11.4,476
9:20:00,1098,230,5.76,488,11.5,610
9:25:00,1440,230,7.23,551,11.6,889
9:30:00,1454,229,7.23,677,11.5,777
9:35:00,1433,230,7.23,723,11.5,710
9:40:00,1422,229,7.23,678,11.5,744
9:45:00,2206,229,10.52,647,11.4,1559
9:50:00,3811,228,17.42,650,11.4,3161
9:55:00,3903,227,17.53,704,11.4,3199
10:00:00,3921,226,17.66,686,11.6,3235
10:05:00,3917,226,17.73,670,11.6,3247
10:10:00,3908,227,17.64,672,11.5,3236
10:15:00,5102,225,22.83,700,11.3,4402
10:20:00,7327,223,32.18,686,11.3,6641
10:25:00,7803,224,34.59,741,11.4,7062
10:30:00,7103,224,31.36,869,11.3,6234
10:35:00,6764,225,30.22,960,11.5,5804
10:40:00,6893,224,30.68,1074,11.5,5819
10:45:00,7168,224,32.07,1173,11.7,5995
10:50:00,7017,224,31.3,1222,11.7,5795
10:55:00,7117,224,31.71,1329,11.4,5788
11:00:00,7097,223,31.66,1432,11.4,5665
11:05:00,7289,224,32.69,1339,11.4,5950
11:10:00,7334,223,33.04,1125,11.4,6209
11:15:00,7469,225,33.38,1224,11.6,6245
11:20:00,7499,223,33.63,1251,11.4,6248
11:25:00,7664,224,34.21,1343,11.4,6321
11:30:00,7508,224,33.71,1406,11.5,6102
11:35:00,7576,224,33.94,1509,11.6,6067
11:40:00,7033,225,31.45,1500,11.7,5533
11:45:00,6757,223,30.56,1473,11.6,5284
11:50:00,7583,225,33.8,1499,11.7,6084
11:55:00,7100,224,31.79,1563,11.9,5537
12:00:00,6529,224,29.57,1633,11.7,4896
12:05:00,7508,225,33.81,1713,11.7,5795
12:10:00,6880,226,30.91,1836,11.6,5044
12:15:00,7112,224,32.18,1842,11.7,5270
12:20:00,5855,225,26.38,2010,11.8,3845
12:25:00,5815,224,26.43,1178,12.1,4637
12:30:00,5971,225,27.06,900,12.1,5071
12:35:00,4564,227,20.87,630,12.1,3934
12:40:00,4407,226,20.96,750,11.9,3657
12:45:00,4443,226,21.23,777,11.9,3666
12:50:00,3999,227,19.07,883,11.9,3116
12:55:00,4239,228,20.1,1025,11.7,3214
13:00:00,4410,227,20.97,1190,11.7,3220
13:05:00,4126,228,19.61,1279,11.8,2847
13:10:00,6066,228,27.79,1196,12,4870
13:15:00,4667,228,21.94,1128,11.9,3539
13:20:00,4944,227,22.41,1059,12,3885
13:25:00,5104,228,22.87,1052,12,4052
13:30:00,5152,227,23.1,1202,12,3950
13:35:00,5406,227,24.23,1558,12.1,3848
13:40:00,5633,226,25.19,1070,12,4563
13:45:00,7999,225,35.58,818,12.1,7181
13:50:00,7973,225,35.17,903,12.1,7070
13:55:00,7793,225,34.13,887,12.2,6906
14:00:00,7916,224,34.76,931,12.4,6985
14:05:00,8145,226,36.19,1031,12.6,7114
14:10:00,8144,226,36.33,1099,13,7045
14:15:00,7834,225,35.03,1268,13.1,6566
14:20:00,7545,224,33.78,1252,12.9,6293
14:25:00,6802,224,30.56,1342,12.7,5460
14:30:00,6697,224,30.34,1263,12.8,5434
14:35:00,6739,227,29.7,1174,13.1,5565
14:40:00,6357,226,28.24,1279,13.1,5078
14:45:00,5776,225,25.63,1116,13.2,4660
14:50:00,5886,227,25.8,825,13.3,5061
14:55:00,6122,226,26.99,779,13.2,5343
15:00:00,6050,226,26.75,464,13.3,5586
15:05:00,6169,227,27.1,380,13.4,5789
15:10:00,6208,226,27.46,480,13.5,5728
15:15:00,6878,226,30.55,516,13.1,6362
15:20:00,6801,227,29.99,497,13,6304
15:25:00,6133,226,27.22,594,13.1,5539
15:30:00,6367,227,28.3,758,12.9,5609
15:35:00,7127,227,31.66,794,12.8,6333
15:40:00,6957,226,31.12,928,12.6,6029
15:45:00,6618,227,29.32,839,12.5,5779
15:50:00,6172,227,27.2,653,12.5,5519
15:55:00,5757,226,25.87,682,12.4,5075
16:00:00,4536,229,20.59,610,12.4,3926
16:05:00,4950,228,22.62,499,12.2,4451
16:10:00,4578,228,20.85,480,12.1,4098
16:15:00,4773,229,21.68,426,12.1,4347
16:20:00,4877,228,22.14,318,12.2,4559
16:25:00,4674,228,21.17,272,12.2,4402
16:30:00,4950,229,22.14,233,12.1,4717
16:35:00,3797,227,17.23,204,12.2,3593
16:40:00,4881,228,22.37,174,12.2,4707
16:45:00,5140,228,23.68,144,12.2,4996
16:50:00,4703,228,21.73,157,12.2,4546
16:55:00,5261,228,23.97,224,12,5037
17:00:00,4388,230,20.17,203,12,4185
17:05:00,5446,228,24.51,149,12,5297
17:10:00,4658,229,21.21,124,11.9,4534
17:15:00,5345,229,24.33,119,11.9,5226
17:20:00,4455,228,20.31,102,11.9,4353
17:25:00,5108,229,23.16,93,12,5015
17:30:00,4235,229,19.39,77,12,4158
17:35:00,4241,228,19.59,59,12,4182
17:40:00,4495,230,20.73,46,12,4449
17:45:00,4633,229,21.15,33,12,4600
17:50:00,4581,229,21.06,4,12,4577
17:55:00,4397,229,20.31,0,12,4397
18:00:00,3953,228,18.29,0,11.9,3953
18:05:00,3741,229,17.27,0,11.9,3741
18:10:00,3820,230,17.49,0,11.8,3820
18:15:00,3504,230,16.08,0,11.7,3504
18:20:00,2741,229,12.7,0,11.5,2741
18:25:00,2352,230,11.21,0,11.6,2352
18:30:00,2346,230,10.97,0,11.8,2346
18:35:00,2341,229,11.04,0,11.8,2341
18:40:00,2308,230,10.84,0,11.9,2308
18:45:00,2277,229,10.54,0,11.9,2277
18:50:00,1831,230,8.74,0,11.7,1831
18:55:00,1634,230,7.93,0,11.9,1634
19:00:00,1591,230,7.67,0,12,1591
19:05:00,1367,230,6.84,0,11.9,1367
19:10:00,1376,231,6.8,0,11.8,1376
19:15:00,1376,230,6.94,0,11.8,1376
19:20:00,1344,230,6.87,0,11.9,1344
19:25:00,1336,231,6.8,0,11.9,1336
19:30:00,1321,230,6.67,0,11.8,1321
19:35:00,959,231,5.2,0,11.8,959
19:40:00,865,231,4.91,0,11.7,865
19:45:00,873,231,4.91,0,11.6,873
19:50:00,870,231,4.91,0,11.6,870
19:55:00,875,232,4.91,0,11.7,875
20:00:00,876,232,4.91,0,11.7,876
20:05:00,869,233,4.91,0,11.7,869
20:10:00,870,233,4.91,0,11.8,870
20:15:00,866,233,4.91,0,11.8,866
20:20:00,874,233,4.91,0,11.8,874
20:25:00,866,233,4.91,0,11.8,866
20:30:00,866,233,4.91,0,11.8,866
20:35:00,871,234,4.91,0,11.7,871
20:40:00,866,234,4.91,0,11.8,866
20:45:00,866,234,4.91,0,11.9,866
20:50:00,868,235,4.91,0,11.8,868
20:55:00,870,235,4.91,0,11.8,870
21:00:00,867,234,4.92,0,11.8,867
21:05:00,869,235,4.92,0,11.8,869
21:10:00,871,235,4.91,0,11.8,871
21:15:00,869,235,4.91,0,11.8,869
21:20:00,866,235,4.91,0,11.7,866
21:25:00,870,235,4.91,0,11.7,870
21:30:00,867,235,4.91,0,11.7,867
21:35:00,870,236,4.91,0,11.7,870
21:40:00,867,236,4.91,0,11.6,867
21:45:00,873,234,4.91,0,11.6,873
21:50:00,876,233,4.91,0,11.6,876
21:55:00,874,232,4.91,0,11.5,874
22:00:00,872,231,4.9,0,11.5,872
22:05:00,865,231,4.9,0,11.4,865
22:10:00,864,231,4.91,0,11.5,864
22:15:00,874,232,4.91,0,11.3,874
22:20:00,870,233,4.91,0,11.3,870
22:25:00,862,232,4.91,0,11.2,862
22:30:00,871,233,4.91,0,11.3,871
22:35:00,870,233,4.91,0,11.2,870
22:40:00,865,232,4.91,0,11.2,865
22:45:00,868,231,4.94,0,11.2,868
22:50:00,872,231,5.07,0,11.3,872
22:55:00,848,231,4.9,0,11.3,848
23:00:00,853,231,4.91,0,11.4,853
23:05:00,850,231,4.9,0,11.5,850
23:10:00,858,231,4.9,0,11.5,858
23:15:00,849,231,4.91,0,11.6,849
23:20:00,852,231,4.91,0,11.6,852
23:25:00,852,231,4.91,0,11.6,852
23:30:00,840,231,4.91,0,11.7,840
23:35:00,850,231,4.91,0,11.7,850
23:40:00,852,232,4.91,0,11.7,852
23:45:00,847,231,4.91,0,11.6,847
23:50:00,858,232,4.91,0,11.6,858
23:55:00,850,232,4.91,0,11.6,850
0:00:00,842,232,4.91,0,11.6,842
0:05:00,868,231,4.9,0,11.7,868
0:10:00,862,231,4.94,0,11.6,862
0:15:00,850,232,4.91,0,11.6,850
0:20:00,853,232,4.91,0,11.5,853
0:25:00,848,232,4.91,0,11.6,848
0:30:00,852,233,4.91,0,11.6,852
0:35:00,844,232,4.91,0,11.7,844
0:40:00,851,233,4.92,0,11.7,851
0:45:00,849,233,4.91,0,11.7,849
0:50:00,848,233,4.91,0,11.7,848
0:55:00,850,234,4.91,0,11.8,850
1:00:00,852,234,4.91,0,11.7,852
1:05:00,850,234,4.91,0,11.8,850
1:10:00,852,233,4.91,0,11.9,852
1:15:00,850,234,4.91,0,11.9,850
1:20:00,853,233,4.91,0,11.9,853
1:25:00,854,233,4.91,0,11.9,854
1:30:00,849,233,4.91,0,11.9,849
1:35:00,855,233,4.91,0,11.8,855
1:40:00,852,233,4.91,0,11.7,852
1:45:00,850,234,4.91,0,11.6,850
1:50:00,854,234,4.91,0,11.7,854
1:55:00,850,234,4.91,0,11.6,850
2:00:00,852,233,4.81,0,11.6,852
2:05:00,854,233,4.91,0,11.6,854
2:10:00,852,233,4.91,0,11.7,852
2:15:00,850,233,4.91,0,11.7,850
2:20:00,849,234,4.91,0,11.7,849
2:25:00,843,234,4.91,0,11.6,843
2:30:00,849,234,4.92,0,11.7,849
2:35:00,856,234,4.91,0,11.7,856
2:40:00,852,234,4.91,0,11.6,852
2:45:00,846,234,4.91,0,11.6,846
2:50:00,854,234,4.91,0,11.6,854
2:55:00,847,234,4.91,0,11.6,847
3:00:00,848,234,4.91,0,11.6,848
3:05:00,855,234,4.91,0,11.7,855
3:10:00,841,234,4.91,0,11.6,841
3:15:00,849,234,4.91,0,11.6,849
3:20:00,847,234,4.92,0,11.6,847
3:25:00,846,234,4.81,0,11.5,846
3:30:00,842,234,4.81,0,11.4,842
3:35:00,837,234,4.81,0,11.3,837
3:40:00,840,234,4.81,0,11.3,840
3:45:00,840,234,4.81,0,11.3,840
3:50:00,844,234,4.91,0,11.2,844
3:55:00,832,234,4.81,0,11.1,832
4:00:00,844,235,4.82,0,11,844
4:05:00,842,235,4.81,0,10.9,842
4:10:00,842,234,4.81,0,10.9,842
4:15:00,838,235,4.82,0,10.9,838
4:20:00,842,234,4.82,0,10.8,842
4:25:00,842,234,4.81,0,10.9,842
4:30:00,842,234,4.82,0,10.9,842
4:35:00,831,234,4.81,0,11,831
4:40:00,841,234,4.81,0,11,841
4:45:00,839,234,4.81,0,11,839
4:50:00,843,234,4.81,0,11,843
4:55:00,849,234,4.81,0,10.9,849
5:00:00,832,234,4.82,0,10.9,832
5:05:00,837,234,4.81,0,10.8,837
5:10:00,842,233,4.81,0,10.9,842
5:15:00,838,233,4.82,0,10.9,838
5:20:00,838,234,4.81,0,10.9,838
5:25:00,838,233,4.81,0,10.9,838
5:30:00,846,233,4.81,0,11,846
5:35:00,840,233,4.81,0,11.1,840
5:40:00,843,233,4.81,0,11.1,843
5:45:00,841,233,4.82,0,11.1,841
5:50:00,835,233,4.81,0,11.1,835
5:55:00,838,233,4.81,0,11.2,838
6:00:00,836,233,4.81,0,11.1,836
6:05:00,840,232,4.81,0,11.1,840
6:10:00,836,231,4.81,0,11.1,836
6:15:00,838,231,4.81,0,11.1,838
6:20:00,826,231,4.8,0,11.1,826
6:25:00,834,231,4.81,0,11.1,834
6:30:00,832,230,4.8,0,11.1,832
6:35:00,837,230,4.8,0,11,837
6:40:00,834,229,4.81,0,11,834
6:45:00,839,229,4.81,0,11,839
6:50:00,838,229,4.81,0,11,838
6:55:00,830,229,4.81,0,11.1,830
7:00:00,830,229,4.82,0,11.1,830
7:05:00,842,229,4.81,0,11.1,842
7:10:00,831,229,4.81,0,11.2,831
7:15:00,836,232,4.81,0,11.2,836
7:20:00,836,231,4.82,0,11.3,836
7:25:00,830,231,4.82,0,11.3,830
7:30:00,836,231,4.82,0,11.3,836
7:35:00,837,231,4.82,0,11.4,837
7:40:00,841,231,4.82,0,11.3,841
7:45:00,843,231,4.82,0,11.3,843
7:50:00,832,232,4.82,0,11.4,832
7:55:00,838,232,4.82,0,11.4,838
8:00:00,842,230,4.82,0,11.4,842
8:05:00,842,232,4.82,21,11.4,821
8:10:00,846,232,4.82,54,11.5,792
8:15:00,976,231,5.32,62,11.4,914
8:20:00,1181,231,6.21,70,11.4,1111
8:25:00,1256,230,6.31,80,11.4,1176
8:30:00,1334,229,6.71,88,11.4,1246
8:35:00,1175,230,6,94,11.2,1081
8:40:00,1249,231,6.14,102,11.2,1147
8:45:00,1311,231,6.73,105,11.3,1206
8:50:00,1192,231,6.25,115,11.5,1077
8:55:00,1201,231,6.11,122,11.6,1079
9:00:00,1393,230,6.91,129,11.7,1264
9:05:00,1402,228,7.01,136,11.6,1266
9:10:00,1380,229,7.01,139,11.6,1241
9:15:00,1399,229,7.02,141,11.6,1258
9:20:00,1389,229,7.02,147,11.6,1242
9:25:00,1419,228,7.02,152,11.7,1267
9:30:00,1864,229,8.77,156,11.8,1708
9:35:00,1933,228,9.01,162,11.9,1771
9:40:00,1978,227,9.31,167,12,1811
9:45:00,2004,227,9.42,171,12.2,1833
9:50:00,2570,227,12.08,177,12.3,2393
9:55:00,2290,226,10.82,180,12.6,2110
10:00:00,2941,226,13.83,188,12.8,2753
10:05:00,4182,225,19.73,193,13.2,3989
10:10:00,5844,224,26.7,198,13.6,5646
10:15:00,6891,224,31.09,221,13.9,6670
10:20:00,6473,224,29.28,310,14.1,6163
10:25:00,6427,223,29.36,352,14.3,6075
10:30:00,6155,224,28.38,390,14.5,5765
10:35:00,5885,224,27.07,465,14.7,5420
10:40:00,5830,223,27,419,14.7,5411
10:45:00,5981,224,27.74,468,14.9,5513
10:50:00,6053,224,27.72,714,15,5339
10:55:00,5964,223,27.74,857,15.2,5107
11:00:00,5845,223,26.87,944,15.1,4901
11:05:00,5790,223,26.93,985,15.2,4805
11:10:00,5849,224,26.97,1034,15.4,4815
11:15:00,5787,223,27.03,1114,15.5,4673
11:20:00,5726,224,26.44,1219,15.8,4507
11:25:00,5563,224,25.98,1328,15.9,4235
11:30:00,5596,225,25.91,1424,15.7,4172
11:35:00,5635,225,26.13,1456,15.6,4179
11:40:00,5628,224,26.21,1471,15.8,4157
11:45:00,5730,223,26.54,1473,16,4257
11:50:00,5933,223,27.21,1496,16.1,4437
11:55:00,6009,224,27.79,1566,16.2,4443
12:00:00,6020,225,27.99,1556,16,4464
12:05:00,6038,225,27.9,1614,16,4424
12:10:00,5845,225,26.93,1629,15.9,4216
12:15:00,5858,226,27.03,1525,15.6,4333
12:20:00,5871,226,27.12,1643,15.9,4228
12:25:00,5718,225,26.46,1571,16.2,4147
12:30:00,5309,227,24.66,1531,16,3778
12:35:00,2979,229,14.49,1583,16.3,1396
12:40:00,2899,229,14.17,1528,16.3,1371
12:45:00,2979,229,14.19,1406,16.1,1573
12:50:00,3009,230,14.75,1228,16.5,1781
12:55:00,2936,229,14.42,1317,16.7,1619
13:00:00,2927,230,14.5,1486,16.7,1441
13:05:00,2923,230,14.44,1415,16.6,1508
13:10:00,2889,229,14.5,1366,16.8,1523
13:15:00,4661,228,21.29,1473,16.8,3188
13:20:00,4212,229,18.8,1665,17,2547
13:25:00,4198,228,18.9,1880,17.1,2318
13:30:00,4188,227,18.74,1906,16.9,2282
13:35:00,4178,227,18.73,1745,17.1,2433
13:40:00,4200,228,18.82,1547,17.2,2653
13:45:00,4135,226,18.84,1415,17.4,2720
13:50:00,3500,227,15.86,1295,17.4,2205
13:55:00,4106,228,18.87,1154,17.4,2952
14:00:00,4142,227,19.13,1012,17.3,3130
14:05:00,4152,228,19.12,951,17.2,3201
14:10:00,4138,228,18.98,906,17.1,3232
14:15:00,3513,228,15.9,831,17.2,2682
14:20:00,3509,229,15.8,776,17.2,2733
14:25:00,3516,230,15.79,716,17,2800
14:30:00,3386,228,15.29,651,17.2,2735
14:35:00,3266,228,14.92,622,17.2,2644
14:40:00,3270,229,14.88,598,17.3,2672
14:45:00,3845,229,17.84,532,17.6,3313
14:50:00,3893,228,17.94,553,17.4,3340
14:55:00,4083,229,18.59,542,17.6,3541
15:00:00,4143,229,18.96,547,17.6,3596
15:05:00,4160,228,18.9,504,17.3,3656
15:10:00,3893,229,17.5,469,17.4,3424
15:15:00,3773,229,16.91,353,17.3,3420
15:20:00,3734,227,16.76,291,17.3,3443
15:25:00,3757,228,16.96,242,17.1,3515
15:30:00,3796,228,16.98,286,16.7,3510
15:35:00,3950,227,17.87,282,16.7,3668
15:40:00,4523,228,20.27,279,16.8,4244
15:45:00,4482,229,20.16,279,17,4203
15:50:00,4060,229,18.14,279,16.9,3781
15:55:00,3808,229,17.1,273,16.6,3535
16:00:00,3740,229,16.86,263,16.6,3477
16:05:00,3749,228,16.87,261,16.5,3488
16:10:00,3749,227,16.99,249,16.4,3500
16:15:00,3749,228,16.98,243,16.6,3506
16:20:00,3759,227,16.98,229,16.7,3530
16:25:00,3745,227,16.92,229,16.6,3516
16:30:00,3741,228,16.76,224,16.6,3517
16:35:00,3758,228,16.82,222,16.5,3536
16:40:00,3787,228,16.76,217,16.5,3570
16:45:00,3798,228,16.93,214,16.5,3584
16:50:00,3820,229,16.99,206,16.5,3614
16:55:00,3811,229,16.99,197,16.4,3614
17:00:00,3780,229,16.81,183,16.3,3597
17:05:00,3545,229,16.19,161,16.3,3384
17:10:00,3372,230,15.45,139,16.3,3233
17:15:00,3199,230,14.75,122,16.2,3077
17:20:00,2883,230,13.53,103,16.2,2780
17:25:00,2890,231,13.09,89,16.1,2801
17:30:00,3080,230,14.27,72,16.1,3008
17:35:00,3014,230,13.47,59,16,2955
17:40:00,2700,230,12.11,49,15.9,2651
17:45:00,2686,230,12.11,35,15.8,2651
17:50:00,2447,230,11.58,18,15.8,2429
17:55:00,2370,229,11.11,0,15.7,2370
18:00:00,2381,230,11.2,0,15.6,2381
18:05:00,2374,229,11.2,0,15.6,2374
18:10:00,2236,229,10.6,0,15.5,2236
18:15:00,2337,230,10.9,0,15.5,2337
18:20:00,2343,230,11,0,15.4,2343
18:25:00,2331,230,11,0,15.3,2331
18:30:00,2334,230,11.01,0,15.2,2334
18:35:00,2344,230,11,0,15.1,2344
18:40:00,2256,230,10.5,0,15.1,2256
18:45:00,1950,230,9.2,0,15,1950
18:50:00,1945,230,9.2,0,15,1945
18:55:00,1913,231,9.11,0,15,1913
19:00:00,1718,230,8.3,0,14.9,1718
19:05:00,1723,230,8.21,0,14.8,1723
19:10:00,1704,230,8.21,0,14.8,1704
19:15:00,1725,230,8.31,0,14.7,1725
19:20:00,1707,230,8.31,0,14.7,1707
19:25:00,1703,231,8.2,0,14.6,1703
19:30:00,1722,230,8.21,0,14.5,1722
19:35:00,1716,231,8.3,0,14.4,1716
19:40:00,1714,231,8.31,0,14.3,1714
19:45:00,1702,231,8.31,0,14.2,1702
19:50:00,1590,232,7.71,0,14.1,1590
19:55:00,1138,233,6.01,0,14,1138
20:00:00,1141,232,6.01,0,13.8,1141
20:05:00,1142,232,6.01,0,13.7,1142
20:10:00,1150,233,6.01,0,13.6,1150
20:15:00,1127,233,6.01,0,13.5,1127
20:20:00,1101,233,5.81,0,13.5,1101
20:25:00,1103,233,5.81,0,13.4,1103
20:30:00,1110,233,5.81,0,13.3,1110
20:35:00,1092,233,5.71,0,13.3,1092
20:40:00,896,234,5.01,0,13.3,896
20:45:00,881,234,4.91,0,13.4,881
20:50:00,886,234,4.91,0,13.4,886
20:55:00,878,234,4.91,0,13.3,878
21:00:00,887,235,4.91,0,13.2,887
21:05:00,889,235,5.01,0,13.1,889
21:10:00,885,235,4.91,0,12.9,885
21:15:00,885,235,4.91,0,12.8,885
21:20:00,882,235,4.91,0,12.7,882
21:25:00,888,235,4.91,0,12.6,888
21:30:00,887,236,4.91,0,12.5,887
21:35:00,886,236,4.91,0,12.4,886
21:40:00,884,236,5.01,0,12.2,884
21:45:00,886,235,4.91,0,12.1,886
21:50:00,888,233,4.91,0,12.1,888
21:55:00,888,232,4.9,0,12.1,888
22:00:00,882,232,4.91,0,12,882
22:05:00,887,233,4.91,0,11.9,887
22:10:00,881,233,4.91,0,11.8,881
22:15:00,879,233,4.91,0,11.8,879
22:20:00,880,233,5.01,0,11.8,880
22:25:00,886,233,4.91,0,11.7,886
22:30:00,888,233,4.91,0,11.7,888
22:35:00,884,233,4.91,0,11.7,884
22:40:00,887,234,4.91,0,11.8,887
22:45:00,885,234,4.91,0,11.8,885
22:50:00,892,232,4.91,0,11.6,892
22:55:00,889,233,4.91,0,11.5,889
23:00:00,889,233,4.91,0,11.4,889
23:05:00,882,232,4.91,0,11.4,882
23:10:00,892,232,5.01,0,11.5,892
23:15:00,883,232,4.91,0,11.6,883
23:20:00,887,233,4.91,0,11.7,887
23:25:00,885,233,4.91,0,11.9,885
23:30:00,888,233,4.91,0,12,888
23:35:00,901,233,5.01,0,12,901
23:40:00,903,232,5.01,0,12.1,903
23:45:00,910,233,5.01,0,12,910
23:50:00,908,234,5.01,0,12,908
23:55:00,912,234,5.02,0,12,912
0:00:00,905,233,4.91,0,12,905
0:05:00,887,233,4.91,0,12,887
0:10:00,882,232,4.91,0,11.9,882
0:15:00,876,232,4.91,0,11.9,876
0:20:00,889,233,4.91,0,11.8,889
0:25:00,874,233,4.91,0,11.9,874
0:30:00,878,233,4.91,0,11.9,878
0:35:00,881,233,4.91,0,11.9,881
0:40:00,882,233,4.91,0,11.8,882
0:45:00,871,233,4.91,0,11.8,871
0:50:00,875,233,4.91,0,11.8,875
0:55:00,877,234,4.91,0,11.7,877
1:00:00,873,234,4.91,0,11.6,873
1:05:00,874,234,4.91,0,11.5,874
1:10:00,870,234,4.91,0,11.4,870
1:15:00,877,234,4.92,0,11.2,877
1:20:00,882,234,4.91,0,11.2,882
1:25:00,876,235,4.91,0,11.1,876
1:30:00,876,235,4.92,0,11.1,876
1:35:00,879,233,4.91,0,11.1,879
1:40:00,879,234,4.91,0,11.1,879
1:45:00,879,234,4.91,0,11.1,879
1:50:00,869,234,4.91,0,11,869
1:55:00,875,234,4.91,0,11,875
2:00:00,880,234,4.91,0,10.9,880
2:05:00,877,234,4.91,0,10.9,877
2:10:00,880,234,4.91,0,10.8,880
2:15:00,871,234,4.91,0,10.8,871
2:20:00,874,234,4.91,0,10.8,874
2:25:00,877,234,4.91,0,10.9,877
2:30:00,875,235,4.91,0,10.8,875
2:35:00,874,234,4.91,0,10.8,874
2:40:00,875,234,4.91,0,10.6,875
2:45:00,876,235,4.91,0,10.5,876
2:50:00,878,235,4.91,0,10.5,878
2:55:00,881,234,4.91,0,10.3,881
3:00:00,878,235,4.91,0,10.3,878
3:05:00,881,235,4.92,0,10.2,881
3:10:00,870,235,4.91,0,10.2,870
3:15:00,883,235,4.91,0,10.2,883
3:20:00,875,235,4.92,0,10.2,875
3:25:00,873,235,4.92,0,10,873
3:30:00,885,235,4.91,0,10,885
3:35:00,877,235,4.92,0,9.9,877
3:40:00,869,235,4.91,0,9.9,869
3:45:00,873,235,4.91,0,9.9,873
3:50:00,875,235,4.91,0,9.9,875
3:55:00,877,235,4.92,0,9.9,877
4:00:00,878,235,4.92,0,9.9,878
4:05:00,884,235,4.92,0,9.9,884
4:10:00,877,235,4.91,0,9.9,877
4:15:00,879,235,4.91,0,9.8,879
4:20:00,872,234,4.91,0,9.8,872
4:25:00,877,235,4.91,0,9.8,877
4:30:00,874,234,4.91,0,9.7,874
4:35:00,874,234,4.91,0,9.6,874
4:40:00,879,235,4.92,0,9.5,879
4:45:00,879,234,4.91,0,9.5,879
4:50:00,875,234,4.92,0,9.5,875
4:55:00,875,235,4.92,0,9.5,875
5:00:00,883,234,4.92,0,9.4,883
5:05:00,871,234,4.92,0,9.4,871
5:10:00,874,234,4.92,0,9.4,874
5:15:00,873,234,4.92,0,9.4,873
5:20:00,874,235,4.92,0,9.4,874
5:25:00,875,234,4.92,0,9.4,875
5:30:00,884,234,4.92,0,9.4,884
5:35:00,875,234,4.92,0,9.2,875
5:40:00,872,234,4.91,0,9.2,872
5:45:00,877,234,4.91,0,9.2,877
5:50:00,871,234,4.92,0,9.2,871
5:55:00,880,234,4.91,0,9.2,880
6:00:00,873,234,4.92,0,9.2,873
6:05:00,872,234,4.91,0,9.2,872
6:10:00,867,234,4.91,0,9.1,867
6:15:00,871,233,4.91,0,9.1,871
6:20:00,877,233,4.91,0,9,877
6:25:00,877,233,4.91,0,8.9,877
6:30:00,872,233,4.91,0,8.8,872
6:35:00,871,233,4.91,0,8.9,871
6:40:00,867,233,4.91,0,8.9,867
6:45:00,866,233,4.92,0,8.8,866
6:50:00,876,232,4.92,0,8.8,876
6:55:00,870,233,4.92,0,8.9,870
7:00:00,866,232,4.92,0,8.9,866
7:05:00,870,232,4.92,0,9,870
7:10:00,871,231,4.91,0,9,871
7:15:00,866,231,4.91,0,9,866
7:20:00,869,230,4.91,0,9,869
7:25:00,872,231,4.92,0,8.9,872
7:30:00,867,231,4.91,0,8.9,867
7:35:00,858,230,4.91,0,8.8,858
7:40:00,862,230,4.92,0,8.8,862
7:45:00,878,231,4.91,0,8.8,878
7:50:00,868,230,4.92,0,8.8,868
7:55:00,870,230,4.91,0,8.7,870
8:00:00,868,230,4.91,0,8.6,868
8:05:00,873,230,4.91,0,8.6,873
8:10:00,864,232,4.92,31,8.6,833
8:15:00,871,234,4.92,62,8.5,809
8:20:00,869,234,4.92,77,8.5,792
8:25:00,870,234,5.02,85,8.5,785
8:30:00,864,234,4.92,88,8.5,776
8:35:00,873,233,4.92,92,8.6,781
8:40:00,871,233,4.92,104,8.6,767
8:45:00,871,233,4.92,133,8.7,738
8:50:00,874,233,4.92,164,8.7,710
8:55:00,877,232,4.92,203,8.8,674
9:00:00,871,232,4.91,216,8.9,655
9:05:00,877,233,4.91,214,9.1,663
9:10:00,877,233,4.92,205,9.2,672
9:15:00,879,234,4.92,212,9.3,667
9:20:00,871,234,4.92,221,9.4,650
9:25:00,871,234,4.92,244,9.6,627
9:30:00,875,233,4.92,275,9.7,600
9:35:00,876,235,4.92,324,9.9,552
9:40:00,878,235,4.92,372,10.2,506
9:45:00,875,235,4.92,381,10.3,494
9:50:00,874,235,4.92,372,10.6,502
9:55:00,874,236,4.92,371,10.8,503
10:00:00,874,235,4.92,380,11.1,494
10:05:00,875,235,4.93,395,11.4,480
10:10:00,875,234,4.92,432,11.9,443
10:15:00,874,233,4.91,478,12.4,396
10:20:00,872,233,4.92,522,12.9,350
10:25:00,875,233,4.92,564,13.2,311
10:30:00,867,233,5.11,529,13.5,338
10:35:00,861,232,4.92,591,13.8,270
10:40:00,858,232,4.92,619,14,239
10:45:00,863,233,4.92,700,14.2,163
10:50:00,855,232,4.92,771,14.3,84
10:55:00,863,232,4.92,902,14.5,-39
11:00:00,861,233,4.92,1022,14.5,-161
11:05:00,865,233,4.92,1085,14.6,-220
11:10:00,862,232,4.92,1088,14.9,-226
11:15:00,861,233,4.92,1170,14.9,-309
11:20:00,858,233,4.92,1317,15.1,-459
11:25:00,854,232,4.92,1395,15.2,-541
11:30:00,855,233,4.92,1383,15.2,-528
11:35:00,854,233,4.92,1580,15.2,-726
11:40:00,858,232,4.92,1396,15.2,-538
11:45:00,864,232,4.93,1442,15.3,-578
11:50:00,857,233,4.92,1299,15.3,-442
11:55:00,858,232,4.92,1574,15.2,-716
12:00:00,858,233,4.92,1700,15.2,-842
12:05:00,856,233,4.92,1764,15.2,-908
12:10:00,854,233,4.92,1656,15.3,-802
12:15:00,860,233,4.92,1657,15.3,-797
12:20:00,858,234,4.92,1678,15.3,-820
12:25:00,853,233,4.92,1727,15.4,-874
12:30:00,859,233,4.92,1701,15.3,-842
12:35:00,861,233,4.92,1824,15.4,-963
12:40:00,859,233,4.92,1718,15.4,-859
12:45:00,861,233,4.92,1374,15.5,-513
12:50:00,857,233,4.92,1516,15.6,-659
12:55:00,856,233,4.92,1576,15.6,-720
13:00:00,858,233,4.92,1635,15.6,-777
13:05:00,864,232,4.92,1752,15.6,-888
13:10:00,858,233,4.91,1847,15.6,-989
13:15:00,864,232,4.91,1907,15.7,-1043
13:20:00,864,232,4.92,1999,15.7,-1135
13:25:00,865,232,4.92,1880,15.7,-1015
13:30:00,872,232,4.92,1598,15.7,-726
13:35:00,860,233,4.92,1506,15.8,-646
13:40:00,860,233,4.92,1465,15.8,-605
13:45:00,856,233,4.92,1535,15.8,-679
13:50:00,856,233,4.92,1500,15.9,-644
13:55:00,857,233,4.92,1527,15.9,-670
14:00:00,856,233,4.92,1344,15.9,-488
14:05:00,859,233,4.92,1299,15.9,-440
14:10:00,859,233,4.92,1008,16,-149
14:15:00,861,233,4.92,1090,15.9,-229
14:20:00,860,233,4.92,1087,16,-227
14:25:00,851,233,4.93,1073,15.9,-222
14:30:00,853,233,4.92,939,15.9,-86
14:35:00,852,233,4.92,839,15.7,13
14:40:00,855,233,4.92,806,15.7,49
14:45:00,861,233,4.92,803,15.6,58
14:50:00,854,234,4.92,853,15.6,1
14:55:00,856,233,4.92,837,15.7,19
15:00:00,855,233,4.92,796,15.7,59
15:05:00,855,234,4.92,797,15.7,58
15:10:00,858,233,4.92,794,15.6,64
15:15:00,856,233,4.92,748,15.6,108
15:20:00,860,233,4.92,726,15.7,134
15:25:00,860,233,4.92,713,15.7,147
15:30:00,874,233,5.05,686,15.5,188
15:35:00,855,233,4.92,675,15.3,180
15:40:00,860,233,4.92,654,15.3,206
15:45:00,854,233,4.92,551,15.2,303
15:50:00,855,233,4.92,474,15.2,381
15:55:00,860,234,4.92,381,15.2,479
16:00:00,854,233,4.92,353,15.2,501
16:05:00,858,233,4.92,358,15.3,500
16:10:00,855,233,4.93,346,15.1,509
16:15:00,855,233,4.92,323,14.9,532
16:20:00,858,233,4.92,339,14.9,519
16:25:00,853,233,4.92,289,15,564
16:30:00,854,233,4.92,235,15,619
16:35:00,857,233,4.92,196,14.8,661
16:40:00,854,233,4.92,167,14.8,687
16:45:00,854,233,4.92,138,14.8,716
16:50:00,854,233,4.92,101,14.6,753
16:55:00,853,232,4.92,73,14.4,780
17:00:00,855,233,4.92,52,14.3,803
17:05:00,853,233,4.92,18,14.3,835
17:10:00,850,232,4.92,0,14.2,850
17:15:00,856,232,4.92,0,14.1,856
17:20:00,851,232,4.92,0,14,851
17:25:00,858,232,4.92,0,13.8,858
17:30:00,853,231,4.92,0,13.8,853
17:35:00,860,232,4.92,0,13.8,860
17:40:00,858,232,4.91,0,13.7,858
17:45:00,851,231,4.91,0,13.6,851
17:50:00,856,231,4.91,0,13.5,856
17:55:00,852,230,4.91,0,13.4,852
18:00:00,861,230,4.9,0,13.3,861
18:05:00,855,232,4.91,0,13.3,855
18:10:00,861,233,4.91,0,13.2,861
18:15:00,863,233,4.91,0,13.1,863
18:20:00,859,233,4.91,0,12.9,859
18:25:00,860,233,4.91,0,12.9,860
18:30:00,856,233,4.91,0,12.8,856
18:35:00,863,233,4.91,0,12.7,863
18:40:00,858,233,4.91,0,12.7,858
18:45:00,852,233,4.91,0,12.6,852
18:50:00,858,233,4.91,0,12.5,858
18:55:00,854,233,4.91,0,12.4,854
19:00:00,860,233,4.9,0,12.3,860
19:05:00,860,233,4.91,0,12.2,860
19:10:00,854,233,4.91,0,12.1,854
19:15:00,860,233,4.91,0,12.1,860
19:20:00,862,233,4.91,0,12,862
19:25:00,865,233,4.91,0,12,865
19:30:00,863,233,4.91,0,12,863
19:35:00,863,233,4.91,0,12,863
19:40:00,866,233,4.91,0,11.9,866
19:45:00,861,233,4.91,0,11.8,861
19:50:00,854,233,4.91,0,11.8,854
19:55:00,855,233,4.91,0,11.7,855
20:00:00,859,233,4.91,0,11.6,859
20:05:00,855,234,4.92,0,11.6,855
20:10:00,851,234,4.91,0,11.6,851
20:15:00,856,234,4.91,0,11.5,856
20:20:00,853,234,4.91,0,11.4,853
20:25:00,850,235,4.91,0,11.3,850
20:30:00,865,234,5.11,0,11.2,865
20:35:00,862,235,4.91,0,11.1,862
20:40:00,857,235,4.91,0,11.1,857
20:45:00,854,235,4.91,0,11,854
20:50:00,859,235,4.91,0,10.9,859
20:55:00,856,236,4.91,0,10.9,856
21:00:00,860,235,4.91,0,10.9,860
21:05:00,857,235,4.92,0,10.9,857
21:10:00,862,235,4.92,0,10.8,862
21:15:00,856,235,4.92,0,10.7,856
21:20:00,859,235,4.92,0,10.6,859
21:25:00,860,236,4.92,0,10.6,860
21:30:00,856,236,4.92,0,10.6,856
21:35:00,858,235,4.92,0,10.6,858
21:40:00,852,233,4.91,0,10.6,852
21:45:00,860,234,4.91,0,10.6,860
21:50:00,856,233,4.92,0,10.6,856
21:55:00,857,234,4.92,0,10.6,857
22:00:00,858,233,4.91,0,10.7,858
22:05:00,855,233,4.91,0,10.8,855
22:10:00,851,232,4.91,0,10.9,851
22:15:00,856,233,4.91,0,10.9,856
22:20:00,858,233,4.91,0,11,858
22:25:00,858,233,4.91,0,11,858
22:30:00,857,233,4.91,0,11.1,857
22:35:00,854,233,4.91,0,11.1,854
22:40:00,861,233,4.91,0,11.2,861
22:45:00,857,233,4.91,0,11.2,857
22:50:00,859,234,4.91,0,11.1,859
22:55:00,850,233,4.91,0,11.1,850
23:00:00,858,233,4.91,0,11.1,858
23:05:00,858,234,4.91,0,11,858
23:10:00,857,234,4.91,0,11,857
23:15:00,851,233,4.91,0,11,851
23:20:00,852,235,4.91,0,11.1,852
23:25:00,847,234,4.91,0,11,847
23:30:00,849,234,4.91,0,11,849
23:35:00,853,235,4.91,0,11,853
23:40:00,858,234,4.92,0,11,858
23:45:00,849,234,4.92,0,10.9,849
23:50:00,850,233,4.91,0,11,850
23:55:00,852,234,4.91,0,11,852
0:00:00,857,234,4.91,0,11,857
0:05:00,855,234,4.92,0,11,855
0:10:00,856,235,4.91,0,11,856
0:15:00,851,236,4.92,0,11,851
0:20:00,852,235,4.91,0,10.9,852
0:25:00,856,235,4.92,0,10.9,856
0:30:00,860,234,4.91,0,10.9,860
0:35:00,857,234,4.91,0,10.8,857
0:40:00,855,234,4.91,0,10.8,855
0:45:00,854,234,4.91,0,10.7,854
0:50:00,845,234,4.91,0,10.7,845
0:55:00,855,234,4.91,0,10.7,855
1:00:00,855,234,4.91,0,10.7,855
1:05:00,853,235,4.91,0,10.7,853
1:10:00,852,234,4.92,0,10.6,852
1:15:00,856,235,4.91,0,10.6,856
1:20:00,857,235,4.92,0,10.6,857
1:25:00,857,234,4.92,0,10.7,857
1:30:00,869,233,5.08,0,10.7,869
1:35:00,858,233,4.91,0,10.7,858
1:40:00,853,233,4.91,0,10.7,853
1:45:00,852,233,4.91,0,10.7,852
1:50:00,847,233,4.91,0,10.7,847
1:55:00,855,232,4.91,0,10.8,855
2:00:00,853,232,4.91,0,10.8,853
2:05:00,851,233,4.91,0,10.8,851
2:10:00,851,233,4.91,0,10.7,851
2:15:00,850,232,4.92,0,10.7,850
2:20:00,853,233,4.91,0,10.8,853
2:25:00,852,233,4.91,0,10.8,852
2:30:00,854,233,4.91,0,10.5,854
2:35:00,849,232,4.91,0,10.2,849
2:40:00,853,233,4.91,0,10.3,853
2:45:00,852,233,4.91,0,10.6,852
2:50:00,847,233,4.91,0,10.4,847
2:55:00,851,233,4.91,0,10.4,851
3:00:00,852,233,4.91,0,10.6,852
3:05:00,854,233,4.91,0,10.6,854
3:10:00,852,233,4.91,0,10.6,852
3:15:00,859,233,4.91,0,10.3,859
3:20:00,854,233,4.91,0,10.2,854
3:25:00,853,233,4.91,0,10.1,853
3:30:00,856,234,4.91,0,10.1,856
3:35:00,862,234,4.91,0,10.2,862
3:40:00,861,233,4.91,0,10.4,861
3:45:00,857,234,4.92,0,10.5,857
3:50:00,852,234,4.91,0,10.6,852
3:55:00,855,234,4.91,0,10.4,855
4:00:00,852,235,4.91,0,10.5,852
4:05:00,858,234,4.92,0,10.6,858
4:10:00,855,234,4.92,0,10.5,855
4:15:00,850,234,4.91,0,10.5,850
4:20:00,857,234,4.91,0,10.6,857
4:25:00,847,234,4.92,0,10.6,847
4:30:00,857,234,4.91,0,10.5,857
4:35:00,854,234,4.91,0,10.4,854
4:40:00,850,234,4.91,0,10.5,850
4:45:00,851,234,4.91,0,10.6,851
4:50:00,856,234,4.91,0,10.6,856
4:55:00,860,234,4.92,0,10.5,860
5:00:00,857,234,4.92,0,10.5,857
5:05:00,860,234,4.91,0,10.5,860
5:10:00,849,233,4.91,0,10.5,849
5:15:00,853,233,4.91,0,10.3,853
5:20:00,858,233,4.91,0,10.3,858
5:25:00,850,234,4.92,0,10.2,850
5:30:00,850,234,4.91,0,10.1,850
5:35:00,858,233,4.91,0,10,858
5:40:00,847,233,4.91,0,10,847
5:45:00,850,233,4.91,0,10,850
5:50:00,851,233,4.91,0,10,851
5:55:00,852,233,4.91,0,10.1,852
6:00:00,846,233,4.91,0,10,846
6:05:00,850,233,4.91,0,10,850
6:10:00,842,233,4.91,0,10,842
6:15:00,853,233,4.91,0,10,853
6:20:00,852,233,4.91,0,10,852
6:25:00,849,233,4.91,0,10.1,849
6:30:00,854,233,5.04,0,10.2,854
6:35:00,853,233,4.95,0,10.3,853
6:40:00,856,233,4.91,0,10.3,856
6:45:00,867,233,5.01,0,10.4,867
6:50:00,867,233,4.92,0,10.2,867
6:55:00,844,233,4.92,0,10.2,844
7:00:00,849,232,4.92,0,10.3,849
7:05:00,852,231,4.92,0,10.2,852
7:10:00,844,232,4.92,0,10.2,844
7:15:00,844,231,4.92,0,10.3,844
7:20:00,850,232,4.91,0,10.2,850
7:25:00,852,232,4.92,0,10.1,852
7:30:00,855,232,4.92,0,9.9,855
7:35:00,849,232,4.92,0,10,849
7:40:00,852,232,4.92,0,10.1,852
7:45:00,846,232,4.92,0,10,846
7:50:00,848,232,4.92,0,10,848
7:55:00,848,232,4.92,0,9.9,848
8:00:00,858,232,4.92,0,9.8,858
8:05:00,848,232,4.92,0,9.8,848
8:10:00,849,233,4.92,50,9.5,799
8:15:00,849,233,4.92,61,9.4,788
8:20:00,847,232,4.92,77,9.3,770
8:25:00,851,233,4.93,97,9.2,754
8:30:00,852,232,4.92,117,9.1,735
8:35:00,849,232,4.92,144,9.2,705
8:40:00,850,232,4.92,170,9.3,680
8:45:00,848,232,4.92,186,9.2,662
8:50:00,847,231,4.92,206,9.3,641
8:55:00,847,231,4.92,217,9.5,630
9:00:00,848,233,4.92,216,9.7,632
9:05:00,849,233,4.93,214,9.3,635
9:10:00,852,233,4.92,210,9.5,642
9:15:00,852,232,4.92,210,9.5,642
9:20:00,853,232,4.92,223,9.6,630
9:25:00,847,232,4.92,239,9.8,608
9:30:00,857,232,4.92,252,9.9,605
9:35:00,850,232,4.92,269,9.9,581
9:40:00,847,231,4.92,291,9.9,556
9:45:00,848,231,4.92,314,9.8,534
9:50:00,846,233,4.92,332,10,514
9:55:00,845,234,4.92,341,10.3,504
10:00:00,849,234,4.92,339,10.5,510
10:05:00,852,235,4.92,341,10.7,511
10:10:00,849,235,4.92,350,11,499
10:15:00,848,236,4.93,415,11.4,433
10:20:00,853,236,4.93,489,11.3,364
10:25:00,845,236,4.93,482,11.5,363
10:30:00,852,235,4.93,518,11.9,334
10:35:00,851,235,4.93,583,12.5,268
10:40:00,852,236,4.93,629,12.8,223
10:45:00,851,236,4.93,716,13,135
10:50:00,851,236,4.93,901,13,-50
10:55:00,851,236,4.93,975,13.1,-124
11:00:00,851,236,4.93,1015,13,-164
11:05:00,850,235,4.93,1076,13.1,-226
11:10:00,849,235,4.92,1149,13.4,-300
11:15:00,853,235,4.93,1281,13.7,-428
11:20:00,854,235,4.92,1407,13.7,-553
11:25:00,847,235,4.93,1468,13.7,-621
11:30:00,847,235,4.92,1622,13.7,-775
11:35:00,864,235,5.06,1672,13.7,-808
11:40:00,847,236,4.93,1646,14,-799
11:45:00,851,235,4.92,1617,14.1,-766
11:50:00,851,235,4.92,1636,14.2,-785
11:55:00,853,235,4.92,1688,14.2,-835
12:00:00,852,236,4.92,1691,14.3,-839
12:05:00,848,235,4.93,1762,14.5,-914
12:10:00,855,235,4.92,1776,14.4,-921
12:15:00,847,235,4.92,1689,14.3,-842
12:20:00,843,235,4.92,1846,14.3,-1003
12:25:00,848,234,4.93,1734,14.3,-886
12:30:00,849,234,4.92,1706,14.3,-857
12:35:00,848,234,4.93,1664,14.2,-816
12:40:00,851,234,4.92,1645,14.3,-794
12:45:00,848,234,4.93,1454,14.2,-606
12:50:00,849,234,4.92,1349,14.3,-500
12:55:00,852,235,4.93,1468,14.3,-616
13:00:00,849,236,4.93,1626,14.4,-777
13:05:00,850,236,4.93,1593,14.4,-743
13:10:00,855,236,4.93,1478,14.5,-623
13:15:00,853,236,4.93,1776,14.7,-923
13:20:00,850,237,4.93,1767,14.7,-917
13:25:00,852,237,4.93,2022,14.5,-1170
13:30:00,850,236,4.93,2078,14.4,-1228
13:35:00,852,237,4.83,2013,14.5,-1161
13:40:00,853,238,4.93,1834,14.7,-981
13:45:00,856,236,4.94,1650,14.9,-794
13:50:00,850,235,4.92,1527,15,-677
13:55:00,850,235,4.92,1363,14.9,-513
14:00:00,850,233,4.92,1286,14.7,-436
14:05:00,847,233,4.92,1211,14.6,-364
14:10:00,851,234,4.93,1135,14.5,-284
14:15:00,851,234,4.92,1059,14.6,-208
14:20:00,850,234,4.92,953,14.5,-103
14:25:00,854,235,4.93,913,14.4,-59
14:30:00,855,235,4.92,845,14.3,10
14:35:00,1065,233,5.63,750,14.6,315
14:40:00,1203,234,6.22,669,14.5,534
14:45:00,1215,234,6.32,684,14.5,531
14:50:00,1223,234,6.32,638,14.3,585
14:55:00,1215,234,6.42,575,14.2,640
15:00:00,1215,234,6.42,563,14.2,652
15:05:00,1207,234,6.42,475,14.2,732
15:10:00,1212,234,6.33,403,14.1,809
15:15:00,1213,234,6.43,424,14.4,789
15:20:00,1207,234,6.32,430,14.3,777
15:25:00,1216,233,6.32,434,14.4,782
15:30:00,1217,234,6.33,431,14.3,786
15:35:00,1215,234,6.33,415,14.3,800
15:40:00,1215,234,6.33,404,14.4,811
15:45:00,1212,234,6.32,400,14.3,812
15:50:00,1215,234,6.32,402,14.3,813
15:55:00,1220,234,6.42,389,14.1,831
16:00:00,1211,233,6.33,368,14.2,843
16:05:00,1211,234,6.32,382,14.3,829
16:10:00,1203,233,6.33,371,14.3,832
16:15:00,1206,233,6.32,334,14.2,872
16:20:00,1215,233,6.33,326,14.2,889
16:25:00,1212,232,6.32,345,14.1,867
16:30:00,1202,232,6.32,342,14,860
16:35:00,1223,233,6.45,301,13.9,922
16:40:00,1213,233,6.32,283,14.1,930
16:45:00,1212,233,6.32,244,14.1,968
16:50:00,1209,233,6.32,230,14.1,979
16:55:00,1212,233,6.32,187,14.1,1025
17:00:00,1211,232,6.32,154,14.1,1057
17:05:00,1196,232,6.32,123,14.1,1073
17:10:00,1204,233,6.32,102,14,1102
17:15:00,1192,232,6.32,82,14,1110
17:20:00,1191,231,6.32,59,14.1,1132
17:25:00,1197,233,6.32,43,13.9,1154
17:30:00,1199,232,6.32,20,14,1179
17:35:00,1191,231,6.32,0,14,1191
17:40:00,1190,231,6.32,0,13.9,1190
17:45:00,1192,231,6.32,0,13.7,1192
17:50:00,1192,231,6.32,0,13.7,1192
17:55:00,1191,230,6.31,0,13.8,1191
18:00:00,1199,231,6.3,0,13.9,1199
18:05:00,1192,231,6.31,0,13.7,1192
18:10:00,1199,232,6.31,0,13.7,1199
18:15:00,1191,233,6.31,0,13.6,1191
18:20:00,1210,234,6.31,0,13.6,1210
18:25:00,1218,234,6.31,0,13.6,1218
18:30:00,1215,234,6.31,0,13.7,1215
18:35:00,1203,235,6.31,0,13.8,1203
18:40:00,1209,234,6.31,0,13.8,1209
18:45:00,1199,234,6.31,0,13.8,1199
18:50:00,1208,234,6.31,0,13.9,1208
18:55:00,1198,234,6.31,0,14,1198
19:00:00,1193,234,6.31,0,13.9,1193
19:05:00,1200,234,6.31,0,13.8,1200
19:10:00,1203,234,6.31,0,13.9,1203
19:15:00,1194,234,6.31,0,13.8,1194
19:20:00,1209,234,6.31,0,13.6,1209
19:25:00,1198,234,6.31,0,13.6,1198
19:30:00,1209,233,6.31,0,13.7,1209
19:35:00,1217,233,6.31,0,13.6,1217
19:40:00,1204,233,6.31,0,13.4,1204
19:45:00,1201,233,6.31,0,13.7,1201
19:50:00,1208,233,6.31,0,13.7,1208
19:55:00,1212,233,6.31,0,13.7,1212
20:00:00,1039,233,5.51,0,13.8,1039
20:05:00,862,233,4.91,0,13.8,862
20:10:00,856,234,4.91,0,13.5,856
20:15:00,851,235,4.91,0,13.7,851
20:20:00,858,234,4.91,0,13.7,858
20:25:00,854,235,4.91,0,13.7,854
20:30:00,854,235,4.91,0,13.5,854
20:35:00,854,234,4.91,0,13.7,854
20:40:00,847,235,4.91,0,13.7,847
20:45:00,856,236,4.91,0,13.6,856
20:50:00,854,235,4.91,0,13.7,854
20:55:00,855,236,4.91,0,13.6,855
21:00:00,855,234,4.91,0,13.5,855
21:05:00,851,233,4.91,0,13.6,851
21:10:00,848,232,4.91,0,13.4,848
21:15:00,847,233,4.91,0,13.5,847
21:20:00,847,233,4.91,0,13.6,847
21:25:00,850,233,4.91,0,13.6,850
21:30:00,851,233,4.91,0,13.4,851
21:35:00,860,233,5.04,0,13.5,860
21:40:00,853,234,4.91,0,13.4,853
21:45:00,861,234,4.91,0,13.5,861
21:50:00,855,233,4.91,0,13.6,855
21:55:00,854,233,4.91,0,13.5,854
22:00:00,852,233,4.91,0,13.5,852
22:05:00,867,233,4.91,0,13.6,867
22:10:00,850,234,4.91,0,13.6,850
22:15:00,850,233,4.91,0,13.5,850
22:20:00,848,233,4.91,0,13.5,848
22:25:00,855,233,4.91,0,13.4,855
22:30:00,855,232,4.91,0,13.5,855
22:35:00,853,231,4.9,0,13.6,853
22:40:00,856,231,4.91,0,13.5,856
22:45:00,850,231,4.9,0,13.5,850
22:50:00,854,230,4.9,0,13.5,854
22:55:00,857,231,4.9,0,13.5,857
23:00:00,855,231,4.91,0,13.6,855
23:05:00,854,230,4.91,0,13.6,854
23:10:00,852,231,4.91,0,13.6,852
23:15:00,852,232,4.9,0,13.6,852
23:20:00,852,232,4.91,0,13.6,852
23:25:00,850,231,4.91,0,13.5,850
23:30:00,852,231,4.9,0,13.5,852
23:35:00,853,231,4.91,0,13.6,853
23:40:00,849,231,4.91,0,13.5,849
23:45:00,853,233,4.91,0,13.3,853
23:50:00,854,233,4.91,0,13.3,854
23:55:00,853,233,4.91,0,13.4,853
0:00:00,856,232,4.91,0,13.4,856
0:05:00,859,233,4.91,0,13.4,859
0:10:00,856,232,4.91,0,13.5,856
0:15:00,849,231,4.91,0,13.5,849
0:20:00,851,231,4.91,0,13.6,851
0:25:00,857,231,4.91,0,13.6,857
0:30:00,852,231,4.91,0,13.5,852
0:35:00,852,232,4.91,0,13.5,852
0:40:00,858,231,4.9,0,13.6,858
0:45:00,852,232,4.91,0,13.5,852
0:50:00,856,233,4.91,0,13.5,856
0:55:00,852,232,4.91,0,13.5,852
1:00:00,852,231,4.91,0,13.5,852
1:05:00,854,231,4.91,0,13.4,854
1:10:00,851,232,4.91,0,13.4,851
1:15:00,843,232,4.91,0,13.5,843
1:20:00,853,232,4.91,0,13.5,853
1:25:00,854,232,4.91,0,13.5,854
1:30:00,853,232,4.91,0,13.4,853
1:35:00,852,232,4.91,0,13.5,852
1:40:00,848,232,4.91,0,13.3,848
1:45:00,848,232,4.91,0,13.3,848
1:50:00,853,232,4.91,0,13.3,853
1:55:00,850,231,4.91,0,13.2,850
2:00:00,853,233,4.91,0,13.2,853
2:05:00,856,233,4.91,0,13.2,856
2:10:00,855,233,4.91,0,13.3,855
2:15:00,852,233,4.91,0,13.3,852
2:20:00,847,233,4.91,0,13.3,847
2:25:00,852,233,4.91,0,13.2,852
2:30:00,851,233,4.91,0,13.3,851
2:35:00,857,233,5.08,0,13.3,857
2:40:00,854,234,4.91,0,13.2,854
2:45:00,854,233,4.91,0,13.2,854
2:50:00,850,234,4.91,0,13.2,850
2:55:00,848,234,4.91,0,13.2,848
3:00:00,853,233,4.91,0,13.2,853
3:05:00,851,234,4.91,0,13.2,851
3:10:00,854,234,4.91,0,13.3,854
3:15:00,854,234,4.91,0,13.3,854
3:20:00,849,234,4.92,0,13.2,849
3:25:00,851,235,4.92,0,13.1,851
3:30:00,857,235,4.92,0,13.1,857
3:35:00,853,234,4.91,0,13.1,853
3:40:00,856,235,4.91,0,13.2,856
3:45:00,850,235,4.92,0,13.1,850
3:50:00,860,235,4.92,0,13.1,860
3:55:00,861,235,4.91,0,13.1,861
4:00:00,854,235,4.91,0,13,854
4:05:00,855,236,4.92,0,13.1,855
4:10:00,849,232,4.91,0,13.1,849
4:15:00,850,231,4.91,0,13,850
4:20:00,852,230,4.91,0,13,852
4:25:00,846,231,4.91,0,13.1,846
4:30:00,856,231,4.91,0,13,856
4:35:00,857,232,4.91,0,13.1,857
4:40:00,854,233,4.91,0,13,854
4:45:00,854,233,4.91,0,13,854
4:50:00,851,233,4.91,0,13.2,851
4:55:00,852,232,4.91,0,13.1,852
5:00:00,852,233,4.91,0,13.2,852
5:05:00,860,233,4.91,0,13.1,860
5:10:00,851,232,4.91,0,13,851
5:15:00,855,232,4.91,0,13.1,855
5:20:00,860,232,4.91,0,13,860
5:25:00,849,232,4.91,0,13,849
5:30:00,848,232,4.91,0,12.9,848
5:35:00,856,233,4.91,0,12.9,856
5:40:00,852,232,4.91,0,12.9,852
5:45:00,850,232,4.91,0,12.8,850
5:50:00,857,232,4.91,0,12.9,857
5:55:00,852,232,4.91,0,12.9,852
6:00:00,850,232,4.91,0,13,850
6:05:00,854,232,4.91,0,13,854
6:10:00,849,231,4.91,0,13,849
6:15:00,850,231,4.91,0,13.1,850
6:20:00,848,230,4.91,0,13,848
6:25:00,851,231,4.91,0,13.1,851
6:30:00,857,231,4.91,0,13,857
6:35:00,855,231,4.91,0,13,855
6:40:00,847,231,4.91,0,12.9,847
6:45:00,846,231,4.91,0,13,846
6:50:00,844,230,4.91,0,13.1,844
6:55:00,855,230,4.91,0,13.1,855
7:00:00,848,230,4.91,0,13,848
7:05:00,848,230,4.91,0,13,848
7:10:00,845,229,4.91,0,13,845
7:15:00,841,230,4.91,0,13,841
7:20:00,844,232,4.91,0,13.1,844
7:25:00,851,231,4.92,0,13.1,851
7:30:00,846,232,4.92,0,13.1,846
7:35:00,843,232,4.92,0,13.1,843
7:40:00,852,233,4.92,0,13.1,852
7:45:00,845,233,4.92,0,13.1,845
7:50:00,848,234,4.92,0,13,848
7:55:00,851,233,4.92,0,13,851
8:00:00,845,233,4.92,0,13,845
8:05:00,850,232,4.92,6,12.9,844
8:10:00,844,232,4.91,59,12.9,785
8:15:00,856,231,5.08,84,13,772
8:20:00,849,231,4.91,117,13,732
8:25:00,850,231,4.92,145,12.9,705
8:30:00,849,231,4.91,182,12.9,667
8:35:00,850,230,4.91,208,13,642
8:40:00,848,230,4.91,218,13,630
8:45:00,850,232,4.92,216,13.1,634
8:50:00,956,233,5.32,222,13,734
8:55:00,1189,231,6.11,238,13,951
9:00:00,996,231,5.51,269,13.1,727
9:05:00,1180,229,6.16,295,13.1,885
9:10:00,1078,229,5.92,323,13,755
9:15:00,1003,229,5.61,361,13,642
9:20:00,1003,229,5.61,393,13,610
9:25:00,1355,229,7.05,403,13,952
9:30:00,2370,229,11.51,402,13.1,1968
9:35:00,2525,229,12.11,397,13.3,2128
9:40:00,2919,229,13.79,375,13.4,2544
9:45:00,3908,227,18.21,348,13.4,3560
9:50:00,3707,227,17.1,330,13.5,3377
9:55:00,4303,227,19.97,327,13.6,3976
10:00:00,5163,225,23.55,320,13.7,4843
10:05:00,5599,225,25.13,349,13.7,5250
10:10:00,5835,224,25.76,388,13.8,5447
10:15:00,5923,225,26.78,467,13.9,5456
10:20:00,5971,226,26.76,522,13.9,5449
10:25:00,5801,227,26.25,527,13.9,5274
10:30:00,5757,227,26.12,585,14,5172
10:35:00,5742,227,26.12,625,14.2,5117
10:40:00,5695,226,26.11,694,14.3,5001
10:45:00,5650,225,25.71,784,14.3,4866
10:50:00,5716,224,25.69,900,14.4,4816
10:55:00,5882,223,26.76,1017,14.4,4865
11:00:00,5929,224,26.8,1190,14.5,4739
11:05:00,5955,225,27.38,1240,14.6,4715
11:10:00,6139,227,27.97,1327,14.7,4812
11:15:00,7000,224,31.95,1394,14.7,5606
11:20:00,7334,225,32.91,1460,14.6,5874
11:25:00,7367,223,33.3,1611,14.6,5756
11:30:00,7532,225,33.74,1720,14.5,5812
11:35:00,7124,224,31.85,1826,14.7,5298
11:40:00,6486,225,28.86,1868,14.9,4618
11:45:00,6202,225,27.88,1735,14.8,4467
11:50:00,6694,224,30.01,1635,14.7,5059
11:55:00,6857,225,30.53,1660,14.6,5197
12:00:00,6960,224,31,1822,14.7,5138
12:05:00,6952,223,31.08,1809,14.6,5143
12:10:00,6180,226,27.61,1854,14.5,4326
12:15:00,6713,226,29.92,1839,14.4,4874
12:20:00,6129,227,27.32,1690,14.7,4439
12:25:00,6871,227,30.39,1670,14.9,5201
12:30:00,5582,226,24.87,1671,14.9,3911
12:35:00,5367,228,23.75,1700,14.9,3667
12:40:00,5059,229,22.52,1647,14.8,3412
12:45:00,4798,229,21.42,1676,14.9,3122
12:50:00,5516,228,24.66,1655,14.7,3861
12:55:00,5671,229,25.12,1736,14.6,3935
13:00:00,5914,229,26.42,1785,14.5,4129
13:05:00,5826,228,26.16,1796,14.4,4030
13:10:00,5319,228,23.96,1782,14.5,3537
13:15:00,5470,227,24.42,1765,14.7,3705
13:20:00,6098,226,27.22,1793,14.6,4305
13:25:00,6069,227,27.37,1912,14.6,4157
13:30:00,6493,226,29.48,1951,14.7,4542
13:35:00,6781,225,30.61,1834,14.7,4947
13:40:00,5884,225,26.54,1815,14.8,4069
13:45:00,5932,226,26.72,1714,14.9,4218
13:50:00,6369,224,28.33,1598,14.9,4771
13:55:00,6437,223,28.91,1377,14.8,5060
14:00:00,5979,225,26.52,1342,15,4637
14:05:00,4985,223,22.47,1239,15,3746
14:10:00,5205,224,23.32,1233,14.9,3972
14:15:00,4981,223,22.56,1239,14.8,3742
14:20:00,4818,224,21.8,1196,15,3622
14:25:00,5094,224,23.11,1164,15,3930
14:30:00,5241,223,23.72,1067,15.1,4174
14:35:00,4900,224,22.38,913,15.3,3987
14:40:00,4911,223,22.34,785,15,4126
14:45:00,5354,225,24.07,754,14.9,4600
14:50:00,5196,224,23.49,708,15.1,4488
14:55:00,4988,225,22.3,691,15,4297
15:00:00,5214,226,23.34,680,14.9,4534
15:05:00,6121,226,27.36,644,15.1,5477
15:10:00,5918,225,26.6,664,15,5254
15:15:00,5668,226,25.39,670,15,4998
15:20:00,5619,225,25.28,622,15.1,4997
15:25:00,5547,225,24.89,545,15.1,5002
15:30:00,5445,224,24.49,473,15,4972
15:35:00,5184,225,23.25,416,14.8,4768
15:40:00,5119,225,22.89,361,14.9,4758
15:45:00,5364,226,23.76,369,14.8,4995
15:50:00,5381,225,24.15,362,14.8,5019
15:55:00,5176,225,23.14,364,14.7,4812
16:00:00,4272,226,19.35,358,14.7,3914
16:05:00,4179,226,18.97,344,14.7,3835
16:10:00,4285,226,19.59,325,14.8,3960
16:15:00,4169,226,18.86,302,14.8,3867
16:20:00,3924,225,17.84,277,14.9,3647
16:25:00,3930,226,17.86,263,14.9,3667
16:30:00,4628,226,20.96,256,14.7,4372
16:35:00,5009,226,22.77,252,14.7,4757
16:40:00,5152,226,23.19,245,14.8,4907
16:45:00,5498,227,24.46,243,14.7,5255
16:50:00,5701,226,25.47,241,14.7,5460
16:55:00,5618,227,25.38,243,14.6,5375
17:00:00,4811,226,21.7,236,14.7,4575
17:05:00,4915,228,21.99,195,14.7,4720
17:10:00,5175,227,23.3,189,14.5,4986
17:15:00,6116,226,27.45,175,14.5,5941
17:20:00,5638,227,25.28,142,14.5,5496
17:25:00,5523,226,24.99,112,14.5,5411
17:30:00,5431,226,24.81,94,14.4,5337
17:35:00,5521,227,25.16,88,14.4,5433
17:40:00,5581,227,25.6,59,14.3,5522
17:45:00,5545,225,25.56,38,14.5,5507
17:50:00,5651,226,25.61,16,14.7,5635
17:55:00,5519,224,25.42,0,14.8,5519
18:00:00,5313,226,24.11,0,14.7,5313
18:05:00,5127,227,22.96,0,14.6,5127
18:10:00,4831,227,21.91,0,14.5,4831
18:15:00,4812,228,21.9,0,14.6,4812
18:20:00,4598,227,21.17,0,14.5,4598
18:25:00,4644,228,21.3,0,14.4,4644
18:30:00,4590,227,21.1,0,14.5,4590
18:35:00,4580,227,21.03,0,14.6,4580
18:40:00,4558,226,21.1,0,14.5,4558
18:45:00,4509,228,20.76,0,14.6,4509
18:50:00,4483,227,20.61,0,14.5,4483
18:55:00,4111,227,19.03,0,14.5,4111
19:00:00,4154,229,19.13,0,14.5,4154
19:05:00,4130,228,19.03,0,14.4,4130
19:10:00,4123,228,19.13,0,14.5,4123
19:15:00,3161,230,14.63,0,14.4,3161
19:20:00,3037,229,14.23,0,14.3,3037
19:25:00,3068,228,14.43,0,14.2,3068
19:30:00,3118,230,14.43,0,14.3,3118
19:35:00,3078,229,14.43,0,14.3,3078
19:40:00,3076,229,14.33,0,14.2,3076
19:45:00,3088,230,14.33,0,14.3,3088
19:50:00,3123,230,14.53,0,14.3,3123
19:55:00,3112,230,14.53,0,14.3,3112
20:00:00,3124,231,14.43,0,14.4,3124
20:05:00,3089,231,14.33,0,14.3,3089
20:10:00,3066,231,14.23,0,14.3,3066
20:15:00,3063,231,14.33,0,14.3,3063
20:20:00,3062,231,14.13,0,14.4,3062
20:25:00,3064,231,14.13,0,14.3,3064
20:30:00,2833,232,13.04,0,14.3,2833
20:35:00,2392,233,11.43,0,14.3,2392
20:40:00,2343,233,11.33,0,14.2,2343
20:45:00,2343,234,11.33,0,14.3,2343
20:50:00,2354,234,11.33,0,14.2,2354
20:55:00,2332,232,11.23,0,14.2,2332
21:00:00,2329,231,11.23,0,14.3,2329
21:05:00,2315,231,11.23,0,14.3,2315
21:10:00,2317,231,11.23,0,14.2,2317
21:15:00,1293,232,7.23,0,14.2,1293
21:20:00,1037,232,6.13,0,14.2,1037
21:25:00,1044,233,6.04,0,14.2,1044
21:30:00,1051,233,6.03,0,14.2,1051
21:35:00,1044,233,6.03,0,14.2,1044
21:40:00,1043,234,6.03,0,14.2,1043
21:45:00,1047,233,6.14,0,14.2,1047
21:50:00,1045,233,6.13,0,14.3,1045
21:55:00,1048,232,6.03,0,14.2,1048
22:00:00,1049,231,6.02,0,14.2,1049
22:05:00,1048,231,6.02,0,14.3,1048
22:10:00,1042,231,6.03,0,14.3,1042
22:15:00,936,233,5.63,0,14.3,936
22:20:00,787,233,4.93,0,14.2,787
22:25:00,786,233,4.93,0,14.2,786
22:30:00,790,234,4.93,0,14.4,790
22:35:00,787,234,4.93,0,14.4,787
22:40:00,793,235,4.94,0,14.4,793
22:45:00,789,235,4.93,0,14.4,789
22:50:00,793,235,5.04,0,14.4,793
22:55:00,796,235,5.04,0,14.5,796
23:00:00,793,234,5.03,0,14.5,793
23:05:00,789,233,5.03,0,14.6,789
23:10:00,768,233,5.03,0,14.7,768
23:15:00,774,233,4.93,0,14.6,774
23:20:00,774,233,5.03,0,14.7,774
23:25:00,777,234,4.93,0,14.6,777
23:30:00,776,233,5.03,0,14.6,776
23:35:00,775,232,4.93,0,14.6,775
23:40:00,773,232,4.93,0,14.8,773
23:45:00,771,232,5.03,0,14.9,771
23:50:00,779,232,5.04,0,15,779
23:55:00,769,233,5.03,0,15,769
0:00:00,778,233,5.03,0,14.8,778
0:05:00,779,231,4.93,0,14.7,779
0:10:00,770,231,5.03,0,14.8,770
0:15:00,772,231,5.02,0,15,772
0:20:00,770,230,4.93,0,15,770
0:25:00,772,232,4.93,0,14.9,772
0:30:00,768,233,4.93,0,14.8,768
0:35:00,774,233,5.03,0,14.6,774
0:40:00,766,233,5.03,0,14.7,766
0:45:00,773,234,4.93,0,14.8,773
0:50:00,768,234,4.93,0,14.8,768
0:55:00,769,233,5.03,0,14.9,769
1:00:00,773,234,4.93,0,14.9,773
1:05:00,771,233,4.93,0,15,771
1:10:00,773,232,5.04,0,14.9,773
1:15:00,769,233,5.03,0,15,769
1:20:00,764,233,4.93,0,14.8,764
1:25:00,764,233,5.03,0,14.7,764
1:30:00,768,233,5.03,0,14.6,768
1:35:00,775,233,5.03,0,14.7,775
1:40:00,770,233,5.03,0,14.7,770
1:45:00,769,233,4.94,0,14.7,769
1:50:00,768,234,5.04,0,14.7,768
1:55:00,771,234,5.03,0,14.7,771
2:00:00,770,234,4.93,0,14.7,770
2:05:00,770,234,5.04,0,14.6,770
2:10:00,764,233,5.03,0,14.6,764
2:15:00,768,233,5.03,0,14.6,768
2:20:00,766,233,4.93,0,14.6,766
2:25:00,766,233,5.03,0,14.6,766
2:30:00,766,233,5.03,0,14.6,766
2:35:00,769,233,4.93,0,14.6,769
2:40:00,769,234,4.93,0,14.5,769
2:45:00,769,234,5.03,0,14.6,769
2:50:00,769,234,5.03,0,14.6,769
2:55:00,770,234,4.93,0,14.6,770
3:00:00,768,234,5.03,0,14.6,768
3:05:00,769,234,5.04,0,14.5,769
3:10:00,772,234,5.03,0,14.5,772
3:15:00,767,234,4.94,0,14.5,767
3:20:00,769,234,5.04,0,14.5,769
3:25:00,769,235,5.04,0,14.5,769
3:30:00,766,235,4.94,0,14.5,766
3:35:00,773,235,5.03,0,14.5,773
3:40:00,768,235,5.04,0,14.5,768
3:45:00,771,235,4.94,0,14.5,771
3:50:00,769,235,5.04,0,14.5,769
3:55:00,777,234,5.04,0,14.5,777
4:00:00,766,235,5.04,0,14.5,766
4:05:00,789,235,4.94,0,14.5,789
4:10:00,764,234,5.04,0,14.5,764
4:15:00,765,234,4.93,0,14.3,765
4:20:00,771,234,5.03,0,14.4,771
4:25:00,765,233,4.94,0,14.3,765
4:30:00,767,234,5.03,0,14.3,767
4:35:00,773,233,4.93,0,14.4,773
4:40:00,771,233,4.93,0,14.4,771
4:45:00,771,233,5.04,0,14.5,771
4:50:00,767,234,5.04,0,14.6,767
4:55:00,770,234,4.93,0,14.6,770
5:00:00,765,233,5.03,0,14.6,765
5:05:00,765,233,5.03,0,14.6,765
5:10:00,764,232,4.93,0,14.6,764
5:15:00,766,232,4.93,0,14.6,766
5:20:00,771,233,5.03,0,14.6,771
5:25:00,771,234,5.03,0,14.6,771
5:30:00,766,235,5.04,0,14.5,766
5:35:00,768,234,5.04,0,14.5,768
5:40:00,771,234,5.03,0,14.6,771
5:45:00,766,234,4.94,0,14.6,766
5:50:00,769,233,5.04,0,14.5,769
5:55:00,763,233,5.03,0,14.5,763
6:00:00,764,234,4.93,0,14.6,764
6:05:00,765,233,4.94,0,14.6,765
6:10:00,773,233,5.04,0,14.4,773
6:15:00,770,233,4.93,0,14.3,770
6:20:00,767,232,5.03,0,14.3,767
6:25:00,768,232,5.03,0,14.4,768
6:30:00,770,232,4.93,0,14.5,770
6:35:00,769,232,4.93,0,14.4,769
6:40:00,766,231,5.03,0,14.4,766
6:45:00,759,231,5.04,0,14.4,759
6:50:00,762,230,5.03,0,14.4,762
6:55:00,768,230,5.04,0,14.3,768
7:00:00,765,232,5.04,0,14.5,765
7:05:00,768,233,5.04,0,14.6,768
7:10:00,767,234,5.05,0,14.4,767
7:15:00,760,235,5.05,0,14.5,760
7:20:00,772,235,5.05,0,14.7,772
7:25:00,769,235,4.95,0,14.8,769
7:30:00,764,234,5.05,0,14.8,764
7:35:00,767,235,5.04,0,14.8,767
7:40:00,771,235,4.95,0,14.8,771
7:45:00,766,235,5.04,0,14.8,766
7:50:00,767,236,5.05,0,14.8,767
7:55:00,765,236,5.05,0,14.8,765
8:00:00,761,235,5.05,0,14.8,761
8:05:00,766,234,4.94,38,14.8,728
8:10:00,766,234,5.04,66,14.8,700
8:15:00,772,234,5.04,85,14.7,687
8:20:00,768,234,5.05,100,14.7,668
8:25:00,763,234,5.04,115,14.7,648
8:30:00,821,233,5.14,132,14.7,689
8:35:00,902,232,5.54,157,14.7,745
8:40:00,904,232,5.44,199,14.6,705
8:45:00,887,232,5.43,234,14.7,653
8:50:00,905,231,5.59,271,14.4,634
8:55:00,1226,231,6.57,299,14.4,927
9:00:00,883,231,5.29,326,14.4,557
9:05:00,771,231,4.92,366,14.4,405
9:10:00,1198,230,6.8,405,14.4,793
9:15:00,2564,229,12.49,415,14.4,2149
9:20:00,2678,230,13.12,418,14.3,2260
9:25:00,3107,230,14.89,433,14.4,2674
9:30:00,3690,229,17.23,488,14.3,3202
9:35:00,3636,230,16.99,562,14.3,3074
9:40:00,3188,229,14.74,633,14.3,2555
9:45:00,3948,227,18.28,715,14.3,3233
9:50:00,3946,225,18.26,788,14.4,3158
9:55:00,5823,224,26.5,826,14.5,4997
10:00:00,5353,225,24.35,878,14.5,4475
10:05:00,4441,226,20.33,910,14.5,3531
10:10:00,6093,225,27.8,972,14.5,5121
10:15:00,6783,224,30.72,1083,14.4,5700
10:20:00,7273,223,33.42,1093,14.5,6180
10:25:00,5655,225,25.79,1184,14.5,4471
10:30:00,6886,223,31.5,1286,14.5,5600
10:35:00,7489,225,33.15,1270,14.6,6219
10:40:00,8604,223,38.28,1309,14.6,7295
10:45:00,7230,224,32.08,1162,14.7,6068
10:50:00,9046,223,40.17,1024,14.5,8022
10:55:00,7635,224,33.7,1090,14.5,6545
11:00:00,8743,224,38.45,1439,14.6,7304
11:05:00,7755,224,34.32,1482,14.6,6273
11:10:00,8313,224,36.7,1731,14.6,6582
11:15:00,8684,225,38.43,1833,14.4,6851
11:20:00,7857,224,34.98,1783,14.4,6074
11:25:00,9314,224,41.4,1581,14.4,7733
11:30:00,7886,225,35.08,1520,14.4,6366
11:35:00,8824,223,39.26,1396,14.3,7428
11:40:00,7818,225,34.91,1363,14.4,6455
11:45:00,9265,224,40.92,1338,14.3,7927
11:50:00,8294,224,36.94,1328,14.3,6966
11:55:00,8564,224,37.72,1552,14.4,7012
12:00:00,8684,224,38.38,1729,14.3,6955
12:05:00,6767,224,30.29,1839,14.3,4928
12:10:00,7665,225,34.3,1850,14.4,5815
12:15:00,7669,225,34.12,1856,14.4,5813
12:20:00,7143,225,31.95,1782,14.4,5361
12:25:00,8106,224,36.4,1834,14.5,6272
12:30:00,7758,225,34.37,1731,14.6,6027
12:35:00,5905,226,26.18,1837,14.6,4068
12:40:00,5839,227,25.75,1861,14.6,3978
12:45:00,5674,228,25.62,1808,14.6,3866
12:50:00,5114,228,22.88,1531,14.5,3583
12:55:00,5775,228,25.4,1473,14.6,4302
13:00:00,7032,227,31.14,1589,14.7,5443
13:05:00,6397,228,28.3,1652,14.8,4745
13:10:00,6208,228,27.39,1558,14.8,4650
13:15:00,7130,227,31.45,1819,14.8,5311
13:20:00,5755,228,25.5,2132,14.8,3623
13:25:00,6625,228,29.31,2687,14.9,3938
13:30:00,6696,228,29.55,2416,14.9,4280
13:35:00,6196,225,27.79,2078,14.8,4118
13:40:00,5557,228,24.68,1945,14.6,3612
13:45:00,6349,226,28.43,1737,14.8,4612
13:50:00,5902,224,26.54,1551,15,4351
13:55:00,5463,226,24.45,1567,14.9,3896
14:00:00,6572,224,29.77,1500,14.9,5072
14:05:00,5531,225,24.91,1344,14.8,4187
14:10:00,5977,225,26.84,1464,14.7,4513
14:15:00,6453,224,28.91,1513,14.8,4940
14:20:00,5898,224,26.53,1558,15,4340
14:25:00,5896,224,26.46,1452,14.8,4444
14:30:00,6339,224,28.79,1231,14.8,5108
14:35:00,5592,225,25.41,1007,14.7,4585
14:40:00,6413,223,29.03,981,14.6,5432
14:45:00,6381,225,28.84,928,14.8,5453
14:50:00,5484,226,24.4,838,14.8,4646
14:55:00,6747,224,30.56,730,14.8,6017
15:00:00,6413,224,29.09,731,14.9,5682
15:05:00,6160,225,27.53,838,15,5322
15:10:00,6233,225,28.03,1056,15,5177
15:15:00,6395,224,28.84,1205,14.9,5190
15:20:00,5241,226,23.3,1187,14.9,4054
15:25:00,4950,226,21.92,1112,14.8,3838
15:30:00,5318,226,23.57,974,14.9,4344
15:35:00,5597,227,24.97,830,14.9,4767
15:40:00,5202,226,23.62,805,14.9,4397
15:45:00,3930,227,17.98,751,15,3179
15:50:00,4201,227,19.42,744,15.1,3457
15:55:00,4034,227,18.92,740,14.9,3294
16:00:00,4251,227,19.74,712,14.9,3539
16:05:00,5275,227,23.92,720,15,4555
16:10:00,5234,226,23.18,685,15,4549
16:15:00,4955,226,21.74,655,15,4300
16:20:00,4974,226,21.89,586,15,4388
16:25:00,5243,225,23.14,523,15.1,4720
16:30:00,5263,227,23.23,484,15.1,4779
16:35:00,4938,226,21.93,490,15.1,4448
16:40:00,5029,225,22.33,510,15,4519
16:45:00,5244,226,23.13,438,15.1,4806
16:50:00,3980,227,18.09,368,15,3612
16:55:00,3727,226,16.75,333,15.1,3394
17:00:00,4089,228,18.41,308,15.1,3781
17:05:00,4092,228,18.34,285,15.1,3807
17:10:00,3679,228,16.57,263,15,3416
17:15:00,3975,228,17.91,222,15,3753
17:20:00,4285,228,19.37,182,15.1,4103
17:25:00,4204,228,18.99,154,15.1,4050
17:30:00,3776,230,16.98,124,15.1,3652
17:35:00,4010,229,18.35,89,15.1,3921
17:40:00,4087,229,18.49,70,15,4017
17:45:00,3682,229,16.55,47,15.2,3635
17:50:00,3639,228,16.58,11,15.3,3628
17:55:00,3915,228,17.91,0,15.2,3915
18:00:00,3640,227,16.71,0,15.1,3640
18:05:00,3462,227,16.2,0,15,3462
18:10:00,3784,227,17.5,0,15.1,3784
18:15:00,3593,227,16.57,0,15.1,3593
18:20:00,3025,229,14.07,0,15,3025
18:25:00,2894,230,13.54,0,15.1,2894
18:30:00,2893,228,13.55,0,15.2,2893
18:35:00,2868,230,13.43,0,15.2,2868
18:40:00,2700,229,12.83,0,15.2,2700
18:45:00,2392,229,11.99,0,15.2,2392
18:50:00,2326,230,11.62,0,15.1,2326
18:55:00,2322,229,11.64,0,15.1,2322
19:00:00,2318,230,11.63,0,15.1,2318
19:05:00,2244,229,11.34,0,15.1,2244
19:10:00,1785,230,9.34,0,15.2,1785
19:15:00,1759,230,9.42,0,15.2,1759
19:20:00,1761,229,9.46,0,15.2,1761
19:25:00,1762,230,9.45,0,15.3,1762
19:30:00,1761,230,9.46,0,15.2,1761
19:35:00,1761,229,9.39,0,15.1,1761
19:40:00,1620,230,8.74,0,15.2,1620
19:45:00,2083,229,10.26,0,15.2,2083
19:50:00,2552,229,11.76,0,15.4,2552
19:55:00,2581,230,11.76,0,15.4,2581
20:00:00,2549,229,11.72,0,15.1,2549
20:05:00,2349,230,10.89,0,15.2,2349
20:10:00,1353,231,6.83,0,15.2,1353
20:15:00,1353,231,6.83,0,15.1,1353
20:20:00,1353,232,6.76,0,15.2,1353
20:25:00,1352,231,6.76,0,15.2,1352
20:30:00,1350,232,6.83,0,15.1,1350
20:35:00,1356,233,6.74,0,15.2,1356
20:40:00,1352,232,6.83,0,15.3,1352
20:45:00,1338,232,6.74,0,15.4,1338
20:50:00,1172,233,6.1,0,15.2,1172
20:55:00,1173,233,6.07,0,15,1173
21:00:00,1172,233,6.04,0,15.1,1172
21:05:00,1172,234,6.03,0,15.1,1172
21:10:00,1173,234,6.03,0,15.1,1173
21:15:00,1173,234,6.07,0,15.1,1173
21:20:00,1172,235,6.04,0,15.1,1172
21:25:00,1170,235,6.07,0,15.2,1170
21:30:00,1168,233,6.03,0,15.2,1168
21:35:00,1174,233,6.03,0,15.2,1174
21:40:00,1175,233,6.03,0,15.1,1175
21:45:00,1176,231,6.06,0,15,1176
21:50:00,1175,231,6.06,0,15.1,1175
21:55:00,1182,232,6.2,0,15.2,1182
22:00:00,1175,231,6.13,0,15.2,1175
22:05:00,1180,232,6.17,0,15.2,1180
22:10:00,1179,232,6.13,0,15.1,1179
22:15:00,1121,232,5.8,0,15,1121
22:20:00,917,232,5.07,0,15,917
22:25:00,913,233,4.93,0,15.2,913
22:30:00,917,232,5.09,0,15.1,917
22:35:00,912,231,5.09,0,14.9,912
22:40:00,921,232,5.06,0,15.1,921
22:45:00,918,233,5.09,0,14.9,918
22:50:00,923,232,5.13,0,14.9,923
22:55:00,918,232,5.03,0,14.8,918
23:00:00,919,233,5,0,14.9,919
23:05:00,913,233,4.93,0,14.9,913
23:10:00,914,231,5.23,0,15.1,914
23:15:00,896,230,5.02,0,15.1,896
23:20:00,898,230,5.03,0,15,898
23:25:00,900,230,4.93,0,15.1,900
23:30:00,900,231,5.03,0,14.9,900
23:35:00,899,231,4.93,0,14.8,899
23:40:00,902,230,5.06,0,14.8,902
23:45:00,901,230,5.03,0,14.7,901
23:50:00,900,231,5.03,0,14.7,900
23:55:00,905,231,5.04,0,14.9,905
0:00:00,901,231,5.06,0,15,901
0:05:00,901,231,5.03,0,15,901
0:10:00,909,231,5.03,0,15,909
0:15:00,900,231,5.03,0,15,900
0:20:00,902,232,4.93,0,15,902
0:25:00,904,232,5.04,0,15,904
0:30:00,900,232,5.04,0,14.8,900
0:35:00,907,232,5.03,0,14.6,907
0:40:00,904,233,5.03,0,14.7,904
0:45:00,905,233,5.03,0,14.8,905
0:50:00,906,233,4.93,0,14.7,906
0:55:00,904,233,4.93,0,14.8,904
1:00:00,899,233,4.93,0,14.8,899
1:05:00,915,232,5.03,0,14.8,915
1:10:00,905,232,5.03,0,14.7,905
1:15:00,907,233,4.97,0,14.7,907
1:20:00,901,232,5.03,0,14.7,901
1:25:00,898,231,4.93,0,14.6,898
1:30:00,899,232,4.93,0,14.7,899
1:35:00,903,232,4.93,0,14.8,903
1:40:00,901,232,4.94,0,14.8,901
1:45:00,902,233,4.94,0,14.7,902
1:50:00,902,233,4.93,0,14.6,902
1:55:00,907,232,5.04,0,14.7,907
2:00:00,903,233,4.93,0,14.7,903
2:05:00,903,232,4.93,0,14.7,903
2:10:00,905,232,5.03,0,14.8,905
2:15:00,899,233,4.93,0,15,899
2:20:00,898,233,5.03,0,14.9,898
2:25:00,899,233,5.03,0,14.8,899
2:30:00,900,233,4.93,0,14.9,900
2:35:00,901,233,4.93,0,15,901
2:40:00,900,233,5.03,0,14.9,900
2:45:00,901,233,5.04,0,14.8,901
2:50:00,900,233,4.93,0,14.6,900
2:55:00,901,233,5.03,0,14.7,901
3:00:00,901,233,5.04,0,14.9,901
3:05:00,901,234,4.94,0,14.9,901
3:10:00,903,234,5.04,0,14.7,903
3:15:00,902,234,5.04,0,14.6,902
3:20:00,906,234,4.94,0,14.4,906
3:25:00,900,235,4.94,0,14.5,900
3:30:00,900,234,4.94,0,14.5,900
3:35:00,906,234,4.94,0,14.4,906
3:40:00,899,234,5.04,0,14.4,899
3:45:00,901,234,4.94,0,14.5,901
3:50:00,899,234,5.04,0,14.5,899
3:55:00,901,234,5.04,0,14.7,901
4:00:00,897,234,5.04,0,14.7,897
4:05:00,898,233,5.04,0,14.5,898
4:10:00,912,233,5.27,0,14.5,912
4:15:00,901,233,5.04,0,14.5,901
4:20:00,899,232,5.04,0,14.4,899
4:25:00,894,232,4.94,0,14.6,894
4:30:00,903,233,4.94,0,14.6,903
4:35:00,901,232,5.04,0,14.5,901
4:40:00,900,232,4.94,0,14.5,900
4:45:00,901,232,5.04,0,14.6,901
4:50:00,903,232,4.94,0,14.5,903
4:55:00,903,232,4.93,0,14.4,903
5:00:00,898,232,4.93,0,14.5,898
5:05:00,899,232,4.93,0,14.6,899
5:10:00,898,232,5.03,0,14.6,898
5:15:00,893,231,5.03,0,14.6,893
5:20:00,891,231,5.03,0,14.6,891
5:25:00,890,231,4.93,0,14.6,890
5:30:00,898,231,4.93,0,14.5,898
5:35:00,894,231,5.03,0,14.5,894
5:40:00,895,230,4.93,0,14.4,895
5:45:00,907,230,4.93,0,14.5,907
5:50:00,899,230,4.93,0,14.5,899
5:55:00,899,231,5.07,0,14.5,899
6:00:00,897,231,5.04,0,14.5,897
6:05:00,898,232,5.04,0,14.4,898
6:10:00,898,231,5.04,0,14.4,898
6:15:00,897,231,5.03,0,14.4,897
6:20:00,901,231,4.93,0,14.4,901
6:25:00,905,231,4.94,0,14.4,905
6:30:00,896,231,5.03,0,14.4,896
6:35:00,907,231,5.04,0,14.4,907
6:40:00,901,230,5.03,0,14.4,901
6:45:00,898,230,5.04,0,14.5,898
6:50:00,896,230,4.94,0,14.4,896
6:55:00,894,232,5.04,0,14.4,894
7:00:00,894,233,5.05,0,14.5,894
7:05:00,901,233,4.95,0,14.4,901
7:10:00,898,233,4.95,0,14.4,898
7:15:00,903,233,5.04,0,14.4,903
7:20:00,894,233,5.04,0,14.4,894
7:25:00,897,233,5.04,0,14.4,897
7:30:00,896,232,5.04,0,14.5,896
7:35:00,894,232,5.04,0,14.4,894
7:40:00,898,232,5.05,0,14.4,898
7:45:00,894,232,5.04,0,14.4,894
7:50:00,902,233,4.94,0,14.3,902
7:55:00,893,232,5.04,0,14.3,893
8:00:00,890,232,5.04,0,14.3,890
8:05:00,901,232,5.04,51,14.3,850
8:10:00,897,231,5.04,93,14.4,804
8:15:00,1900,230,9.14,132,14.5,1768
8:20:00,3334,229,15.24,149,14.5,3185
8:25:00,3321,228,15.24,164,14.5,3157
8:30:00,3307,228,15.24,199,14.4,3108
8:35:00,3352,230,15.34,244,14.4,3108
8:40:00,3379,231,15.35,286,14.4,3093
8:45:00,3369,230,15.34,307,14.5,3062
8:50:00,3383,231,15.38,306,14.5,3077
8:55:00,3434,231,15.54,303,14.6,3131
9:00:00,3421,230,15.44,315,14.5,3106
9:05:00,3579,230,15.94,341,14.5,3238
9:10:00,3745,229,17.08,385,14.5,3360
9:15:00,3632,229,16.27,424,14.6,3208
9:20:00,4153,229,18.54,490,14.6,3663
9:25:00,4447,229,20.03,553,14.6,3894
9:30:00,4354,230,19.43,610,14.5,3744
9:35:00,4345,230,19.55,631,14.5,3714
9:40:00,4339,230,19.36,645,14.6,3694
9:45:00,4320,230,19.2,652,14.6,3668
9:50:00,4296,229,19.27,650,14.6,3646
9:55:00,4327,230,19.33,667,14.6,3660
10:00:00,4324,230,19.26,645,14.6,3679
10:05:00,3597,230,16.05,596,14.6,3001
10:10:00,2124,231,9.98,550,14.6,1574
10:15:00,2837,230,12.94,550,14.6,2287
10:20:00,4262,229,19.12,560,14.6,3702
10:25:00,5133,229,22.5,599,14.7,4534
10:30:00,5773,228,25.54,607,14.8,5166
10:35:00,6077,227,27.07,653,14.7,5424
10:40:00,6165,227,27.69,637,14.8,5528
10:45:00,6659,227,30.14,753,14.8,5906
10:50:00,6822,227,30.87,924,14.8,5898
10:55:00,6873,226,31,1008,14.7,5865
11:00:00,6868,225,31.5,1041,14.6,5827
11:05:00,6255,224,28.89,1134,14.7,5121
11:10:00,6529,224,30.09,1284,14.7,5245
11:15:00,6461,225,29.5,1291,14.6,5170
11:20:00,6521,225,29.96,1460,14.7,5061
11:25:00,7192,225,32.9,1565,14.6,5627
11:30:00,7254,224,32.9,1529,14.7,5725
11:35:00,7175,226,32.62,1623,14.7,5552
11:40:00,6890,225,31.55,1603,14.7,5287
11:45:00,6772,225,30.49,1670,14.6,5102
11:50:00,6487,226,29.04,1717,14.6,4770
11:55:00,6589,225,29.51,1698,14.6,4891
12:00:00,6448,226,28.68,1711,14.6,4737
12:05:00,6705,226,30.14,1883,14.6,4822
12:10:00,6437,227,29.05,1873,14.6,4564
12:15:00,6181,227,27.62,1713,14.5,4468
12:20:00,6460,225,28.89,1542,14.5,4918
12:25:00,6009,228,26.73,1736,14.6,4273
12:30:00,6175,228,27.3,1792,14.5,4383
12:35:00,6435,228,28.44,1880,14.5,4555
12:40:00,5309,230,23.81,1822,14.6,3487
12:45:00,4892,230,22.22,1769,14.7,3123
12:50:00,5154,229,23.61,1512,14.6,3642
12:55:00,5165,230,23.5,1576,14.6,3589
13:00:00,4495,229,20.41,1791,14.5,2704
13:05:00,3722,229,17.38,1888,14.6,1834
13:10:00,3950,230,18.22,1801,14.5,2149
13:15:00,3579,229,16.67,1856,14.6,1723
13:20:00,4008,226,18.63,1985,14.6,2023
13:25:00,4217,227,19.47,2192,14.6,2025
13:30:00,4003,227,18.48,2247,14.6,1756
13:35:00,4657,227,21.56,2000,14.6,2657
13:40:00,5776,226,26.58,1907,14.6,3869
13:45:00,6211,226,28.4,1691,14.6,4520
13:50:00,6263,225,27.94,1896,14.6,4367
13:55:00,6386,226,28.44,1295,14.5,5091
14:00:00,6520,225,29.18,1354,14.5,5166
14:05:00,6410,226,28.64,1312,14.5,5098
14:10:00,6565,226,29.29,1304,14.5,5261
14:15:00,6717,224,30.11,1140,14.6,5577
14:20:00,6530,226,28.92,1244,14.7,5286
14:25:00,6547,226,28.91,1162,14.8,5385
14:30:00,6187,225,27.83,1141,14.7,5046
14:35:00,6203,225,27.62,1119,14.6,5084
14:40:00,6527,226,28.79,961,14.5,5566
14:45:00,6431,225,28.75,864,14.5,5567
14:50:00,6475,226,28.49,778,14.5,5697
14:55:00,6296,226,27.84,737,14.6,5559
15:00:00,6402,225,28.54,789,14.6,5613
15:05:00,6582,226,29.39,763,14.7,5819
15:10:00,6447,226,28.65,686,14.7,5761
15:15:00,5163,226,23.23,669,14.7,4494
15:20:00,4344,228,19.89,684,14.7,3660
15:25:00,4478,226,20.57,679,14.7,3799
15:30:00,4192,227,19.09,671,14.8,3521
15:35:00,4199,227,19.23,661,14.7,3538
15:40:00,4438,226,20.07,638,14.7,3800
15:45:00,4262,227,19.59,673,14.7,3589
15:50:00,4017,228,18.69,759,14.8,3258
15:55:00,3887,227,17.5,828,14.9,3059
16:00:00,4211,227,19.17,825,14.9,3386
16:05:00,5294,227,23.38,773,14.8,4521
16:10:00,5049,226,22.14,673,14.7,4376
16:15:00,5001,226,22,686,14.6,4315
16:20:00,5156,228,22.76,635,14.7,4521
16:25:00,4930,226,22.16,581,14.7,4349
16:30:00,4799,227,21.51,531,14.7,4268
16:35:00,4615,227,20.82,539,14.8,4076
16:40:00,4999,226,22.22,579,14.7,4420
16:45:00,5226,227,23.13,577,14.8,4649
16:50:00,5195,227,23.05,549,14.8,4646
16:55:00,4832,226,21.67,479,14.9,4353
17:00:00,4854,228,21.68,376,14.8,4478
17:05:00,3986,228,18.2,307,14.7,3679
17:10:00,3914,228,17.72,250,14.8,3664
17:15:00,3607,229,16.32,213,14.9,3394
17:20:00,3450,229,15.83,180,14.9,3270
17:25:00,4037,230,18.18,147,14.8,3890
17:30:00,5072,228,22.23,119,14.9,4953
17:35:00,4568,229,20.25,91,14.8,4477
17:40:00,4421,229,20,64,14.8,4357
17:45:00,4296,230,19.46,46,14.9,4250
17:50:00,3884,230,17.55,33,14.8,3851
17:55:00,3777,230,17.05,5,14.8,3772
18:00:00,3872,230,17.47,0,14.8,3872
18:05:00,3856,229,17.36,0,15,3856
18:10:00,3739,228,17.1,0,14.8,3739
18:15:00,3543,229,16.24,0,15,3543
18:20:00,3218,229,14.71,0,14.9,3218
18:25:00,3387,229,15.63,0,14.9,3387
18:30:00,2757,229,12.95,0,14.9,2757
18:35:00,2778,229,12.96,0,14.9,2778
18:40:00,2782,229,13.05,0,14.9,2782
18:45:00,3417,229,15.55,0,15,3417
18:50:00,3967,228,17.85,0,15.1,3967
18:55:00,3976,228,17.85,0,14.9,3976
19:00:00,2918,230,13.45,0,14.8,2918
19:05:00,2483,230,11.68,0,15,2483
19:10:00,2363,229,11.24,0,14.9,2363
19:15:00,2367,230,11.23,0,14.9,2367
19:20:00,2298,230,10.93,0,15,2298
19:25:00,2159,230,9.99,0,15.1,2159
19:30:00,1821,231,8.63,0,15,1821
19:35:00,1731,231,8.33,0,14.9,1731
19:40:00,1722,231,8.36,0,14.9,1722
19:45:00,1724,231,8.34,0,14.9,1724
19:50:00,1709,231,8.23,0,15,1709
19:55:00,1699,232,8.23,0,14.9,1699
20:00:00,1729,232,8.33,0,14.9,1729
20:05:00,1725,232,8.36,0,14.9,1725
20:10:00,1720,232,8.33,0,14.8,1720
20:15:00,1723,233,8.33,0,14.9,1723
20:20:00,1722,233,8.33,0,14.8,1722
20:25:00,1262,232,6.34,0,14.8,1262
20:30:00,1027,234,5.43,0,14.9,1027
20:35:00,1160,234,5.94,0,14.8,1160
20:40:00,1158,234,5.93,0,14.7,1158
20:45:00,1159,234,5.93,0,14.8,1159
20:50:00,1162,233,6.06,0,14.9,1162
20:55:00,1157,232,6.03,0,14.9,1157
21:00:00,1152,232,6.03,0,14.8,1152
21:05:00,1164,232,6.03,0,14.6,1164
21:10:00,1162,232,6.03,0,14.8,1162
21:15:00,1154,233,6.03,0,14.8,1154
21:20:00,1156,232,6.03,0,14.9,1156
21:25:00,1168,233,6.07,0,14.8,1168
21:30:00,1165,233,6.03,0,14.7,1165
21:35:00,1162,233,6.07,0,14.6,1162
21:40:00,1161,233,6.07,0,14.7,1161
21:45:00,1162,234,5.93,0,14.7,1162
21:50:00,1165,234,5.97,0,14.7,1165
21:55:00,1161,234,5.93,0,14.7,1161
22:00:00,1159,235,5.94,0,14.6,1159
22:05:00,1155,233,6.06,0,14.5,1155
22:10:00,1158,232,6.03,0,14.5,1158
22:15:00,1157,233,6.03,0,14.5,1157
22:20:00,1164,233,6.06,0,14.6,1164
22:25:00,1155,232,6.03,0,14.5,1155
22:30:00,1155,231,6.06,0,14.6,1155
22:35:00,1161,232,6.06,0,14.7,1161
22:40:00,1161,232,6.03,0,14.7,1161
22:45:00,1158,232,6.03,0,14.8,1158
22:50:00,1159,232,6.03,0,14.8,1159
22:55:00,1156,233,5.93,0,14.6,1156
23:00:00,1162,232,6.03,0,14.5,1162
23:05:00,1157,231,6.03,0,14.5,1157
23:10:00,1155,231,6.02,0,14.5,1155
23:15:00,1159,231,6.03,0,14.5,1159
23:20:00,1159,231,6.09,0,14.4,1159
23:25:00,1150,231,6.16,0,14.5,1150
23:30:00,1145,232,6.03,0,14.6,1145
23:35:00,1145,232,6.03,0,14.5,1145
23:40:00,1147,232,6.03,0,14.5,1147
23:45:00,1150,232,6.08,0,14.5,1150
23:50:00,1158,232,6.04,0,14.5,1158
23:55:00,1154,233,6.04,0,14.5,1154
0:00:00,1154,232,6.04,0,14.4,1154
0:05:00,1155,231,6.04,0,14.5,1155
0:10:00,1158,235,5.94,0,14.4,1158
0:15:00,1153,234,5.94,0,14.5,1153
0:20:00,1150,233,5.94,0,14.6,1150
0:25:00,1163,234,6.07,0,14.6,1163
0:30:00,1155,234,6.03,0,14.5,1155
0:35:00,1146,234,6.03,0,14.5,1146
0:40:00,1142,234,5.93,0,14.4,1142
0:45:00,1142,234,5.93,0,14.5,1142
0:50:00,1145,234,5.93,0,14.3,1145
0:55:00,1147,234,6.04,0,14.4,1147
1:00:00,1148,235,5.93,0,14.5,1148
1:05:00,1149,234,5.93,0,14.5,1149
1:10:00,1148,233,5.93,0,14.6,1148
1:15:00,1147,234,5.94,0,14.4,1147
1:20:00,1149,235,5.84,0,14.4,1149
1:25:00,1146,234,5.94,0,14.4,1146
1:30:00,1147,234,5.93,0,14.4,1147
1:35:00,1146,234,5.93,0,14.3,1146
1:40:00,1155,234,5.94,0,14.2,1155
1:45:00,1157,234,5.96,0,14.2,1157
1:50:00,1160,234,5.96,0,14.4,1160
1:55:00,1157,235,5.96,0,14.4,1157
2:00:00,1158,235,5.96,0,14.3,1158
2:05:00,1151,233,5.95,0,14.3,1151
2:10:00,1153,232,6.05,0,14.2,1153
2:15:00,1141,232,6.03,0,14.3,1141
2:20:00,1147,232,6.03,0,14.4,1147
2:25:00,1146,231,6.03,0,14.4,1146
2:30:00,1141,232,6.03,0,14.3,1141
2:35:00,1153,232,6.03,0,14.4,1153
2:40:00,1151,232,6.03,0,14.3,1151
2:45:00,1146,232,6.03,0,14.3,1146
2:50:00,1149,232,6.04,0,14.4,1149
2:55:00,1153,233,6.03,0,14.3,1153
3:00:00,1143,232,6.03,0,14.4,1143
3:05:00,1146,231,6.03,0,14.4,1146
3:10:00,1150,232,6.03,0,14.4,1150
3:15:00,1147,232,5.93,0,14.3,1147
3:20:00,1139,232,6.03,0,14.2,1139
3:25:00,1146,232,6.03,0,14.4,1146
3:30:00,1138,232,6.03,0,14.4,1138
3:35:00,1142,232,6.03,0,14.4,1142
3:40:00,1146,232,6.03,0,14.4,1146
3:45:00,1146,232,6.03,0,14.4,1146
3:50:00,1150,232,6.03,0,14.3,1150
3:55:00,1146,231,6.03,0,14.3,1146
4:00:00,1146,231,6.03,0,14.2,1146
4:05:00,1149,231,6.03,0,14.3,1149
4:10:00,1150,231,6.03,0,14.3,1150
4:15:00,1144,231,6.03,0,14.2,1144
4:20:00,1146,232,6.03,0,14.3,1146
4:25:00,1152,232,6.03,0,14.2,1152
4:30:00,1149,231,6.03,0,14.1,1149
4:35:00,1149,232,6.04,0,14,1149
4:40:00,1158,232,6.03,0,14.1,1158
4:45:00,1142,231,6.03,0,14.1,1142
4:50:00,1160,232,6.27,0,14.2,1160
4:55:00,1182,234,6.6,0,14,1182
5:00:00,1146,234,6.04,0,14,1146
5:05:00,1148,235,5.94,0,13.8,1148
5:10:00,1146,233,5.93,0,13.8,1146
5:15:00,1151,233,5.94,0,13.8,1151
5:20:00,1140,232,6.03,0,13.7,1140
5:25:00,1144,232,6.03,0,13.7,1144
5:30:00,1141,232,5.93,0,13.7,1141
5:35:00,1144,232,6.03,0,13.8,1144
5:40:00,1140,232,6.03,0,13.9,1140
5:45:00,1144,232,6.03,0,13.8,1144
5:50:00,1142,231,6.03,0,13.6,1142
5:55:00,1148,232,6.03,0,13.6,1148
6:00:00,1146,231,6.03,0,13.4,1146
6:05:00,1141,230,6.03,0,13.6,1141
6:10:00,1144,234,5.94,0,13.7,1144
6:15:00,1147,234,5.83,0,13.8,1147
6:20:00,1144,232,6.03,0,13.8,1144
6:25:00,1144,232,6.03,0,13.8,1144
6:30:00,1140,233,6.03,0,13.8,1140
6:35:00,1143,233,6.03,0,13.7,1143
6:40:00,1143,232,6.03,0,13.7,1143
6:45:00,1142,232,6.03,0,13.7,1142
6:50:00,1141,232,6.03,0,13.7,1141
6:55:00,1141,233,6.04,0,13.8,1141
7:00:00,1143,233,6.04,0,13.7,1143
7:05:00,1148,233,6.04,0,13.5,1148
7:10:00,1136,233,6.04,0,13.5,1136
7:15:00,1137,232,6.04,0,13.5,1137
7:20:00,1143,232,6.04,0,13.5,1143
7:25:00,1143,232,6.04,0,13.5,1143
7:30:00,1143,231,6.04,0,13.4,1143
7:35:00,1144,232,6.04,0,13.3,1144
7:40:00,1142,232,6.04,0,13.4,1142
7:45:00,1144,232,6.04,0,13.6,1144
7:50:00,1148,231,6.04,11,13.6,1137
7:55:00,1139,232,6.04,46,13.6,1093
8:00:00,1144,232,6.04,52,13.5,1092
8:05:00,1138,231,6.04,74,13.4,1064
8:10:00,2481,230,11.64,97,13.4,2384
8:15:00,3586,229,16.34,117,13.4,3469
8:20:00,3535,227,16.14,138,13.5,3397
8:25:00,3566,228,16.24,159,13.4,3407
8:30:00,3569,228,16.34,185,13.5,3384
8:35:00,3099,228,14.24,217,13.5,2882
8:40:00,2508,228,11.63,243,13.5,2265
8:45:00,2487,228,11.63,271,13.5,2216
8:50:00,3079,228,14.03,297,13.4,2782
8:55:00,3581,226,16.34,326,13.5,3255
9:00:00,3777,228,17.08,357,13.4,3420
9:05:00,4180,229,18.5,391,13.3,3789
9:10:00,5321,227,23.53,432,13.4,4889
9:15:00,4848,229,21.51,484,13.4,4364
9:20:00,5009,228,22.61,534,13.4,4475
9:25:00,5797,227,26.07,569,13.4,5228
9:30:00,6081,228,27.53,592,13.5,5489
9:35:00,5552,228,25.07,578,13.5,4974
9:40:00,6184,227,27.9,551,13.6,5633
9:45:00,5504,225,25.32,560,13.7,4944
9:50:00,6124,225,27.97,593,13.7,5531
9:55:00,5498,225,25.35,602,13.7,4896
10:00:00,5715,225,26.15,626,13.7,5089
10:05:00,5958,226,27.35,663,13.6,5295
10:10:00,5518,226,25.37,697,13.6,4821
10:15:00,5784,225,26.72,794,13.6,4990
10:20:00,6931,226,30.91,908,13.6,6023
10:25:00,8441,224,37.43,993,13.6,7448
10:30:00,7642,225,33.7,1048,13.7,6594
10:35:00,7108,225,31.78,1321,13.8,5787
10:40:00,6942,225,31.16,1488,13.8,5454
10:45:00,7695,225,34.31,1629,13.8,6066
10:50:00,7750,224,34.67,1689,13.8,6061
10:55:00,7198,225,31.85,1728,13.9,5470
11:00:00,7191,224,31.8,1717,13.9,5474
11:05:00,7286,222,32.64,1663,14,5623
11:10:00,7059,225,31.19,1612,14,5447
11:15:00,7004,224,31.08,1671,13.9,5333
11:20:00,7108,223,31.74,1805,13.9,5303
11:25:00,7097,225,31.69,1800,14,5297
11:30:00,6450,223,28.9,2032,14,4418
11:35:00,6631,223,29.55,1888,14,4743
11:40:00,6839,224,30.47,1936,14.1,4903
11:45:00,6522,224,29.05,1962,14.1,4560
11:50:00,6398,225,28.26,2132,14.2,4266
11:55:00,6233,225,27.41,2203,14.1,4030
12:00:00,6255,225,27.8,2138,14.1,4117
12:05:00,5985,226,26.22,1862,14.2,4123
12:10:00,6011,226,26.58,1910,14.2,4101
12:15:00,6233,225,27.62,1490,14.3,4743
12:20:00,6083,227,26.83,1655,14.3,4428
12:25:00,5959,227,26.32,1618,14.4,4341
12:30:00,6147,227,27.2,1928,14.4,4219
12:35:00,6324,228,28.05,1649,14.3,4675
12:40:00,5865,227,26.16,1605,14.4,4260
12:45:00,5483,228,24.87,1639,14.5,3844
12:50:00,5671,229,25.57,1728,14.4,3943
12:55:00,5113,229,23.43,1647,14.4,3466
13:00:00,5332,228,24.14,1894,14.5,3438
13:05:00,6008,229,26.94,1568,14.6,4440
13:10:00,6276,228,28.19,1807,14.6,4469
13:15:00,5906,229,26.5,2003,14.7,3903
13:20:00,4429,229,20.24,2001,14.7,2428
13:25:00,5392,227,24.28,2298,14.7,3094
13:30:00,5558,227,24.97,1837,14.7,3721
13:35:00,5847,227,26.11,1711,14.7,4136
13:40:00,6268,225,28.29,1761,14.6,4507
13:45:00,6031,225,27.01,2121,14.6,3910
13:50:00,5771,224,25.83,1957,14.6,3814
13:55:00,5859,225,26.62,1481,14.6,4378
14:00:00,5317,227,23.56,1580,14.6,3737
14:05:00,4945,225,21.95,1678,14.6,3267
14:10:00,5052,225,22.61,1331,14.6,3721
14:15:00,5345,225,23.69,1264,14.6,4081
14:20:00,5243,224,23.42,1324,14.6,3919
14:25:00,4988,225,22.45,1312,14.6,3676
14:30:00,5071,225,22.92,1173,14.6,3898
14:35:00,5256,224,23.58,1119,14.6,4137
14:40:00,5257,225,23.26,1013,14.7,4244
14:45:00,5048,225,22.52,813,14.7,4235
14:50:00,5238,224,23.25,662,14.7,4576
14:55:00,5458,225,24.13,605,14.8,4853
15:00:00,5285,226,23.17,506,14.8,4779
15:05:00,4622,226,20.63,582,14.9,4040
15:10:00,4388,227,19.88,660,14.9,3728
15:15:00,4451,227,20.39,666,14.9,3785
15:20:00,4044,227,18.58,830,15,3214
15:25:00,4091,227,18.56,876,14.9,3215
15:30:00,4302,228,19.61,886,15,3416
15:35:00,4037,227,18.41,878,15,3159
15:40:00,3911,227,17.91,828,14.9,3083
15:45:00,4272,227,19.48,780,15,3492
15:50:00,4073,228,18.42,744,15,3329
15:55:00,3894,227,17.41,733,14.8,3161
16:00:00,4390,228,19.7,670,14.8,3720
16:05:00,4822,228,21.47,628,14.8,4194
16:10:00,5436,227,23.96,605,14.9,4831
16:15:00,5922,226,26.21,598,14.8,5324
16:20:00,6261,226,27.69,563,14.8,5698
16:25:00,6379,227,28.11,520,14.9,5859
16:30:00,6109,227,26.92,457,14.9,5652
16:35:00,5275,227,22.98,374,14.9,4901
16:40:00,5060,227,22.36,365,14.9,4695
16:45:00,4909,227,21.65,349,14.9,4560
16:50:00,4956,228,21.78,318,14.9,4638
16:55:00,5036,228,22.1,290,14.9,4746
17:00:00,4014,229,17.72,261,14.9,3753
17:05:00,3250,229,14.76,237,15,3013
17:10:00,3284,229,14.83,221,15.1,3063
17:15:00,3233,229,14.75,191,15,3042
17:20:00,3239,229,14.66,169,14.9,3070
17:25:00,3258,230,14.84,142,14.9,3116
17:30:00,3302,230,15.05,113,14.8,3189
17:35:00,3259,229,14.85,78,14.8,3181
17:40:00,3051,230,14.16,61,14.7,2990
17:45:00,2921,230,13.38,45,14.8,2876
17:50:00,2782,229,12.94,34,14.8,2748
17:55:00,2821,230,13.25,4,14.9,2817
18:00:00,2874,230,13.32,0,14.9,2874
18:05:00,3032,229,14.08,0,14.9,3032
18:10:00,2906,228,13.81,0,14.9,2906
18:15:00,2842,229,13.64,0,14.9,2842
18:20:00,2641,230,12.5,0,14.9,2641
18:25:00,2619,230,12.61,0,14.9,2619
18:30:00,2591,230,12.51,0,14.9,2591
18:35:00,2319,231,11.64,0,15.1,2319
18:40:00,2230,230,10.5,0,15.1,2230
18:45:00,2235,230,10.6,0,14.9,2235
18:50:00,2184,230,10.2,0,15.1,2184
18:55:00,2148,230,10.2,0,15,2148
19:00:00,2108,230,10.01,0,15,2108
19:05:00,1936,231,9.4,0,15,1936
19:10:00,1930,230,9.3,0,15,1930
19:15:00,1909,230,9.3,0,15.1,1909
19:20:00,1883,231,9.1,0,15.1,1883
19:25:00,1874,231,9,0,15,1874
19:30:00,1655,232,8.01,0,15.1,1655
19:35:00,1458,232,7.21,0,15.1,1458
19:40:00,1460,231,7.21,0,15.1,1460
19:45:00,1466,232,7.21,0,15.2,1466
19:50:00,1459,232,7.31,0,15,1459
19:55:00,1461,232,7.2,0,15,1461
20:00:00,1473,233,7.31,0,15.1,1473
20:05:00,1478,232,7.21,0,15.2,1478
20:10:00,1465,233,7.27,0,15.1,1465
20:15:00,1552,233,7.81,0,15.1,1552
20:20:00,1860,233,9.31,0,15,1860
20:25:00,1877,233,9.31,0,15.1,1877
20:30:00,1853,234,9.31,0,15.2,1853
20:35:00,1814,234,9.04,0,15.3,1814
20:40:00,1825,234,9.04,0,15.3,1825
20:45:00,2130,235,10.41,0,15.3,2130
20:50:00,1511,235,7.81,0,15.2,1511
20:55:00,1177,235,6.71,0,15.2,1177
21:00:00,911,235,5.51,0,15.2,911
21:05:00,893,233,5.01,0,15.2,893
21:10:00,883,232,5,0,15.2,883
21:15:00,885,232,5,0,15.2,885
21:20:00,896,232,5,0,15.2,896
21:25:00,899,233,5.01,0,15,899
21:30:00,907,233,5.01,0,15,907
21:35:00,913,233,5.07,0,15,913
21:40:00,893,234,5.01,0,15,893
21:45:00,911,233,5.02,0,15.1,911
21:50:00,936,233,5.01,0,15.1,936
21:55:00,937,232,5.14,0,15,937
22:00:00,897,232,5.01,0,14.9,897
22:05:00,908,233,5.17,0,15,908
22:10:00,919,232,5.08,0,15,919
22:15:00,903,233,5.01,0,15,903
22:20:00,897,233,5.04,0,14.9,897
22:25:00,928,232,5.07,0,15.1,928
22:30:00,931,231,5.17,0,15.2,931
22:35:00,898,232,5.01,0,15.2,898
22:40:00,893,232,5.01,0,15,893
22:45:00,891,232,5.01,0,15.1,891
22:50:00,891,232,5.01,0,15.2,891
22:55:00,889,232,5.01,0,15.2,889
23:00:00,884,232,5.01,0,15.3,884
23:05:00,887,232,5.01,0,15.2,887
23:10:00,886,232,5.01,0,15,886
23:15:00,890,232,5.11,0,14.8,890
23:20:00,888,233,5.01,0,15,888
23:25:00,891,233,5.01,0,15,891
23:30:00,895,233,5.01,0,15.1,895
23:35:00,900,233,5.01,0,15.1,900
23:40:00,888,231,5.01,0,15.2,888
23:45:00,886,231,5.01,0,15.2,886
23:50:00,885,231,5.01,0,15.1,885
23:55:00,889,231,5.11,0,15.1,889
0:00:00,885,230,5.01,0,15.1,885
0:05:00,888,233,5.01,0,15.1,888
0:10:00,891,233,5.01,0,15,891
0:15:00,894,235,5.02,0,15,894
0:20:00,891,236,5.01,0,15,891
0:25:00,891,235,5.01,0,15.1,891
0:30:00,887,234,5.01,0,15,887
0:35:00,893,233,5.01,0,15,893
0:40:00,891,234,5.01,0,14.8,891
0:45:00,888,234,5.01,0,14.8,888
0:50:00,889,234,5.01,0,14.8,889
0:55:00,888,234,5.01,0,14.9,888
1:00:00,899,234,5.01,0,14.9,899
1:05:00,887,234,5.01,0,14.8,887
1:10:00,889,235,5.01,0,14.9,889
1:15:00,885,235,5.01,0,15.1,885
1:20:00,886,235,5.01,0,15,886
1:25:00,889,235,5.11,0,15,889
1:30:00,890,234,5.02,0,15.1,890
1:35:00,884,235,5.01,0,15,884
1:40:00,887,234,5.02,0,14.9,887
1:45:00,891,235,5.02,0,14.9,891
1:50:00,892,235,5.01,0,15,892
1:55:00,893,235,5.02,0,15,893
2:00:00,889,236,5.02,0,14.9,889
2:05:00,886,236,5.02,0,14.9,886
2:10:00,889,235,5.01,0,14.8,889
2:15:00,887,234,5.01,0,14.8,887
2:20:00,892,234,5.01,0,14.8,892
2:25:00,892,233,5.02,0,14.8,892
2:30:00,889,234,4.92,0,15.1,889
2:35:00,895,234,5.01,0,15,895
2:40:00,890,234,5.11,0,14.8,890
2:45:00,889,234,5.11,0,14.9,889
2:50:00,888,234,5.01,0,15,888
2:55:00,891,234,5.01,0,15,891
3:00:00,888,234,5.01,0,15.1,888
3:05:00,893,234,5.02,0,15.2,893
3:10:00,888,234,5.02,0,15.1,888
3:15:00,889,234,4.92,0,15,889
3:20:00,891,234,5.02,0,15,891
3:25:00,891,235,5.02,0,15.1,891
3:30:00,885,235,4.92,0,14.8,885
3:35:00,889,234,5.02,0,14.9,889
3:40:00,888,235,5.01,0,15.1,888
3:45:00,893,235,4.92,0,15.1,893
3:50:00,888,235,5.02,0,15.2,888
3:55:00,926,235,5.29,0,15.2,926
4:00:00,882,236,5.05,0,15.2,882
4:05:00,876,234,5.11,0,15.4,876
4:10:00,878,234,5.12,0,15.3,878
4:15:00,873,233,5.01,0,15.2,873
4:20:00,872,233,5.11,0,15.1,872
4:25:00,878,233,5.02,0,15,878
4:30:00,882,233,5.02,0,15.1,882
4:35:00,879,233,5.01,0,15,879
4:40:00,877,232,5.01,0,15,877
4:45:00,876,232,5.01,0,14.8,876
4:50:00,874,232,5.01,0,14.9,874
4:55:00,871,232,5.01,0,15.1,871
5:00:00,869,233,5.01,0,15.2,869
5:05:00,873,232,5.01,0,15,873
5:10:00,868,232,5.01,0,15.1,868
5:15:00,873,232,5.01,0,15.1,873
5:20:00,870,232,5.01,0,15,870
5:25:00,871,231,5.01,0,15,871
5:30:00,869,233,5.01,0,15.2,869
5:35:00,875,233,5.01,0,15.1,875
5:40:00,875,233,5.01,0,15.2,875
5:45:00,869,232,5.01,0,15,869
5:50:00,874,232,5.01,0,14.9,874
5:55:00,872,232,4.91,0,15,872
6:00:00,872,232,5.01,0,14.8,872
6:05:00,871,232,5.11,0,14.8,871
6:10:00,870,231,5,0,14.9,870
6:15:00,872,231,5.01,0,15.1,872
6:20:00,868,230,5.01,0,15.2,868
6:25:00,872,230,5,0,15,872
6:30:00,867,231,5,0,15,867
6:35:00,868,230,5,0,15.1,868
6:40:00,873,230,5.01,0,15.1,873
6:45:00,871,230,5.01,0,15.1,871
6:50:00,865,230,5.01,0,15.2,865
6:55:00,866,230,5.01,0,15.2,866
7:00:00,867,230,5.01,0,15.2,867
7:05:00,866,230,5.01,0,15.2,866
7:10:00,865,230,5.01,0,15,865
7:15:00,868,232,5.02,0,15,868
7:20:00,870,233,5.02,0,14.8,870
7:25:00,864,233,5.02,0,14.9,864
7:30:00,867,232,5.02,0,15.1,867
7:35:00,865,232,5.02,0,15.1,865
7:40:00,871,232,5.02,0,15.2,871
7:45:00,868,233,5.02,0,15.2,868
7:50:00,878,233,5.12,0,15.2,878
7:55:00,871,233,5.12,0,15.1,871
8:00:00,1983,231,9.62,14,14.9,1969
8:05:00,2224,231,10.42,66,14.9,2158
8:10:00,3442,231,15.72,86,14.9,3356
8:15:00,3454,230,15.82,104,15,3350
8:20:00,3436,230,15.72,128,14.8,3308
8:25:00,3445,230,15.82,140,14.8,3305
8:30:00,3432,229,15.71,152,14.8,3280
8:35:00,3406,228,15.71,177,14.9,3229
8:40:00,3439,229,15.81,190,15.1,3249
8:45:00,3473,230,15.91,205,15.1,3268
8:50:00,3500,230,15.81,215,15.2,3285
8:55:00,3519,229,16.41,225,15.3,3294
9:00:00,3722,229,17.04,232,15.4,3490
9:05:00,3729,228,16.81,245,15.2,3484
9:10:00,4008,229,17.87,254,15.2,3754
9:15:00,4320,228,19.13,265,15.2,4055
9:20:00,4149,229,18.41,280,15.2,3869
9:25:00,4129,229,18.51,289,15.2,3840
9:30:00,4334,229,19.21,289,15.2,4045
9:35:00,4452,229,19.8,302,15.3,4150
9:40:00,4609,228,20.62,317,15.3,4292
9:45:00,4633,228,20.72,332,15.3,4301
9:50:00,4685,228,20.8,350,15.3,4335
9:55:00,4586,228,20.51,373,15.4,4213
10:00:00,4480,228,20.3,387,15.3,4093
10:05:00,4410,228,19.89,407,15.4,4003
10:10:00,3423,229,15.57,445,15.3,2978
10:15:00,3445,228,15.49,526,15.4,2919
10:20:00,3687,229,16.58,541,15.3,3146
10:25:00,4067,229,18.05,575,15.4,3492
10:30:00,4140,228,18.78,592,15.4,3548
10:35:00,4141,228,18.68,669,15.6,3472
10:40:00,4350,228,19.49,700,15.6,3650
10:45:00,4398,228,19.6,867,15.6,3531
10:50:00,4501,227,20.2,1010,15.6,3491
10:55:00,4639,227,20.89,1031,15.7,3608
11:00:00,4609,227,20.7,1083,15.8,3526
11:05:00,4703,227,20.91,1170,15.8,3533
11:10:00,5603,226,25.14,1178,15.8,4425
11:15:00,6502,227,29.08,1287,15.8,5215
11:20:00,6183,227,27.84,1445,15.8,4738
11:25:00,6271,227,28.21,1568,15.9,4703
11:30:00,5965,228,26.27,1610,15.9,4355
11:35:00,6334,229,27.8,1618,15.9,4716
11:40:00,5850,228,26.09,1641,15.9,4209
11:45:00,6392,228,28.32,1635,16,4757
11:50:00,5734,228,25.45,1677,16.1,4057
11:55:00,5317,229,23.31,1714,16.2,3603
12:00:00,5619,229,24.66,1753,16.2,3866
12:05:00,5473,230,23.96,1755,16,3718
12:10:00,5269,229,23.29,1768,16,3501
12:15:00,5320,230,24.16,1696,16.1,3624
12:20:00,5569,230,24.86,1848,16.3,3721
12:25:00,5622,229,24.9,1842,16.3,3780
12:30:00,5244,230,23.21,1781,16.3,3463
12:35:00,4993,231,22.14,1783,16.3,3210
12:40:00,5133,231,23.04,1762,16.3,3371
12:45:00,5079,231,22.83,1761,16.1,3318
12:50:00,4653,230,20.97,1563,16.1,3090
12:55:00,4914,230,22.41,1498,16,3416
13:00:00,5145,231,23.45,1611,16.1,3534
13:05:00,5141,231,23.28,1675,16.1,3466
13:10:00,4843,231,22.19,1557,16.1,3286
13:15:00,4840,230,22.06,1748,15.9,3092
13:20:00,5185,231,23.7,1839,16.1,3346
13:25:00,5716,230,26.12,2048,16.1,3668
13:30:00,5521,230,25.41,2211,15.9,3310
13:35:00,5062,230,23.15,2275,15.6,2787
13:40:00,5872,230,26.33,2182,15.8,3690
13:45:00,6268,230,27.62,2040,15.7,4228
13:50:00,5958,229,26.37,1965,15.7,3993
13:55:00,6229,230,27.37,1798,15.6,4431
14:00:00,6238,229,27.73,1671,15.6,4567
14:05:00,7906,227,34.86,1599,15.7,6307
14:10:00,8142,228,35.89,1496,15.7,6646
14:15:00,7695,228,33.43,1394,15.4,6301
14:20:00,7497,228,32.77,1261,15.5,6236
14:25:00,7152,227,31.01,1213,15.5,5939
14:30:00,6813,228,29.57,1120,15.6,5693
14:35:00,6459,229,27.92,1003,15.7,5456
14:40:00,6382,228,27.7,848,15.8,5534
14:45:00,5568,229,24.41,858,15.8,4710
14:50:00,5508,229,24.29,737,15.8,4771
14:55:00,5424,230,24.06,752,16,4672
15:00:00,5235,230,23.26,679,16,4556
15:05:00,5658,231,25.17,632,16.2,5026
15:10:00,5620,230,24.8,584,16.2,5036
15:15:00,5630,231,24.58,544,16,5086
15:20:00,6073,232,26.39,552,16,5521
15:25:00,6102,232,26.76,544,15.9,5558
15:30:00,5921,231,26.54,529,15.9,5392
15:35:00,6806,232,30.42,511,15.9,6295
15:40:00,6672,232,29.12,493,15.9,6179
15:45:00,5502,232,24.02,480,15.9,5022
15:50:00,5752,231,25.18,471,16,5281
15:55:00,5729,230,25.29,452,16.1,5277
16:00:00,5196,229,22.92,440,16.2,4756
16:05:00,5696,228,25.2,419,16.1,5277
16:10:00,5611,229,24.81,407,15.9,5204
16:15:00,5232,229,23.13,394,16.1,4838
16:20:00,5648,228,25.46,374,16.1,5274
16:25:00,5093,229,22.92,352,16.2,4741
16:30:00,4068,231,18.68,352,16.2,3716
16:35:00,5054,230,22.54,340,16.1,4714
16:40:00,5255,230,23.14,327,16.1,4928
16:45:00,5350,230,23.41,309,16.1,5041
16:50:00,4532,231,20.44,297,16.2,4235
16:55:00,3900,231,17.71,282,16.3,3618
17:00:00,4289,231,19.41,255,16.1,4034
17:05:00,4221,230,19.19,232,16.2,3989
17:10:00,3755,230,17.18,209,16.3,3546
17:15:00,4236,229,19.38,177,16.3,4059
17:20:00,5082,230,22.54,153,16.3,4929
17:25:00,5122,229,22.77,129,16.2,4993
17:30:00,4747,230,21.01,109,16.3,4638
17:35:00,3659,231,16.41,91,16.4,3568
17:40:00,3984,231,17.86,74,16.3,3910
17:45:00,4054,231,18.13,55,16.2,3999
17:50:00,3461,231,15.85,40,16.1,3421
17:55:00,4733,231,21.86,26,15.9,4707
18:00:00,5312,230,23.9,0,15.9,5312
18:05:00,4150,230,18.72,0,15.9,4150
18:10:00,4507,230,20.32,0,15.8,4507
18:15:00,4520,229,20.39,0,15.7,4520
18:20:00,4054,230,18.33,0,15.6,4054
18:25:00,4497,230,20.19,0,15.7,4497
18:30:00,4588,229,20.71,0,15.8,4588
18:35:00,4074,230,18.57,0,15.7,4074
18:40:00,4311,229,19.55,0,15.7,4311
18:45:00,3738,230,17.11,0,15.7,3738
18:50:00,3334,230,15.45,0,15.8,3334
18:55:00,3226,230,15.03,0,15.8,3226
19:00:00,2462,231,11.82,0,15.9,2462
19:05:00,1903,231,9.62,0,15.9,1903
19:10:00,1916,231,9.72,0,15.9,1916
19:15:00,2097,232,10.42,0,16,2097
19:20:00,3080,230,14.42,0,16,3080
19:25:00,3070,231,14.43,0,16,3070
19:30:00,3156,231,14.73,0,16,3156
19:35:00,3122,231,14.63,0,15.8,3122
19:40:00,3008,231,14.03,0,15.7,3008
19:45:00,2596,232,12.53,0,15.7,2596
19:50:00,2503,232,12.12,0,15.7,2503
19:55:00,2457,231,12.03,0,15.5,2457
20:00:00,2269,232,11.13,0,15.5,2269
20:05:00,2251,232,11.13,0,15.5,2251
20:10:00,2232,233,11.03,0,15.6,2232
20:15:00,1599,233,8.43,0,15.6,1599
20:20:00,886,234,5.52,0,15.5,886
20:25:00,793,235,5.13,0,15.5,793
20:30:00,649,235,4.63,0,15.6,649
20:35:00,652,235,4.63,0,15.5,652
20:40:00,658,235,4.63,0,15.4,658
20:45:00,652,235,4.63,0,15.4,652
20:50:00,648,236,4.63,0,15.4,648
20:55:00,653,236,4.63,0,15.4,653
21:00:00,651,236,4.63,0,15.4,651
21:05:00,650,236,4.63,0,15.3,650
21:10:00,653,236,4.63,0,15.3,653
21:15:00,650,236,4.63,0,15.3,650
21:20:00,652,236,4.63,0,15.2,652
21:25:00,650,236,4.63,0,15.3,650
21:30:00,649,235,4.63,0,15.3,649
21:35:00,653,233,4.63,0,15.2,653
21:40:00,657,233,4.62,0,15.2,657
21:45:00,652,233,4.63,0,15.2,652
21:50:00,650,232,4.63,0,15.2,650
21:55:00,654,233,4.63,0,15.2,654
22:00:00,650,233,4.63,0,15.3,650
22:05:00,653,231,4.62,0,15.3,653
22:10:00,652,231,4.62,0,15.4,652
22:15:00,650,232,4.63,0,15.2,650
22:20:00,654,231,4.62,0,15.2,654
22:25:00,652,231,4.63,0,15.2,652
22:30:00,650,232,4.63,0,15.2,650
22:35:00,647,232,4.53,0,15.2,647
22:40:00,651,232,4.63,0,15.2,651
22:45:00,647,232,4.63,0,15.2,647
22:50:00,647,232,4.63,0,15.1,647
22:55:00,639,232,4.63,0,15.1,639
23:00:00,638,233,4.63,0,15.1,638
23:05:00,630,232,4.63,0,15.1,630
23:10:00,631,231,4.63,0,15.1,631
23:15:00,636,231,4.63,0,15.1,636
23:20:00,631,232,4.63,0,15.1,631
23:25:00,634,231,4.63,0,15.1,634
23:30:00,629,234,4.63,0,15.1,629
23:35:00,630,235,4.63,0,15.1,630
23:40:00,637,235,4.63,0,15.1,637
23:45:00,641,235,4.65,0,15.1,641
23:50:00,633,235,4.64,0,15.1,633
23:55:00,633,233,4.63,0,15.1,633
0:00:00,627,232,4.53,0,15,627
0:05:00,640,231,4.63,0,14.9,640
0:10:00,638,231,4.63,0,14.9,638
0:15:00,635,233,4.63,0,15,635
0:20:00,631,233,4.63,0,15.1,631
0:25:00,634,234,4.63,0,15.1,634
0:30:00,633,234,4.63,0,15,633
0:35:00,633,235,4.64,0,15.1,633
0:40:00,632,234,4.63,0,15.1,632
0:45:00,633,233,4.63,0,15.2,633
0:50:00,633,235,4.64,0,15.1,633
0:55:00,635,234,4.63,0,15.1,635
1:00:00,629,234,4.63,0,15.1,629
1:05:00,628,233,4.63,0,15,628
1:10:00,631,233,4.63,0,15.1,631
1:15:00,628,233,4.63,0,15.2,628
1:20:00,629,233,4.63,0,15.2,629
1:25:00,633,233,4.63,0,15.2,633
1:30:00,630,233,4.53,0,15.2,630
1:35:00,637,234,4.63,0,15.2,637
1:40:00,650,233,4.63,0,15.3,650
1:45:00,653,233,4.63,0,15.2,653
1:50:00,648,234,4.63,0,15.2,648
1:55:00,651,235,4.64,0,15.2,651
2:00:00,646,235,4.64,0,15.2,646
2:05:00,633,234,4.63,0,15.2,633
2:10:00,631,233,4.63,0,15.2,631
2:15:00,632,234,4.64,0,15.2,632
2:20:00,630,234,4.64,0,15.2,630
2:25:00,631,232,4.63,0,15.2,631
2:30:00,635,233,4.64,0,15.2,635
2:35:00,637,234,4.64,0,15.2,637
2:40:00,637,234,4.64,0,15.4,637
2:45:00,640,235,4.64,0,15.4,640
2:50:00,637,235,4.64,0,15.4,637
2:55:00,637,236,4.64,0,15.4,637
3:00:00,630,235,4.64,0,15.4,630
3:05:00,637,235,4.64,0,15.3,637
3:10:00,627,234,4.64,0,15.3,627
3:15:00,639,235,4.64,0,15.3,639
3:20:00,641,233,4.64,0,15.3,641
3:25:00,633,233,4.64,0,15.2,633
3:30:00,635,234,4.63,0,15.3,635
3:35:00,634,234,4.64,0,15.3,634
3:40:00,634,234,4.64,0,15.3,634
3:45:00,635,234,4.64,0,15.3,635
3:50:00,643,233,4.64,0,15.2,643
3:55:00,639,233,4.64,0,15.3,639
4:00:00,638,234,4.64,0,15.3,638
4:05:00,632,234,4.64,0,15.3,632
4:10:00,639,233,4.63,0,15.3,639
4:15:00,636,234,4.64,0,15.2,636
4:20:00,641,234,4.64,0,15.4,641
4:25:00,639,235,4.64,0,15.4,639
4:30:00,636,235,4.64,0,15.4,636
4:35:00,638,235,4.64,0,15.4,638
4:40:00,641,234,4.64,0,15.4,641
4:45:00,643,235,4.64,0,15.5,643
4:50:00,640,235,4.64,0,15.5,640
4:55:00,639,234,4.64,0,15.6,639
5:00:00,639,234,4.63,0,15.5,639
5:05:00,635,233,4.63,0,15.4,635
5:10:00,631,233,4.63,0,15.5,631
5:15:00,635,233,4.63,0,15.5,635
5:20:00,642,232,4.63,0,15.5,642
5:25:00,638,233,4.64,0,15.5,638
5:30:00,638,232,4.63,0,15.5,638
5:35:00,632,231,4.63,0,15.5,632
5:40:00,633,233,4.63,0,15.4,633
5:45:00,636,234,4.63,0,15.3,636
5:50:00,632,233,4.63,0,15.3,632
5:55:00,637,233,4.63,0,15.4,637
6:00:00,636,233,4.63,0,15.4,636
6:05:00,634,232,4.63,0,15.3,634
6:10:00,640,233,4.63,0,15.2,640
6:15:00,638,233,4.64,0,15.2,638
6:20:00,638,233,4.63,0,15.1,638
6:25:00,640,233,4.53,0,15.2,640
6:30:00,636,233,4.63,0,15.4,636
6:35:00,637,233,4.63,0,15.4,637
6:40:00,637,232,4.63,0,15.3,637
6:45:00,636,232,4.64,0,15.2,636
6:50:00,630,232,4.64,0,15.1,630
6:55:00,630,232,4.64,0,15.3,630
7:00:00,635,231,4.64,0,15.3,635
7:05:00,638,231,4.63,0,15.4,638
7:10:00,631,231,4.64,0,15.4,631
7:15:00,638,232,4.64,0,15.4,638
7:20:00,637,232,4.64,0,15.3,637
7:25:00,638,233,4.64,0,15.3,638
7:30:00,635,232,4.64,0,15.3,635
7:35:00,634,233,4.54,0,15.3,634
7:40:00,633,233,4.54,0,15.4,633
7:45:00,635,233,4.64,0,15.3,635
7:50:00,632,232,4.64,0,15.3,632
7:55:00,633,233,4.64,0,15.3,633
8:00:00,635,233,4.64,39,15.4,596
8:05:00,636,233,4.64,69,15.5,567
8:10:00,635,233,4.64,86,15.5,549
8:15:00,632,233,4.64,103,15.5,529
8:20:00,633,233,4.64,122,15.5,511
8:25:00,639,233,4.65,132,15.4,507
8:30:00,638,234,4.64,134,15.4,504
8:35:00,628,233,4.64,136,15.4,492
8:40:00,637,233,4.64,144,15.2,493
8:45:00,637,233,4.65,169,15.3,468
8:50:00,635,233,4.64,170,15.3,465
8:55:00,641,232,4.54,187,15.4,454
9:00:00,635,232,4.64,239,15.3,396
9:05:00,638,232,4.64,278,15.3,360
9:10:00,634,231,4.64,295,15.4,339
9:15:00,629,232,4.64,307,15.4,322
9:20:00,625,232,4.54,317,15.4,308
9:25:00,623,231,4.64,336,15.3,287
9:30:00,627,232,4.54,339,15.2,288
9:35:00,626,234,4.54,352,15.3,274
9:40:00,632,233,4.64,370,15.4,262
9:45:00,632,233,4.64,392,15.3,240
9:50:00,629,233,4.64,419,15.3,210
9:55:00,634,234,4.64,428,15.3,206
10:00:00,632,233,4.64,440,15.4,192
10:05:00,631,233,4.64,465,15.4,166
10:10:00,632,233,4.64,516,15.5,116
10:15:00,631,233,4.64,582,15.5,49
10:20:00,631,234,4.64,617,15.5,14
10:25:00,625,232,4.64,647,15.5,-22
10:30:00,628,230,4.53,684,15.5,-56
10:35:00,627,231,4.64,726,15.5,-99
10:40:00,632,231,4.64,831,15.4,-199
10:45:00,630,231,4.54,1012,15.5,-382
10:50:00,626,231,4.63,1054,15.6,-428
10:55:00,625,230,4.63,1118,15.4,-493
11:00:00,634,230,4.53,1149,15.5,-515
11:05:00,631,231,4.64,1239,15.6,-608
11:10:00,633,232,4.54,1272,15.5,-639
11:15:00,629,231,4.54,1370,15.7,-741
11:20:00,630,230,4.54,1512,15.8,-882
11:25:00,637,233,4.64,1641,15.8,-1004
11:30:00,629,234,4.65,1661,15.8,-1032
11:35:00,629,233,4.64,1692,15.9,-1063
11:40:00,633,233,4.64,1686,16,-1053
11:45:00,628,233,4.64,1697,16.1,-1069
11:50:00,630,233,4.64,1726,16.1,-1096
11:55:00,630,233,4.65,1762,16.1,-1132
12:00:00,631,234,4.65,1774,16.1,-1143
12:05:00,633,233,4.55,1798,16.1,-1165
12:10:00,634,233,4.55,1847,16,-1213
12:15:00,631,234,4.65,1816,16.1,-1185
12:20:00,634,233,4.65,1723,16,-1089
12:25:00,634,233,4.65,1875,16.1,-1241
12:30:00,635,234,4.66,1853,16.1,-1218
12:35:00,636,235,4.66,1865,16.1,-1229
12:40:00,638,235,4.66,1899,16.1,-1261
12:45:00,643,234,4.66,1873,16.1,-1230
12:50:00,636,234,4.66,1634,16,-998
12:55:00,635,235,4.66,1541,16,-906
13:00:00,634,235,4.66,1781,16,-1147
13:05:00,636,234,4.54,1863,16,-1227
13:10:00,632,235,4.65,1735,16,-1103
13:15:00,641,234,4.64,1857,16.1,-1216
13:20:00,631,235,4.65,1901,16,-1270
13:25:00,634,233,4.64,1984,16.1,-1350
13:30:00,629,234,4.64,2210,16.3,-1581
13:35:00,629,234,4.65,2269,16.4,-1640
13:40:00,640,234,4.65,2348,16.4,-1708
13:45:00,636,233,4.55,2234,16.4,-1598
13:50:00,632,232,4.64,2188,16.5,-1556
13:55:00,662,231,4.64,1892,16.5,-1230
14:00:00,943,232,5.75,1787,16.5,-844
14:05:00,979,234,5.95,1613,16.4,-634
14:10:00,989,234,5.95,1574,16.4,-585
14:15:00,983,235,5.96,1494,16.3,-511
14:20:00,987,236,5.96,1376,16.3,-389
14:25:00,992,236,5.96,1304,16.3,-312
14:30:00,993,235,5.96,1201,16.3,-208
14:35:00,985,235,5.95,1105,16.2,-120
14:40:00,992,235,5.95,1010,16.2,-18
14:45:00,1006,235,5.95,917,16,89
14:50:00,1007,235,6.04,837,16,170
14:55:00,1012,235,6.05,755,15.9,257
15:00:00,998,235,5.95,675,15.9,323
15:05:00,1007,235,6.04,652,15.8,355
15:10:00,991,235,5.95,607,15.8,384
15:15:00,1008,235,6.05,531,15.8,477
15:20:00,1004,235,6.04,525,15.7,479
15:25:00,998,235,6.05,568,15.8,430
15:30:00,1008,235,6.05,559,15.6,449
15:35:00,1007,235,6.05,533,15.7,474
15:40:00,1010,235,6.05,513,15.8,497
15:45:00,1008,235,6.05,478,15.8,530
15:50:00,1002,236,6.05,454,15.8,548
15:55:00,1007,236,6.05,469,15.9,538
16:00:00,1005,236,6.05,458,15.9,547
16:05:00,1007,236,6.05,444,15.7,563
16:10:00,1035,236,6.06,425,15.8,610
16:15:00,1010,236,6.06,414,15.9,596
16:20:00,1017,236,6.06,399,15.9,618
16:25:00,1015,236,6.05,392,15.8,623
16:30:00,1013,235,6.05,394,15.8,619
16:35:00,1014,234,6.05,392,15.8,622
16:40:00,1021,234,6.05,384,15.9,637
16:45:00,1011,234,6.05,369,15.9,642
16:50:00,1012,234,6.04,352,16,660
16:55:00,1007,234,6.04,347,16,660
17:00:00,1068,234,6.14,350,15.9,718
17:05:00,1088,235,6.25,331,15.9,757
17:10:00,1100,235,6.25,311,15.9,789
17:15:00,1094,235,6.25,272,16,822
17:20:00,1085,235,6.25,222,16,863
17:25:00,1076,235,6.25,181,16,895
17:30:00,1085,235,6.24,142,16,943
17:35:00,1082,235,6.25,116,16,966
17:40:00,1081,236,6.25,89,15.9,992
17:45:00,1087,234,6.24,68,15.9,1019
17:50:00,1088,233,6.24,46,15.9,1042
17:55:00,1083,231,6.24,36,15.8,1047
18:00:00,1096,232,6.23,34,15.8,1062
18:05:00,1109,231,6.23,15,15.8,1094
18:10:00,1094,230,6.33,0,15.8,1094
18:15:00,1091,230,6.22,0,15.8,1091
18:20:00,1088,232,6.23,0,15.8,1088
18:25:00,962,234,5.65,0,15.8,962
18:30:00,737,234,4.83,0,15.9,737
18:35:00,736,235,4.83,0,15.8,736
18:40:00,730,235,4.83,0,15.8,730
18:45:00,734,235,4.83,0,15.8,734
18:50:00,737,235,4.83,0,15.8,737
18:55:00,742,235,4.83,0,15.7,742
19:00:00,731,235,4.83,0,15.7,731
19:05:00,732,234,4.83,0,15.7,732
19:10:00,723,234,4.83,0,15.7,723
19:15:00,723,235,4.83,0,15.7,723
19:20:00,727,235,4.83,0,15.7,727
19:25:00,729,235,4.83,0,15.7,729
19:30:00,727,235,4.83,0,15.8,727
19:35:00,725,235,4.84,0,15.8,725
19:40:00,728,235,4.84,0,15.8,728
19:45:00,720,235,4.83,0,15.8,720
19:50:00,722,235,4.83,0,15.7,722
19:55:00,729,234,4.84,0,15.8,729
20:00:00,728,235,4.83,0,15.8,728
20:05:00,726,235,4.84,0,15.9,726
20:10:00,724,235,4.83,0,15.9,724
20:15:00,722,236,4.84,0,15.8,722
20:20:00,725,236,4.83,0,15.7,725
20:25:00,726,236,4.84,0,15.8,726
20:30:00,723,233,4.83,0,15.8,723
20:35:00,727,234,4.83,0,15.8,727
20:40:00,725,234,4.83,0,15.7,725
20:45:00,720,233,4.83,0,15.7,720
20:50:00,729,233,4.83,0,15.7,729
20:55:00,728,233,4.83,0,15.7,728
21:00:00,725,233,4.83,0,15.8,725
21:05:00,738,233,4.83,0,15.7,738
21:10:00,731,232,4.83,0,15.7,731
21:15:00,724,232,4.83,0,15.6,724
21:20:00,726,232,4.83,0,15.7,726
21:25:00,731,232,4.93,0,15.6,731
21:30:00,742,232,4.93,0,15.7,742
21:35:00,735,232,4.93,0,15.7,735
21:40:00,737,232,4.93,0,15.7,737
21:45:00,740,232,4.92,0,15.8,740
21:50:00,721,232,4.93,0,15.7,721
21:55:00,730,232,4.83,0,15.6,730
22:00:00,736,231,4.92,0,15.7,736
22:05:00,733,232,4.93,0,15.8,733
22:10:00,729,233,4.83,0,15.7,729
22:15:00,724,234,4.83,0,15.8,724
22:20:00,728,235,4.93,0,15.8,728
22:25:00,729,235,4.83,0,15.8,729
22:30:00,728,235,4.83,0,15.6,728
22:35:00,724,235,4.83,0,15.6,724
22:40:00,731,235,4.84,0,15.6,731
22:45:00,729,235,4.83,0,15.6,729
22:50:00,728,236,4.84,0,15.6,728
22:55:00,725,235,4.84,0,15.6,725
23:00:00,729,235,4.83,0,15.5,729
23:05:00,725,233,4.83,0,15.4,725
23:10:00,722,232,4.83,0,15.5,722
23:15:00,723,232,4.83,0,15.5,723
23:20:00,727,232,4.83,0,15.7,727
23:25:00,719,232,4.83,0,15.8,719
23:30:00,722,232,4.83,0,15.6,722
23:35:00,719,232,4.83,0,15.6,719
23:40:00,723,232,4.83,0,15.7,723
23:45:00,721,233,4.83,0,15.6,721
23:50:00,721,234,4.83,0,15.6,721
23:55:00,743,233,4.83,0,15.4,743
0:00:00,731,234,4.83,0,15.5,731
0:05:00,721,233,4.83,0,15.6,721
0:10:00,729,233,4.83,0,15.6,729
0:15:00,722,233,4.83,0,15.6,722
0:20:00,724,232,4.83,0,15.7,724
0:25:00,723,232,4.83,0,15.8,723
0:30:00,726,233,4.83,0,15.7,726
0:35:00,729,233,4.83,0,15.6,729
0:40:00,729,233,4.83,0,15.6,729
0:45:00,731,233,4.83,0,15.6,731
0:50:00,739,233,4.84,0,15.6,739
0:55:00,731,233,4.83,0,15.6,731
1:00:00,728,233,4.83,0,15.6,728
1:05:00,727,233,4.83,0,15.7,727
1:10:00,725,234,4.83,0,15.8,725
1:15:00,726,234,4.84,0,15.8,726
1:20:00,724,233,4.84,0,15.9,724
1:25:00,722,233,4.83,0,15.9,722
1:30:00,725,232,4.83,0,15.9,725
1:35:00,742,232,4.83,0,15.9,742
1:40:00,725,233,4.83,0,15.8,725
1:45:00,732,233,4.84,0,15.8,732
1:50:00,730,233,4.84,0,15.8,730
1:55:00,734,234,4.84,0,15.8,734
2:00:00,726,234,4.84,0,15.8,726
2:05:00,733,235,4.84,0,15.8,733
2:10:00,730,235,4.84,0,15.7,730
2:15:00,725,235,4.84,0,15.7,725
2:20:00,732,235,4.84,0,15.7,732
2:25:00,728,234,4.84,0,15.8,728
2:30:00,729,233,4.84,0,15.7,729
2:35:00,727,233,4.83,0,15.7,727
2:40:00,728,233,4.84,0,15.8,728
2:45:00,736,233,4.83,0,15.8,736
2:50:00,722,233,4.84,0,15.6,722
2:55:00,732,233,4.83,0,15.7,732
3:00:00,728,233,4.83,0,15.5,728
3:05:00,731,233,4.84,0,15.6,731
3:10:00,728,234,4.84,0,15.6,728
3:15:00,728,234,4.84,0,15.7,728
3:20:00,724,233,4.84,0,15.7,724
3:25:00,725,234,4.84,0,15.7,725
3:30:00,725,234,4.84,0,15.6,725
3:35:00,727,233,4.84,0,15.6,727
3:40:00,728,235,4.84,0,15.6,728
3:45:00,729,234,4.83,0,15.6,729
3:50:00,727,234,4.83,0,15.7,727
3:55:00,730,233,4.83,0,15.8,730
4:00:00,731,234,4.83,0,15.8,731
4:05:00,722,232,4.83,0,15.8,722
4:10:00,733,233,4.83,0,15.9,733
4:15:00,730,232,4.83,0,15.9,730
4:20:00,724,232,4.83,0,15.9,724
4:25:00,726,232,4.83,0,15.9,726
4:30:00,732,232,4.83,0,16.1,732
4:35:00,728,232,4.83,0,16.1,728
4:40:00,727,232,4.83,0,16.1,727
4:45:00,729,232,4.83,0,15.9,729
4:50:00,724,232,4.83,0,16,724
4:55:00,738,232,4.83,0,15.7,738
5:00:00,734,233,4.84,0,15.9,734
5:05:00,723,232,4.83,0,16,723
5:10:00,727,233,4.83,0,15.9,727
5:15:00,721,232,4.83,0,15.8,721
5:20:00,718,233,4.83,0,15.7,718
5:25:00,718,234,4.84,0,15.7,718
5:30:00,722,233,4.83,0,15.8,722
5:35:00,720,234,4.83,0,15.7,720
5:40:00,720,233,4.83,0,15.7,720
5:45:00,722,233,4.84,0,15.7,722
5:50:00,721,233,4.83,0,15.7,721
5:55:00,723,232,4.83,0,15.7,723
6:00:00,724,233,4.83,0,15.7,724
6:05:00,722,233,4.83,0,15.8,722
6:10:00,726,233,4.83,0,15.8,726
6:15:00,722,233,4.83,0,15.9,722
6:20:00,724,233,4.83,0,15.7,724
6:25:00,723,233,4.83,0,15.7,723
6:30:00,722,232,4.83,0,15.6,722
6:35:00,726,233,4.83,0,15.6,726
6:40:00,720,232,4.83,0,15.6,720
6:45:00,724,234,4.84,0,15.6,724
6:50:00,726,236,4.85,0,15.7,726
6:55:00,722,234,4.85,0,15.8,722
7:00:00,723,234,4.84,0,15.8,723
7:05:00,718,235,4.84,0,15.7,718
7:10:00,724,234,4.85,0,15.8,724
7:15:00,718,234,4.84,0,15.8,718
7:20:00,721,235,4.85,0,15.7,721
7:25:00,722,235,4.85,0,15.6,722
7:30:00,723,235,4.85,0,15.7,723
7:35:00,722,236,4.85,0,15.7,722
7:40:00,726,235,4.85,0,15.6,726
7:45:00,722,235,4.85,0,15.5,722
7:50:00,721,236,4.85,0,15.3,721
7:55:00,722,235,4.85,4,15.3,718
8:00:00,720,235,4.85,55,15.2,665
8:05:00,723,235,4.85,69,15.1,654
8:10:00,722,235,4.85,90,15,632
8:15:00,729,235,4.85,104,15,625
8:20:00,724,235,4.85,118,14.9,606
8:25:00,723,235,4.85,134,15,589
8:30:00,724,235,4.85,151,15,573
8:35:00,723,235,4.85,160,15,563
8:40:00,727,235,4.84,166,14.9,561
8:45:00,727,234,4.85,175,15,552
8:50:00,723,235,4.85,183,15.1,540
8:55:00,720,235,4.85,179,15.1,541
9:00:00,729,234,4.85,183,15.1,546
9:05:00,727,234,4.84,200,15.2,527
9:10:00,721,235,4.85,217,15.3,504
9:15:00,719,234,4.85,238,15.3,481
9:20:00,720,234,4.85,248,15.3,472
9:25:00,722,234,4.85,252,15.3,470
9:30:00,715,233,4.84,239,15.3,476
9:35:00,718,233,4.84,219,15.3,499
9:40:00,726,233,4.85,233,15.6,493
9:45:00,720,232,4.83,267,15.8,453
9:50:00,720,233,4.84,327,15.9,393
9:55:00,716,233,4.84,339,16.1,377
10:00:00,730,232,4.84,333,16.2,397
10:05:00,727,233,4.84,341,16.3,386
10:10:00,729,232,4.84,383,16.7,346
10:15:00,725,232,4.84,437,17,288
10:20:00,725,232,4.84,474,17.1,251
10:25:00,732,233,4.84,519,17.4,213
10:30:00,721,232,4.84,535,17.3,186
10:35:00,724,231,4.84,557,17.5,167
10:40:00,731,232,4.84,845,17.7,-114
10:45:00,729,232,4.84,949,17.8,-220
10:50:00,727,232,4.84,987,17.9,-260
10:55:00,731,232,4.84,1007,18.1,-276
11:00:00,725,233,4.84,1083,18.3,-358
11:05:00,725,232,4.84,1171,18.4,-446
11:10:00,723,232,4.84,1217,18.4,-494
11:15:00,724,232,4.84,1309,18.6,-585
11:20:00,726,232,4.84,1450,18.8,-724
11:25:00,724,232,4.84,1550,18.8,-826
11:30:00,723,232,4.84,1629,18.9,-906
11:35:00,717,232,4.84,1674,18.9,-957
11:40:00,736,233,4.86,1654,19,-918
11:45:00,734,235,4.85,1648,19.1,-914
11:50:00,735,236,4.86,1643,19.1,-908
11:55:00,734,237,4.86,1679,19.2,-945
12:00:00,734,237,4.86,1767,19.3,-1033
12:05:00,737,236,4.86,1808,19.3,-1071
12:10:00,735,235,4.86,1824,19.4,-1089
12:15:00,733,236,4.86,1798,19.4,-1065
12:20:00,734,237,4.86,1716,19.4,-982
12:25:00,737,236,4.86,1864,19.4,-1127
12:30:00,734,237,4.86,1825,19.5,-1091
12:35:00,740,237,4.85,1920,19.5,-1180
12:40:00,738,237,4.86,1783,19.7,-1045
12:45:00,741,237,4.86,1849,19.7,-1108
12:50:00,733,237,4.86,1566,19.7,-833
12:55:00,733,237,4.86,1409,19.8,-676
13:00:00,733,237,4.86,1588,19.9,-855
13:05:00,734,237,4.86,1770,20,-1036
13:10:00,732,237,4.86,1597,20.1,-865
13:15:00,735,236,4.86,1722,20.1,-987
13:20:00,728,234,4.85,1793,20.2,-1065
13:25:00,730,236,4.86,2023,20.2,-1293
13:30:00,735,236,4.86,2351,20.2,-1616
13:35:00,799,234,5.05,2431,20.3,-1632
13:40:00,831,234,5.25,2443,20.4,-1612
13:45:00,852,234,5.35,2316,20.4,-1464
13:50:00,765,233,4.96,2249,20.5,-1484
13:55:00,770,233,4.95,2124,20.6,-1354
14:00:00,864,234,5.35,1955,20.6,-1091
14:05:00,860,234,5.35,1836,20.6,-976
14:10:00,866,233,5.35,1714,20.5,-848
14:15:00,869,234,5.35,1636,20.5,-767
14:20:00,880,234,5.35,1528,20.5,-648
14:25:00,868,234,5.36,1416,20.5,-548
14:30:00,873,234,5.35,1268,20.5,-395
14:35:00,876,234,5.35,1151,20.4,-275
14:40:00,874,234,5.35,1043,20.4,-169
14:45:00,873,234,5.36,965,20.4,-92
14:50:00,879,234,5.35,900,20.4,-21
14:55:00,875,234,5.35,738,20.4,137
15:00:00,883,234,5.36,597,20.3,286
15:05:00,873,234,5.36,562,20.4,311
15:10:00,874,235,5.36,556,20.3,318
15:15:00,870,235,5.36,501,20.3,369
15:20:00,873,234,5.35,389,20.2,484
15:25:00,872,234,5.35,333,20.2,539
15:30:00,874,234,5.36,322,20.2,552
15:35:00,871,234,5.36,328,20.1,543
15:40:00,874,235,5.36,323,20.1,551
15:45:00,871,234,5.35,321,20.1,550
15:50:00,869,234,5.35,324,20.2,545
15:55:00,872,235,5.35,320,20.1,552
16:00:00,873,235,5.36,307,20.2,566
16:05:00,877,234,5.35,302,20.1,575
16:10:00,869,234,5.36,289,20,580
16:15:00,868,234,5.36,289,20.1,579
16:20:00,870,233,5.35,282,20,588
16:25:00,867,233,5.35,271,19.6,596
16:30:00,869,233,5.35,264,19.6,605
16:35:00,870,233,5.35,259,19.5,611
16:40:00,873,233,5.36,254,19.1,619
16:45:00,873,233,5.35,240,19,633
16:50:00,871,233,5.36,238,18.7,633
16:55:00,873,232,5.35,228,18.5,645
17:00:00,878,233,5.35,217,18.5,661
17:05:00,878,232,5.35,199,18.5,679
17:10:00,868,231,5.35,188,18.5,680
17:15:00,877,232,5.35,166,18.5,711
17:20:00,873,232,5.35,135,18.4,738
17:25:00,867,231,5.35,122,18.2,745
17:30:00,873,230,5.35,100,18.1,773
17:35:00,866,232,5.35,82,18.1,784
17:40:00,865,232,5.35,67,18.2,798
17:45:00,873,232,5.36,54,18.2,819
17:50:00,871,232,5.36,44,18.1,827
17:55:00,883,232,5.36,37,18,846
18:00:00,867,231,5.34,21,17.9,846
18:05:00,868,234,5.34,0,17.7,868
18:10:00,875,235,5.35,0,17.7,875
18:15:00,870,236,5.35,0,17.7,870
18:20:00,870,234,5.34,0,17.6,870
18:25:00,881,233,5.44,0,17.6,881
18:30:00,865,234,5.34,0,17.6,865
18:35:00,873,233,5.34,0,17.6,873
18:40:00,865,234,5.34,0,17.5,865
18:45:00,872,234,5.34,0,17.4,872
18:50:00,877,234,5.34,0,17.2,877
18:55:00,876,234,5.34,0,17.2,876
19:00:00,872,234,5.34,0,17.1,872
19:05:00,882,234,5.44,0,17.1,882
19:10:00,1027,233,5.84,0,17.1,1027
19:15:00,934,233,5.54,0,17.1,934
19:20:00,738,233,4.84,0,17.2,738
19:25:00,730,233,4.84,0,17.1,730
19:30:00,727,234,4.84,0,17,727
19:35:00,734,234,4.84,0,17,734
19:40:00,729,233,4.84,0,16.9,729
19:45:00,733,233,4.85,0,16.9,733
19:50:00,729,233,4.84,0,16.8,729
19:55:00,728,233,4.84,0,16.7,728
20:00:00,741,233,4.84,0,16.6,741
20:05:00,730,233,4.84,0,16.6,730
20:10:00,732,233,4.84,0,16.5,732
20:15:00,733,234,4.84,0,16.5,733
20:20:00,731,234,4.84,0,16.4,731
20:25:00,730,234,4.84,0,16.3,730
20:30:00,730,234,4.84,0,16.3,730
20:35:00,730,234,4.84,0,16.2,730
20:40:00,728,234,4.84,0,16.2,728
20:45:00,731,233,4.84,0,16.1,731
20:50:00,729,232,4.84,0,16.1,729
20:55:00,733,232,4.84,0,16,733
21:00:00,730,233,4.84,0,15.9,730
21:05:00,740,233,4.84,0,15.9,740
21:10:00,739,234,4.84,0,15.9,739
21:15:00,732,234,4.84,0,15.8,732
21:20:00,737,234,4.84,0,15.8,737
21:25:00,737,233,4.94,0,15.7,737
21:30:00,739,233,4.84,0,15.6,739
21:35:00,744,233,4.84,0,15.6,744
21:40:00,738,233,4.84,0,15.6,738
21:45:00,734,233,4.84,0,15.6,734
21:50:00,737,233,4.84,0,15.5,737
21:55:00,741,233,4.84,0,15.4,741
22:00:00,730,233,4.84,0,15.4,730
22:05:00,739,234,4.84,0,15.3,739
22:10:00,744,233,4.94,0,15.3,744
22:15:00,738,233,4.84,0,15.3,738
22:20:00,732,233,4.84,0,15.2,732
22:25:00,735,233,4.85,0,15.2,735
22:30:00,732,233,4.84,0,15.2,732
22:35:00,730,234,4.84,0,15.1,730
22:40:00,734,234,4.84,0,15.1,734
22:45:00,737,234,4.85,0,15,737
22:50:00,743,234,4.84,0,15,743
22:55:00,736,235,4.84,0,14.9,736
23:00:00,733,235,4.84,0,14.9,733
23:05:00,730,235,4.85,0,14.9,730
23:10:00,728,234,4.84,0,14.9,728
23:15:00,731,233,4.84,0,14.9,731
23:20:00,730,231,4.84,0,15,730
23:25:00,723,232,4.84,0,15.1,723
23:30:00,727,232,4.84,0,15.2,727
23:35:00,725,232,4.84,0,15.1,725
23:40:00,722,232,4.84,0,15.1,722
23:45:00,725,233,4.84,0,15.2,725
23:50:00,724,233,4.84,0,15.2,724
23:55:00,727,233,4.84,0,15.2,727
0:00:00,733,233,4.84,0,15.1,733
0:05:00,730,232,4.84,0,15,730
0:10:00,725,232,4.84,0,15.1,725
0:15:00,727,232,4.84,0,15.1,727
0:20:00,727,233,4.84,0,15.1,727
0:25:00,734,233,4.85,0,15,734
0:30:00,734,234,4.85,0,15,734
0:35:00,731,233,4.85,0,15,731
0:40:00,737,233,4.85,0,15,737
0:45:00,729,234,4.85,0,14.9,729
0:50:00,735,234,4.85,0,14.9,735
0:55:00,736,234,4.85,0,14.8,736
1:00:00,743,234,4.85,0,14.8,743
1:05:00,728,235,4.85,0,14.8,728
1:10:00,739,235,4.85,0,14.8,739
1:15:00,733,235,4.85,0,14.7,733
1:20:00,733,235,4.85,0,14.7,733
1:25:00,735,235,4.85,0,14.7,735
1:30:00,734,235,4.85,0,14.7,734
1:35:00,736,233,4.85,0,14.6,736
1:40:00,733,233,4.85,0,14.6,733
1:45:00,729,232,4.85,0,14.6,729
1:50:00,732,232,4.84,0,14.6,732
1:55:00,736,232,4.84,0,14.5,736
2:00:00,731,232,4.84,0,14.4,731
2:05:00,731,231,4.84,0,14.4,731
2:10:00,731,234,4.85,0,14.5,731
2:15:00,724,234,4.85,0,14.5,724
2:20:00,727,234,4.84,0,14.5,727
2:25:00,735,234,4.84,0,14.5,735
2:30:00,730,234,4.84,0,14.4,730
2:35:00,736,234,4.84,0,14.4,736
2:40:00,731,234,4.85,0,14.4,731
2:45:00,732,234,4.85,0,14.4,732
2:50:00,725,234,4.85,0,14.4,725
2:55:00,731,234,4.85,0,14.4,731
3:00:00,731,234,4.84,0,14.4,731
3:05:00,731,234,4.85,0,14.4,731
3:10:00,726,234,4.84,0,14.4,726
3:15:00,721,233,4.84,0,14.4,721
3:20:00,725,234,4.84,0,14.3,725
3:25:00,729,234,4.85,0,14.3,729
3:30:00,731,234,4.84,0,14.4,731
3:35:00,725,235,4.84,0,14.3,725
3:40:00,727,234,4.84,0,14.3,727
3:45:00,729,234,4.86,0,14.3,729
3:50:00,722,234,4.84,0,14.2,722
3:55:00,724,234,4.84,0,14.2,724
4:00:00,729,234,4.84,0,14.1,729
4:05:00,728,234,4.84,0,14.1,728
4:10:00,727,234,4.85,0,14.2,727
4:15:00,731,235,4.84,0,14.2,731
4:20:00,719,233,4.84,0,14.1,719
4:25:00,731,234,4.85,0,14.1,731
4:30:00,728,234,4.84,0,14.2,728
4:35:00,717,234,4.84,0,14.1,717
4:40:00,727,234,4.84,0,14.1,727
4:45:00,726,234,4.84,0,14,726
4:50:00,731,234,4.84,0,14,731
4:55:00,723,234,4.84,0,13.9,723
5:00:00,725,234,4.84,0,14,725
5:05:00,728,235,4.84,0,14,728
5:10:00,723,234,4.85,0,14,723
5:15:00,722,233,4.84,0,14,722
5:20:00,721,233,4.84,0,14,721
5:25:00,721,232,4.84,0,14,721
5:30:00,722,232,4.84,0,14.1,722
5:35:00,722,232,4.84,0,14,722
5:40:00,722,233,4.84,0,14,722
5:45:00,732,232,4.84,0,13.9,732
5:50:00,720,232,4.84,0,14,720
5:55:00,719,233,4.84,0,13.9,719
6:00:00,724,232,4.84,0,14,724
6:05:00,736,232,4.84,0,13.9,736
6:10:00,729,231,4.84,0,13.9,729
6:15:00,727,231,4.84,0,13.9,727
6:20:00,723,230,4.84,0,13.9,723
6:25:00,727,231,4.84,0,13.8,727
6:30:00,723,230,4.84,0,13.8,723
6:35:00,726,230,4.83,0,13.8,726
6:40:00,719,231,4.83,0,13.8,719
6:45:00,725,232,4.84,0,13.8,725
6:50:00,728,232,4.84,0,13.8,728
6:55:00,722,231,4.84,0,13.8,722
7:00:00,727,232,4.84,0,13.8,727
7:05:00,732,232,4.84,0,13.8,732
7:10:00,720,232,4.84,0,13.8,720
7:15:00,726,232,4.74,0,13.9,726
7:20:00,722,231,4.84,0,13.9,722
7:25:00,717,230,4.84,0,13.9,717
7:30:00,726,231,4.84,0,13.9,726
7:35:00,723,231,4.84,17,13.9,706
7:40:00,723,231,4.85,51,13.8,672
7:45:00,723,230,4.84,60,13.8,663
7:50:00,718,230,4.84,65,13.8,653
7:55:00,721,230,4.84,78,13.8,643
8:00:00,720,231,4.84,89,13.8,631
8:05:00,918,231,5.64,99,13.9,819
8:10:00,1960,231,9.94,111,13.9,1849
8:15:00,2097,230,10.54,124,13.9,1973
8:20:00,2120,231,10.54,132,13.9,1988
8:25:00,2133,231,10.54,139,13.9,1994
8:30:00,2117,230,10.54,144,14,1973
8:35:00,2123,231,10.55,154,14.1,1969
8:40:00,2157,231,10.55,163,14.2,1994
8:45:00,2444,231,11.75,172,14.2,2272
8:50:00,2570,231,12.35,177,14.3,2393
8:55:00,2708,231,12.75,180,14.3,2528
9:00:00,2794,231,13.04,187,14.3,2607
9:05:00,2798,230,13.24,195,14.4,2603
9:10:00,2727,231,12.84,203,14.4,2524
9:15:00,3268,230,14.95,207,14.5,3061
9:20:00,3206,230,14.74,217,14.6,2989
9:25:00,3260,230,14.84,222,14.6,3038
9:30:00,3514,230,15.92,230,14.7,3284
9:35:00,4898,229,21.7,236,14.7,4662
9:40:00,5710,227,24.92,242,14.9,5468
9:45:00,5766,229,25.06,247,15.1,5519
9:50:00,5707,228,24.82,253,15.3,5454
9:55:00,4937,227,22.36,255,15.5,4682
10:00:00,4957,226,22,268,15.8,4689
10:05:00,4994,227,22.09,287,16.1,4707
10:10:00,5033,227,22.16,341,16.4,4692
10:15:00,5085,227,23.1,391,16.6,4694
10:20:00,5120,227,23.17,430,17,4690
10:25:00,5302,226,24.29,481,17.4,4821
10:30:00,5844,226,26.41,485,17.7,5359
10:35:00,7169,227,31.51,654,18,6515
10:40:00,5489,229,24.42,780,18.3,4709
10:45:00,5351,228,23.95,910,18.5,4441
10:50:00,5423,228,24.29,963,18.5,4460
10:55:00,5534,229,24.56,989,18.5,4545
11:00:00,5503,228,24.69,1051,18.7,4452
11:05:00,5510,227,24.9,1100,18.9,4410
11:10:00,6544,229,29.1,1205,19,5339
11:15:00,6823,227,30.38,1307,19.1,5516
11:20:00,6930,227,30.87,1442,19,5488
11:25:00,6938,227,30.78,1541,18.6,5397
11:30:00,6307,227,28.03,1552,18.6,4755
11:35:00,6718,227,29.69,1585,18.7,5133
11:40:00,6554,228,28.98,1609,18.7,4945
11:45:00,6504,226,28.99,1620,18.7,4884
11:50:00,6765,227,30.15,1615,18.5,5150
11:55:00,6460,227,28.76,1687,18.7,4773
12:00:00,6304,226,28.01,1719,18.9,4585
12:05:00,6509,227,28.87,1780,18.9,4729
12:10:00,6707,226,30,1806,18.9,4901
12:15:00,6547,227,28.87,1776,19,4771
12:20:00,6350,228,28.1,1721,19.1,4629
12:25:00,6695,228,29.58,1854,19.3,4841
12:30:00,6531,227,28.99,1818,19.4,4713
12:35:00,6048,229,26.84,1936,19.5,4112
12:40:00,4563,229,21.23,1804,19.7,2759
12:45:00,4005,230,18.74,1810,19.7,2195
12:50:00,3955,231,18.58,1572,19.8,2383
12:55:00,4227,230,19.83,1406,20,2821
13:00:00,3702,230,17.43,1546,20.1,2156
13:05:00,4517,230,21.02,1737,20.1,2780
13:10:00,4147,230,19.19,1609,20.3,2538
13:15:00,4258,231,19.62,1698,20.6,2560
13:20:00,4406,230,20.39,1760,20.7,2646
13:25:00,4392,230,19.58,1949,20.8,2443
13:30:00,5792,228,25.67,2326,20.9,3466
13:35:00,5689,228,25.26,2408,21.1,3281
13:40:00,6376,229,28.04,2409,21,3967
13:45:00,5887,228,26.12,2312,21.2,3575
13:50:00,6251,229,27.68,2268,21.3,3983
13:55:00,5991,227,26.66,2132,21.6,3859
14:00:00,5346,230,23.82,1991,21.8,3355
14:05:00,5266,228,23.37,1875,21.9,3391
14:10:00,5114,228,22.56,1713,21.9,3401
14:15:00,5433,229,23.9,1677,22,3756
14:20:00,5110,228,22.46,1607,22,3503
14:25:00,5412,227,24.01,1493,22,3919
14:30:00,5284,229,23.1,1370,22,3914
14:35:00,5577,228,24.71,1258,22,4319
14:40:00,5151,229,22.66,1110,22,4041
14:45:00,5513,228,24.5,1022,22,4491
14:50:00,5033,228,22.47,923,21.9,4110
14:55:00,5525,229,24.61,754,22,4771
15:00:00,5099,229,22.6,602,21.9,4497
15:05:00,5488,228,24.57,545,21.9,4943
15:10:00,5144,228,22.88,563,21.8,4581
15:15:00,5059,229,22.63,513,21.8,4546
15:20:00,4103,229,18.72,428,21.7,3675
15:25:00,5337,228,23.86,362,21.7,4975
15:30:00,5314,229,23.54,383,21.8,4931
15:35:00,5171,228,23.04,382,21.7,4789
15:40:00,4914,229,22.01,370,21.6,4544
15:45:00,3835,230,17.6,365,21.6,3470
15:50:00,4556,229,20.66,361,21.6,4195
15:55:00,3568,231,16.42,361,21.6,3207
16:00:00,3546,230,16.24,347,21.6,3199
16:05:00,3437,231,15.83,344,21.6,3093
16:10:00,3469,231,15.92,332,21.6,3137
16:15:00,3559,230,16.33,332,21.6,3227
16:20:00,3385,230,15.86,325,21.5,3060
16:25:00,3473,230,16.22,313,21.3,3160
16:30:00,3408,231,16.08,308,21.3,3100
16:35:00,3440,231,16.21,303,21.3,3137
16:40:00,3530,229,16.52,296,21.1,3234
16:45:00,3756,231,17.13,285,21,3471
16:50:00,4619,229,20.81,276,21,4343
16:55:00,4256,230,19.17,265,21.2,3991
17:00:00,3780,231,17.33,254,21.2,3526
17:05:00,3758,230,17.26,236,21,3522
17:10:00,3763,230,17.35,224,21,3539
17:15:00,3794,229,17.46,203,20.9,3591
17:20:00,3837,230,17.53,166,20.8,3671
17:25:00,3792,230,17.32,145,20.7,3647
17:30:00,3554,229,16.3,123,20.5,3431
17:35:00,3356,230,15.46,104,20.4,3252
17:40:00,3426,230,15.75,83,20.3,3343
17:45:00,3487,229,15.91,64,20.2,3423
17:50:00,3447,230,15.86,50,20.2,3397
17:55:00,3435,229,15.68,39,20.1,3396
18:00:00,3362,229,15.54,14,20,3348
18:05:00,2819,229,13.03,0,19.9,2819
18:10:00,2908,229,13.43,0,19.7,2908
18:15:00,3070,229,13.93,0,19.7,3070
18:20:00,3074,229,13.99,0,19.6,3074
18:25:00,3028,229,13.67,0,19.5,3028
18:30:00,3009,230,13.47,0,19.3,3009
18:35:00,2876,229,13.08,0,19,2876
18:40:00,2847,229,12.87,0,19.1,2847
18:45:00,2758,229,12.52,0,19.1,2758
18:50:00,2549,229,11.76,0,19,2549
18:55:00,2276,231,10.72,0,19,2276
19:00:00,1751,233,8.83,0,18.8,1751
19:05:00,1723,232,8.73,0,18.8,1723
19:10:00,1485,233,7.93,0,18.8,1485
19:15:00,1481,233,7.83,0,18.8,1481
19:20:00,1484,233,7.83,0,18.7,1484
19:25:00,1485,233,7.83,0,18.5,1485
19:30:00,1491,233,7.73,0,18.4,1491
19:35:00,1423,234,7.53,0,18.4,1423
19:40:00,1436,233,7.53,0,18.5,1436
19:45:00,1438,233,7.53,0,18.4,1438
19:50:00,1429,233,7.43,0,18.3,1429
19:55:00,1454,233,7.63,0,18.2,1454
20:00:00,1335,233,7.03,0,18.1,1335
20:05:00,1008,234,5.83,0,18,1008
20:10:00,1004,234,5.83,0,17.9,1004
20:15:00,1001,234,5.93,0,17.8,1001
20:20:00,1000,235,5.83,0,17.7,1000
20:25:00,1006,234,5.84,0,17.6,1006
20:30:00,1000,235,5.93,0,17.5,1000
20:35:00,972,235,5.63,0,17.4,972
20:40:00,784,235,4.93,0,17.4,784
20:45:00,786,235,4.94,0,17.6,786
20:50:00,785,234,4.94,0,17.6,785
20:55:00,790,235,4.94,0,17.7,790
21:00:00,788,235,4.94,0,17.7,788
21:05:00,792,231,4.93,0,17.7,792
21:10:00,791,231,5.04,0,17.6,791
21:15:00,787,231,5.03,0,17.5,787
21:20:00,796,232,5.03,0,17.5,796
21:25:00,784,232,5.03,0,17.5,784
21:30:00,789,232,4.93,0,17.5,789
21:35:00,788,232,4.93,0,17.5,788
21:40:00,786,232,4.93,0,17.4,786
21:45:00,786,233,4.93,0,17.3,786
21:50:00,782,233,4.94,0,17.2,782
21:55:00,781,233,4.94,0,17.1,781
22:00:00,782,233,4.94,0,17,782
22:05:00,789,233,4.93,0,17,789
22:10:00,787,233,4.93,0,17,787
22:15:00,785,232,4.94,0,17,785
22:20:00,783,232,4.93,0,17.1,783
22:25:00,777,232,4.93,0,17.3,777
22:30:00,779,232,4.93,0,17.2,779
22:35:00,783,232,4.93,0,17.1,783
22:40:00,788,232,4.94,0,17.1,788
22:45:00,780,231,4.93,0,17.1,780
22:50:00,778,232,4.93,0,17.2,778
22:55:00,784,233,5.03,0,17.1,784
23:00:00,783,233,4.93,0,17,783
23:05:00,773,233,4.93,0,16.9,773
23:10:00,783,233,4.93,0,17,783
23:15:00,788,233,4.93,0,17.1,788
23:20:00,779,233,4.93,0,17,779
23:25:00,783,233,4.93,0,17,783
23:30:00,785,234,4.93,0,17.1,785
23:35:00,784,233,5.03,0,17,784
23:40:00,782,234,5.03,0,16.9,782
23:45:00,779,234,4.94,0,16.9,779
23:50:00,779,233,4.94,0,16.9,779
23:55:00,785,232,4.93,0,16.9,785
0:00:00,767,231,4.93,0,16.9,767
0:05:00,767,230,4.93,0,16.8,767
0:10:00,765,232,4.93,0,16.8,765
0:15:00,763,232,4.93,0,16.9,763
0:20:00,762,232,4.93,0,16.8,762
0:25:00,763,232,4.94,0,16.6,763
0:30:00,768,233,4.94,0,16.7,768
0:35:00,766,233,4.93,0,16.8,766
0:40:00,768,232,4.93,0,16.8,768
0:45:00,769,232,5.03,0,16.6,769
0:50:00,760,232,4.93,0,16.7,760
0:55:00,770,233,4.94,0,16.8,770
1:00:00,765,232,4.94,0,16.8,765
1:05:00,771,233,4.93,0,16.8,771
1:10:00,764,233,4.94,0,16.7,764
1:15:00,770,233,4.94,0,16.8,770
1:20:00,769,233,4.93,0,16.9,769
1:25:00,760,233,4.94,0,16.8,760
1:30:00,769,233,4.94,0,16.8,769
1:35:00,766,233,4.94,0,16.8,766
1:40:00,769,233,4.93,0,16.8,769
1:45:00,764,232,4.93,0,16.7,764
1:50:00,766,232,4.93,0,16.6,766
1:55:00,773,233,4.93,0,16.7,773
2:00:00,760,233,4.94,0,16.5,760
2:05:00,772,232,4.93,0,16.5,772
2:10:00,780,233,5.03,0,16.6,780
2:15:00,764,233,4.94,0,16.5,764
2:20:00,761,233,4.94,0,16.6,761
2:25:00,759,233,4.94,0,16.6,759
2:30:00,765,233,4.93,0,16.6,765
2:35:00,768,233,4.93,0,16.6,768
2:40:00,761,233,4.94,0,16.6,761
2:45:00,764,234,4.94,0,16.6,764
2:50:00,766,234,4.93,0,16.5,766
2:55:00,768,234,4.93,0,16.3,768
3:00:00,765,233,4.93,0,16.5,765
3:05:00,767,233,4.94,0,16.5,767
3:10:00,766,233,4.93,0,16.4,766
3:15:00,762,234,4.93,0,16.5,762
3:20:00,762,234,4.93,0,16.4,762
3:25:00,767,233,4.93,0,16.2,767
3:30:00,762,234,4.93,0,16.2,762
3:35:00,760,234,4.93,0,16.1,760
3:40:00,770,234,4.93,0,16.1,770
3:45:00,762,234,5.03,0,16.1,762
3:50:00,760,234,4.93,0,16.1,760
3:55:00,768,234,4.94,0,16,768
4:00:00,773,234,5.03,0,16.1,773
4:05:00,767,235,4.93,0,16.1,767
4:10:00,768,235,4.94,0,16,768
4:15:00,762,235,4.94,0,15.8,762
4:20:00,764,235,4.93,0,15.8,764
4:25:00,764,234,5.04,0,16,764
4:30:00,763,235,4.94,0,16.1,763
4:35:00,767,234,5.04,0,16,767
4:40:00,768,235,4.93,0,16,768
4:45:00,761,235,4.94,0,16.1,761
4:50:00,768,234,5.04,0,15.9,768
4:55:00,779,234,5.03,0,15.9,779
5:00:00,770,234,5.03,0,15.9,770
5:05:00,767,234,5.03,0,15.6,767
5:10:00,765,233,4.93,0,15.6,765
5:15:00,759,233,4.93,0,15.7,759
5:20:00,760,233,4.93,0,15.8,760
5:25:00,758,233,4.93,0,15.8,758
5:30:00,763,233,4.93,0,15.4,763
5:35:00,762,233,4.93,0,15.3,762
5:40:00,773,233,4.93,0,15.4,773
5:45:00,768,233,4.93,0,15.6,768
5:50:00,762,232,4.93,0,15.6,762
5:55:00,765,232,4.93,0,15.5,765
6:00:00,768,232,4.93,0,15.7,768
6:05:00,769,233,5.03,0,15.8,769
6:10:00,759,231,4.93,0,15.8,759
6:15:00,758,231,4.93,0,15.8,758
6:20:00,766,231,5.03,0,15.8,766
6:25:00,766,231,4.93,0,15.9,766
6:30:00,759,231,4.93,0,15.8,759
6:35:00,760,231,4.93,0,15.8,760
6:40:00,762,230,5.03,0,15.9,762
6:45:00,755,230,4.93,0,15.9,755
6:50:00,756,232,4.93,0,15.8,756
6:55:00,758,232,4.93,0,15.8,758
7:00:00,755,232,4.94,0,15.8,755
7:05:00,757,232,4.94,0,15.7,757
7:10:00,756,232,4.94,0,15.6,756
7:15:00,758,231,4.94,0,15.5,758
7:20:00,758,230,5.04,0,15.5,758
7:25:00,760,231,4.94,0,15.5,760
7:30:00,763,230,4.93,0,15.5,763
7:35:00,757,231,4.94,0,15.5,757
7:40:00,755,230,4.94,0,15.4,755
7:45:00,764,230,4.93,0,15.2,764
7:50:00,757,231,4.93,0,14.9,757
7:55:00,755,230,5.03,14,15.1,741
8:00:00,758,230,4.93,56,15.2,702
8:05:00,938,232,5.54,66,15.1,872
8:10:00,2171,230,10.74,80,15,2091
8:15:00,2200,231,10.94,94,15,2106
8:20:00,2205,231,10.83,107,14.8,2098
8:25:00,2194,230,10.84,124,14.9,2070
8:30:00,2190,230,10.84,135,15.1,2055
8:35:00,2215,232,10.94,141,15.2,2074
8:40:00,2204,231,10.84,156,15.2,2048
8:45:00,2183,230,10.84,167,15.3,2016
8:50:00,2359,231,11.44,177,15.3,2182
8:55:00,2784,231,13.14,188,15.2,2596
9:00:00,2868,230,13.44,200,14.9,2668
9:05:00,3946,229,18.24,213,15.1,3733
9:10:00,4022,229,18.65,223,15.1,3799
9:15:00,4151,229,19.13,232,15.3,3919
9:20:00,4188,228,19.27,241,15,3947
9:25:00,4345,228,20.1,246,14.8,4099
9:30:00,4136,228,19.17,255,15,3881
9:35:00,4094,228,19.04,265,15.1,3829
9:40:00,4122,229,19.04,274,15.2,3848
9:45:00,5052,228,22.53,283,15.1,4769
9:50:00,6919,228,30.22,293,15.1,6626
9:55:00,6974,230,30.47,298,14.9,6676
10:00:00,5046,230,22.64,318,15.3,4728
10:05:00,5275,228,23.61,339,15.5,4936
10:10:00,6069,228,26.47,406,15.5,5663
10:15:00,6108,228,26.71,431,15.5,5677
10:20:00,5442,227,23.82,467,15.7,4975
10:25:00,5841,227,25.69,501,15.8,5340
10:30:00,6786,228,29.75,602,15.9,6184
10:35:00,7630,226,33.49,796,16,6834
10:40:00,7427,225,32.68,882,16.1,6545
10:45:00,7331,226,32.19,987,16.1,6344
10:50:00,7171,226,31.6,1035,16.2,6136
10:55:00,7339,227,32.37,1039,16.2,6300
11:00:00,6804,227,30,1117,16.3,5687
11:05:00,6995,229,30.54,1203,16.4,5792
11:10:00,7866,228,34.37,1282,16.5,6584
11:15:00,7816,229,34.16,1347,16.6,6469
11:20:00,7659,229,33.68,1521,16.7,6138
11:25:00,7405,228,32.35,1585,16.6,5820
11:30:00,7366,227,32.33,1605,16.6,5761
11:35:00,5772,228,25.42,1611,16.5,4161
11:40:00,5215,229,23.27,1658,16.6,3557
11:45:00,5021,229,22.64,1649,16.7,3372
11:50:00,5301,229,23.92,1675,16.8,3626
11:55:00,5291,229,23.81,1722,16.9,3569
12:00:00,4904,229,22.08,1774,16.9,3130
12:05:00,5944,229,26.88,1817,17,4127
12:10:00,6158,229,27.58,1868,17.1,4290
12:15:00,5885,229,26.52,1837,17.1,4048
12:20:00,5799,229,26.19,1778,17.1,4021
12:25:00,6153,229,27.66,1907,17.2,4246
12:30:00,5945,230,26.8,1865,17.2,4080
12:35:00,4721,230,21.41,1979,17.2,2742
12:40:00,4655,232,20.73,1870,17.3,2785
12:45:00,4599,232,20.17,1863,17.3,2736
12:50:00,4196,231,18.51,1626,17.3,2570
12:55:00,4750,231,21.05,1490,17.3,3260
13:00:00,5002,232,21.93,1646,17.3,3356
13:05:00,4516,232,19.72,1794,17.3,2722
13:10:00,5191,231,22.76,1711,17.3,3480
13:15:00,5561,231,24.42,1787,17.4,3774
13:20:00,5305,232,23.37,1846,17.4,3459
13:25:00,6085,231,27,1875,17.6,4210
13:30:00,6416,230,28.6,2379,17.6,4037
13:35:00,6497,230,28.9,2459,17.7,4038
13:40:00,6357,230,28.22,2477,17.7,3880
13:45:00,6216,229,27.4,2402,17.7,3814
13:50:00,6508,230,28.68,2413,17.7,4095
13:55:00,6723,229,29.54,2247,17.6,4476
14:00:00,6280,229,27.81,2133,17.8,4147
14:05:00,6363,230,28.02,1951,17.8,4412
14:10:00,5616,230,24.74,1905,17.6,3711
14:15:00,5207,230,23.25,1775,17.5,3432
14:20:00,5570,229,24.83,1670,17.7,3900
14:25:00,5081,228,22.92,1610,17.9,3471
14:30:00,5115,228,23.06,1383,18.1,3732
14:35:00,5556,229,24.84,1012,18.2,4544
14:40:00,5229,229,23.19,1228,18.3,4001
14:45:00,5496,228,24.53,1119,18.3,4377
14:50:00,5544,230,24.41,966,18.4,4578
14:55:00,4974,229,22.01,688,18.5,4286
15:00:00,5524,229,24.88,602,18.4,4922
15:05:00,4922,230,21.99,576,18.5,4346
15:10:00,5102,230,22.49,513,18.4,4589
15:15:00,5010,229,22.09,490,18.6,4520
15:20:00,4694,230,20.68,525,18.7,4169
15:25:00,5518,230,24.13,558,18.7,4960
15:30:00,5132,229,22.43,555,18.6,4577
15:35:00,5500,228,24.02,549,18.7,4951
15:40:00,4718,231,20.73,515,18.7,4203
15:45:00,4097,230,18.21,482,18.7,3615
15:50:00,4041,230,18.25,444,18.8,3597
15:55:00,3568,232,16.28,413,18.6,3155
16:00:00,4168,230,18.77,393,18.5,3775
16:05:00,5125,231,22.42,412,18.5,4713
16:10:00,5003,232,21.83,386,18.4,4617
16:15:00,5268,231,23.12,372,18.2,4896
16:20:00,4609,232,20.31,351,18.1,4258
16:25:00,5191,232,22.83,360,18,4831
16:30:00,4834,231,21.3,341,18,4493
16:35:00,5571,232,24.42,296,18,5275
16:40:00,5059,231,22.21,293,18,4766
16:45:00,3903,232,17.49,286,18,3617
16:50:00,3327,233,14.96,257,18,3070
16:55:00,3295,232,15.08,233,17.9,3062
17:00:00,3303,233,15.06,210,17.8,3093
17:05:00,3314,233,15.07,196,17.7,3118
17:10:00,3269,233,15.02,174,17.6,3095
17:15:00,4037,232,18.03,163,17.5,3874
17:20:00,4134,231,18.42,147,17.4,3987
17:25:00,4207,232,18.72,137,17.4,4070
17:30:00,4126,230,18.52,126,17.2,4000
17:35:00,4169,232,18.52,104,17.1,4065
17:40:00,3204,234,14.55,87,17.1,3117
17:45:00,2605,233,11.96,69,17,2536
17:50:00,2555,234,11.75,51,17,2504
17:55:00,2300,233,10.72,38,16.9,2262
18:00:00,2280,232,10.65,8,16.9,2272
18:05:00,2429,232,11.11,0,16.8,2429
18:10:00,3059,232,13.78,0,16.7,3059
18:15:00,3105,231,14.42,0,16.7,3105
18:20:00,3095,231,14.42,0,16.6,3095
18:25:00,3134,232,14.52,0,16.5,3134
18:30:00,3065,231,14.22,0,16.4,3065
18:35:00,3060,232,14.32,0,16.3,3060
18:40:00,3056,232,14.22,0,16.3,3056
18:45:00,2922,232,13.52,0,16.2,2922
18:50:00,2404,232,11.42,0,16.2,2404
18:55:00,1546,233,7.91,0,16.1,1546
19:00:00,1550,233,7.92,0,16,1550
19:05:00,1539,233,7.81,0,15.9,1539
19:10:00,1519,233,7.71,0,15.9,1519
19:15:00,1498,233,7.71,0,15.9,1498
19:20:00,1497,232,7.61,0,15.9,1497
19:25:00,1784,232,8.74,0,15.9,1784
19:30:00,2752,231,12.75,0,15.8,2752
19:35:00,2698,232,12.62,0,15.7,2698
19:40:00,2699,232,12.52,0,15.8,2699
19:45:00,2633,232,12.21,0,15.9,2633
19:50:00,1419,233,7.42,0,16,1419
19:55:00,1093,233,6.02,0,16,1093
20:00:00,1064,233,6.01,0,15.9,1064
20:05:00,1061,234,5.91,0,15.9,1061
20:10:00,1066,234,6.02,0,15.9,1066
20:15:00,1063,234,6.02,0,15.9,1063
20:20:00,1054,235,5.82,0,15.9,1054
20:25:00,1071,235,6.02,0,15.8,1071
20:30:00,1069,235,6.02,0,15.7,1069
20:35:00,1064,234,6.01,0,15.7,1064
20:40:00,1070,234,6.01,0,15.7,1070
20:45:00,1059,231,6.01,0,15.7,1059
20:50:00,1064,231,5.91,0,15.8,1064
20:55:00,896,231,5.23,0,15.8,896
21:00:00,853,231,5.12,0,15.7,853
21:05:00,850,232,5.12,0,15.6,850
21:10:00,848,231,5.12,0,15.5,848
21:15:00,835,231,5.02,0,15.5,835
21:20:00,842,232,5.12,0,15.5,842
21:25:00,845,232,5.12,0,15.5,845
21:30:00,840,232,5.11,0,15.5,840
21:35:00,844,232,5.12,0,15.6,844
21:40:00,841,232,5.12,0,15.6,841
21:45:00,845,232,5.12,0,15.6,845
21:50:00,843,232,5.12,0,15.6,843
21:55:00,837,233,5.12,0,15.6,837
22:00:00,839,233,5.12,0,15.4,839
22:05:00,837,232,5.13,0,15.4,837
22:10:00,836,232,5.11,0,15.6,836
22:15:00,847,233,5.11,0,15.6,847
22:20:00,838,233,5.12,0,15.5,838
22:25:00,831,233,5.11,0,15.2,831
22:30:00,833,233,5.12,0,15.2,833
22:35:00,833,233,5.12,0,15.3,833
22:40:00,835,233,5.11,0,15.3,835
22:45:00,842,233,5.12,0,15.4,842
22:50:00,833,232,5.02,0,15.5,833
22:55:00,839,233,5.12,0,15.3,839
23:00:00,861,233,5.12,0,15.2,861
23:05:00,863,233,5.22,0,15.2,863
23:10:00,839,233,5.12,0,15.3,839
23:15:00,846,234,5.12,0,15.3,846
23:20:00,842,234,5.12,0,15.2,842
23:25:00,836,233,5.02,0,15.1,836
23:30:00,836,233,5.12,0,15,836
23:35:00,837,231,5.11,0,14.9,837
23:40:00,849,232,5.12,0,14.6,849
23:45:00,832,233,5.12,0,14.7,832
23:50:00,831,233,5.12,0,14.7,831
23:55:00,838,232,5.11,0,14.7,838
0:00:00,840,231,5.11,0,14.7,840
0:05:00,832,233,5.02,0,14.7,832
0:10:00,839,234,5.12,0,14.7,839
0:15:00,836,234,5.01,0,14.6,836
0:20:00,820,235,5.02,0,14.5,820
0:25:00,839,236,5.12,0,14.4,839
0:30:00,845,236,5.12,0,14.3,845
0:35:00,854,236,5.12,0,14.2,854
0:40:00,848,234,5.12,0,14.1,848
0:45:00,846,234,5.12,0,14,846
0:50:00,847,234,5.12,0,13.9,847
0:55:00,833,234,5.02,0,14,833
1:00:00,851,235,5.12,0,14,851
1:05:00,846,234,5.12,0,14,846
1:10:00,849,235,5.12,0,14,849
1:15:00,847,235,5.12,0,13.9,847
1:20:00,843,235,5.12,0,14,843
1:25:00,836,234,5.12,0,14.2,836
1:30:00,834,234,5.12,0,14.3,834
1:35:00,837,233,5.11,0,14.4,837
1:40:00,839,233,5.12,0,14.5,839
1:45:00,844,234,5.12,0,14.6,844
1:50:00,841,234,5.12,0,14.6,841
1:55:00,840,234,5.12,0,14.6,840
2:00:00,851,235,5.12,0,14.6,851
2:05:00,836,234,5.12,0,14.6,836
2:10:00,844,234,5.12,0,14.6,844
2:15:00,842,235,5.11,0,14.6,842
2:20:00,832,234,5.12,0,14.6,832
2:25:00,838,234,5.12,0,14.5,838
2:30:00,837,235,5.12,0,14.5,837
2:35:00,846,234,5.12,0,14.6,846
2:40:00,853,235,5.12,0,14.6,853
2:45:00,852,235,5.12,0,14.6,852
2:50:00,829,234,5.12,0,14.5,829
2:55:00,823,235,5.12,0,14.6,823
3:00:00,824,234,5.01,0,14.5,824
3:05:00,825,233,5.12,0,14.5,825
3:10:00,824,234,5.12,0,14.4,824
3:15:00,825,234,5.02,0,14.4,825
3:20:00,829,233,5.11,0,14.4,829
3:25:00,825,234,5.12,0,14.4,825
3:30:00,826,235,5.11,0,14.5,826
3:35:00,824,234,5.12,0,14.4,824
3:40:00,819,234,5.12,0,14.4,819
3:45:00,821,234,5.12,0,14.4,821
3:50:00,815,234,5.01,0,14.4,815
3:55:00,818,234,5.11,0,14.4,818
4:00:00,826,235,5.12,0,14.4,826
4:05:00,809,234,5.02,0,14.4,809
4:10:00,828,234,5.12,0,14.4,828
4:15:00,828,234,5.11,0,14.3,828
4:20:00,826,234,5.12,0,14.3,826
4:25:00,830,234,5.12,0,14.4,830
4:30:00,826,234,5.12,0,14.3,826
4:35:00,823,233,5.12,0,14.3,823
4:40:00,824,235,5.12,0,14.3,824
4:45:00,813,235,5.02,0,14.3,813
4:50:00,817,235,5.12,0,14.3,817
4:55:00,808,234,5.11,0,14.3,808
5:00:00,815,235,5.12,0,14.3,815
5:05:00,823,234,5.12,0,14.3,823
5:10:00,821,234,5.11,0,14.3,821
5:15:00,822,234,5.12,0,14.3,822
5:20:00,820,234,5.11,0,14.3,820
5:25:00,816,233,5.12,0,14.3,816
5:30:00,818,234,5.11,0,14.3,818
5:35:00,824,233,5.11,0,14.3,824
5:40:00,814,233,5.01,0,14.3,814
5:45:00,822,233,5.11,0,14.3,822
5:50:00,821,233,5.11,0,14.3,821
5:55:00,819,233,5.11,0,14.3,819
6:00:00,816,233,5.01,0,14.2,816
6:05:00,826,232,5.11,0,14.2,826
6:10:00,812,231,5.11,0,14.2,812
6:15:00,816,230,5.11,0,14.2,816
6:20:00,818,230,5.11,0,14.2,818
6:25:00,811,231,5.11,0,14.2,811
6:30:00,808,230,5.11,0,14.2,808
6:35:00,816,231,5.11,0,14.2,816
6:40:00,811,231,5.01,0,14.2,811
6:45:00,816,232,5.12,0,14.1,816
6:50:00,819,231,5.12,0,14.1,819
6:55:00,816,231,5.12,0,14.1,816
7:00:00,812,231,5.12,0,14.1,812
7:05:00,827,231,5.12,0,14,827
7:10:00,820,231,5.12,0,14,820
7:15:00,812,231,5.12,0,14,812
7:20:00,814,231,5.12,0,13.9,814
7:25:00,816,230,5.12,0,13.9,816
7:30:00,823,231,5.12,0,13.9,823
7:35:00,809,231,5.12,0,13.8,809
7:40:00,807,230,5.11,0,13.8,807
7:45:00,930,230,5.52,0,13.8,930
7:50:00,1005,230,5.81,0,13.9,1005
7:55:00,882,229,5.31,18,13.8,864
8:00:00,848,230,5.21,61,13.7,787
8:05:00,987,230,5.72,80,13.8,907
8:10:00,1520,231,8.12,103,13.7,1417
8:15:00,2453,231,11.71,129,13.7,2324
8:20:00,2547,230,12.21,144,13.7,2403
8:25:00,2828,230,13.42,158,13.8,2670
8:30:00,2671,231,12.72,181,13.7,2490
8:35:00,2433,231,11.72,195,13.7,2238
8:40:00,2243,232,10.92,220,13.7,2023
8:45:00,2237,232,10.82,251,13.7,1986
8:50:00,2249,232,10.82,302,13.8,1947
8:55:00,2437,232,11.7,364,13.8,2073
9:00:00,2535,231,12.1,430,13.8,2105
9:05:00,2346,230,11.42,476,13.8,1870
9:10:00,2561,231,12.13,528,13.8,2033
9:15:00,3048,231,13.79,564,13.9,2484
9:20:00,3082,229,14.24,599,13.9,2483
9:25:00,3196,229,14.7,612,13.9,2584
9:30:00,3399,229,15.4,650,14,2749
9:35:00,3441,230,15.7,702,14.2,2739
9:40:00,3449,230,15.59,710,14.5,2739
9:45:00,3439,230,15.61,714,14.7,2725
9:50:00,0,0,0,719,0,-719
9:55:00,0,0,0,704,0,-704
10:00:00,0,0,0,714,0,-714
10:05:00,0,0,0,729,0,-729
10:10:00,0,0,0,723,0,-723
10:15:00,0,0,0,662,0,-662
10:20:00,0,0,0,639,0,-639
10:25:00,0,0,0,660,0,-660
10:30:00,0,0,0,788,0,-788
10:35:00,0,0,0,931,0,-931
10:40:00,0,0,0,1009,0,-1009
10:45:00,0,0,0,1045,0,-1045
10:50:00,0,0,0,1176,0,-1176
10:55:00,0,0,0,1327,0,-1327
11:00:00,0,0,0,1377,0,-1377
11:05:00,0,0,0,1467,0,-1467
11:10:00,0,0,0,1596,0,-1596
11:15:00,0,0,0,1647,0,-1647
11:20:00,0,0,0,1781,0,-1781
11:25:00,0,0,0,1863,0,-1863
11:30:00,0,0,0,1799,0,-1799
11:35:00,0,0,0,1481,0,-1481
11:40:00,0,0,0,1598,0,-1598
11:45:00,0,0,0,1856,0,-1856
11:50:00,0,0,0,1957,0,-1957
11:55:00,6635,230,29.03,1966,16.7,4669
12:00:00,5538,231,24.16,1854,16.8,3684
12:05:00,5158,230,22.69,1827,16.8,3331
12:10:00,5052,230,22.12,1768,16.8,3284
12:15:00,5285,232,23.1,1922,17,3363
12:20:00,4719,231,20.77,2095,17,2624
12:25:00,3791,231,17.56,1979,17,1812
12:30:00,4064,232,18.74,1970,16.9,2094
12:35:00,4061,232,18.78,1992,17.1,2069
12:40:00,3792,233,17.55,1948,17.3,1844
12:45:00,3562,233,16.47,1987,17.3,1575
12:50:00,3683,234,16.94,1800,17.3,1883
12:55:00,3809,233,17.57,1718,17.4,2091
13:00:00,4519,231,20.6,1718,17.6,2801
13:05:00,6155,230,27.32,1738,17.5,4417
13:10:00,7600,229,33.78,1886,17.6,5714
13:15:00,7679,228,33.58,1981,17.8,5698
13:20:00,7621,229,33.18,2036,17.9,5585
13:25:00,6686,229,29.14,1997,18,4689
13:30:00,5549,229,24.52,1878,18,3671
13:35:00,4399,230,19.33,1797,18,2602
13:40:00,4971,229,21.81,1840,18.1,3131
13:45:00,4681,230,20.53,1856,18,2825
13:50:00,4499,230,19.65,2057,18.1,2442
13:55:00,4880,230,21.55,2090,18.3,2790
14:00:00,4527,229,20.07,1793,18.3,2734
14:05:00,4565,230,20.17,1509,18.3,3056
14:10:00,5126,229,22.53,1373,18.4,3753
14:15:00,4665,229,20.51,1346,18.4,3319
14:20:00,4986,228,22.06,1530,18.7,3456
14:25:00,5104,229,22.43,1355,18.7,3749
14:30:00,4652,230,20.21,1446,18.6,3206
14:35:00,5089,229,22.76,1385,18.7,3704
14:40:00,5181,229,22.53,1388,18.8,3793
14:45:00,5258,229,22.9,1165,18.7,4093
14:50:00,5530,229,24.09,1140,18.8,4390
14:55:00,4962,229,21.71,964,19,3998
15:00:00,5546,228,24.35,954,19.1,4592
15:05:00,5184,229,22.72,934,19.2,4250
15:10:00,5321,229,23.23,893,19,4428
15:15:00,5535,229,23.72,824,19,4711
15:20:00,5083,229,22.13,811,18.9,4272
15:25:00,4388,230,19.75,842,18.9,3546
15:30:00,3768,230,17.06,838,18.8,2930
15:35:00,4356,229,19.67,839,19,3517
15:40:00,3799,229,17.19,829,19,2970
15:45:00,4335,229,19.51,796,19.1,3539
15:50:00,3871,229,17.4,748,19.2,3123
15:55:00,4029,230,18.21,692,19.2,3337
16:00:00,3953,230,18.02,632,19.3,3321
16:05:00,3850,228,17.35,609,19.2,3241
16:10:00,4097,228,18.62,603,19.2,3494
16:15:00,3718,228,16.89,597,19.2,3121
16:20:00,4026,228,18.25,607,19.3,3419
16:25:00,3539,228,16.08,602,19.3,2937
16:30:00,3960,228,18.07,555,19.2,3405
16:35:00,3507,228,15.95,490,19.1,3017
16:40:00,4020,229,18.13,424,18.9,3596
16:45:00,3491,230,15.91,350,18.9,3141
16:50:00,3588,229,16.15,282,18.9,3306
16:55:00,3512,230,15.67,241,18.9,3271
17:00:00,3545,230,15.9,225,18.8,3320
17:05:00,3563,230,16.23,218,18.6,3345
17:10:00,3591,230,16.55,215,18.5,3376
17:15:00,3580,231,16.66,223,18.4,3357
17:20:00,3552,231,16.46,228,18.4,3324
17:25:00,3484,231,16.31,224,18.5,3260
17:30:00,3437,231,15.44,195,18.4,3242
17:35:00,3468,230,15.77,152,18.3,3316
17:40:00,3486,231,16.17,106,18.2,3380
17:45:00,3498,231,16.3,69,18.2,3429
17:50:00,3487,230,16.37,43,18,3444
17:55:00,3361,230,15.6,33,17.9,3328
18:00:00,2894,230,13.74,7,17.7,2887
18:05:00,2642,230,12.37,0,17.6,2642
18:10:00,2529,230,11.77,0,17.5,2529
18:15:00,2513,230,11.66,0,17.4,2513
18:20:00,2402,231,10.96,0,17.3,2402
18:25:00,2307,231,10.75,0,17.3,2307
18:30:00,2310,230,10.86,0,17.2,2310
18:35:00,2291,230,10.77,0,17.1,2291
18:40:00,2289,231,10.75,0,16.9,2289
18:45:00,2328,230,10.96,0,16.8,2328
18:50:00,2310,230,10.75,0,16.7,2310
18:55:00,2106,231,10.02,0,16.7,2106
19:00:00,2013,231,9.64,0,16.7,2013
19:05:00,1789,231,8.54,0,16.7,1789
19:10:00,1611,232,7.74,0,16.6,1611
19:15:00,1479,232,7.25,0,16.5,1479
19:20:00,1424,231,6.95,0,16.4,1424
19:25:00,1682,232,8.07,0,16.4,1682
19:30:00,1582,232,7.67,0,16.3,1582
19:35:00,1087,232,5.65,0,16.2,1087
19:40:00,929,232,5.12,0,16.2,929
19:45:00,932,233,5.12,0,16.2,932
19:50:00,923,233,5.12,0,16.2,923
19:55:00,927,232,5.12,0,16.1,927
20:00:00,921,233,5.02,0,15.9,921
20:05:00,937,233,5.07,0,15.9,937
20:10:00,924,233,5.03,0,15.9,924
20:15:00,929,233,5.12,0,15.8,929
20:20:00,913,234,5.12,0,15.8,913
20:25:00,927,233,5.03,0,15.7,927
20:30:00,916,234,5.13,0,15.8,916
20:35:00,934,234,5.13,0,15.8,934
20:40:00,924,234,5.13,0,15.6,924
20:45:00,931,235,5.13,0,15.6,931
20:50:00,926,235,5.03,0,15.6,926
20:55:00,919,235,5.13,0,15.7,919
21:00:00,920,235,5.13,0,15.6,920
21:05:00,927,235,5.13,0,15.6,927
21:10:00,919,235,5.13,0,15.6,919
21:15:00,927,236,5.13,0,15.6,927
21:20:00,932,235,5.13,0,15.5,932
21:25:00,936,235,5.13,0,15.6,936
21:30:00,924,235,5.03,0,15.5,924
21:35:00,923,233,5.03,0,15.4,923
21:40:00,933,233,5.13,0,15.4,933
21:45:00,940,233,5.13,0,15.5,940
21:50:00,930,232,5.03,0,15.5,930
21:55:00,929,231,5.12,0,15.3,929
22:00:00,914,232,5.03,0,15.3,914
22:05:00,923,232,5.02,0,15.4,923
22:10:00,929,232,5.12,0,15.4,929
22:15:00,934,231,5.13,0,15.3,934
22:20:00,931,232,5.12,0,15.3,931
22:25:00,926,232,5.03,0,15.2,926
22:30:00,926,232,5.03,0,15.3,926
22:35:00,929,232,5.13,0,15.4,929
22:40:00,925,232,5.13,0,15.3,925
22:45:00,933,233,5.13,0,15.2,933
22:50:00,929,233,5.13,0,15.3,929
22:55:00,924,234,5.03,0,15.2,924
23:00:00,920,233,5.13,0,15.1,920
23:05:00,919,234,5.26,0,15.2,919
23:10:00,911,232,5.13,0,15.2,911
23:15:00,912,232,5.03,0,15.2,912
23:20:00,911,232,5.13,0,15.2,911
23:25:00,907,232,5.04,0,15,907
23:30:00,915,232,5.13,0,15,915
23:35:00,926,232,5.13,0,14.9,926
23:40:00,917,232,5.13,0,15.1,917
23:45:00,911,232,5.13,0,15,911
23:50:00,902,232,5.13,0,15,902
23:55:00,897,232,5.03,0,14.8,897
0:00:00,940,232,5.13,0,14.9,940
0:05:00,933,230,5.13,0,14.9,933
0:10:00,911,230,5.03,0,14.8,911
0:15:00,901,231,5.13,0,14.5,901
0:20:00,905,231,5.13,0,14.6,905
0:25:00,904,231,5.03,0,14.8,904
0:30:00,897,232,5.02,0,14.7,897
0:35:00,917,232,5.13,0,14.7,917
0:40:00,906,232,5.13,0,14.7,906
0:45:00,904,232,5.13,0,14.6,904
0:50:00,909,232,5.13,0,14.6,909
0:55:00,911,232,5.13,0,14.6,911
1:00:00,897,232,5.13,0,14.5,897
1:05:00,919,232,5.13,0,14.6,919
1:10:00,911,232,5.13,0,14.6,911
1:15:00,910,232,5.13,0,14.6,910
1:20:00,907,232,5.03,0,14.4,907
1:25:00,906,232,5.03,0,14.2,906
1:30:00,907,232,5.13,0,14.2,907
1:35:00,908,233,5.13,0,14.3,908
1:40:00,909,233,5.13,0,14.2,909
1:45:00,914,232,5.13,0,14.2,914
1:50:00,908,232,5.03,0,14.2,908
1:55:00,907,232,5.13,0,14.2,907
2:00:00,906,233,5.03,0,14.1,906
2:05:00,905,232,5.03,0,14.1,905
2:10:00,904,233,5.13,0,14.1,904
2:15:00,906,233,5.13,0,14.1,906
2:20:00,911,232,5.04,0,14.1,911
2:25:00,900,232,5.04,0,13.9,900
2:30:00,903,233,5.13,0,14,903
2:35:00,912,233,5.03,0,14,912
2:40:00,903,233,5.03,0,13.9,903
2:45:00,902,233,5.03,0,13.7,902
2:50:00,907,233,5.02,0,13.7,907
2:55:00,896,232,5.03,0,13.8,896
3:00:00,906,232,5.13,0,13.7,906
3:05:00,913,232,5.13,0,13.8,913
3:10:00,913,232,5.12,0,13.8,913
3:15:00,901,232,5.13,0,13.6,901
3:20:00,912,232,5.13,0,13.7,912
3:25:00,906,232,5.03,0,13.7,906
3:30:00,904,233,5.03,0,13.6,904
3:35:00,902,233,5.03,0,13.4,902
3:40:00,911,232,5.13,0,13.4,911
3:45:00,923,232,5.15,0,13.3,923
3:50:00,929,232,5.15,0,13.3,929
3:55:00,930,232,5.15,0,13.3,930
4:00:00,926,232,5.15,0,13.4,926
4:05:00,943,233,5.25,0,13.3,943
4:10:00,920,233,5.15,0,13.4,920
4:15:00,907,232,5.13,0,13.4,907
4:20:00,919,233,5.13,0,13.3,919
4:25:00,903,233,5.03,0,13.3,903
4:30:00,917,233,5.13,0,13.2,917
4:35:00,912,233,5.03,0,13.1,912
4:40:00,909,233,5.13,0,13.2,909
4:45:00,911,234,5.13,0,13.1,911
4:50:00,910,233,5.13,0,13.1,910
4:55:00,913,233,5.13,0,13.2,913
5:00:00,909,233,5.14,0,13.2,909
5:05:00,914,233,5.13,0,13.1,914
5:10:00,918,233,5.13,0,13.1,918
5:15:00,904,232,5.13,0,13,904
5:20:00,920,232,5.12,0,13,920
5:25:00,907,232,5.13,0,13,907
5:30:00,898,232,5.03,0,12.9,898
5:35:00,904,232,5.03,0,12.9,904
5:40:00,896,231,5.03,0,12.8,896
5:45:00,903,232,5.13,0,12.8,903
5:50:00,902,231,5.13,0,12.8,902
5:55:00,904,231,5.13,0,12.8,904
6:00:00,903,232,5.03,0,12.8,903
6:05:00,906,231,5.12,0,12.8,906
6:10:00,899,230,5.02,0,12.7,899
6:15:00,906,231,5.12,0,12.6,906
6:20:00,905,231,5.12,0,12.5,905
6:25:00,903,232,5.02,0,12.6,903
6:30:00,890,231,5.12,0,12.7,890
6:35:00,902,231,5.12,0,12.6,902
6:40:00,900,231,5.02,0,12.6,900
6:45:00,908,230,5.13,0,12.7,908
6:50:00,905,230,5.13,0,12.6,905
6:55:00,907,230,5.13,0,12.6,907
7:00:00,910,230,5.13,0,12.7,910
7:05:00,910,230,5.13,0,12.7,910
7:10:00,886,230,5.13,0,12.8,886
7:15:00,897,229,5.13,0,12.8,897
7:20:00,901,230,5.13,0,12.8,901
7:25:00,899,230,5.03,0,12.9,899
7:30:00,895,230,5.03,0,12.7,895
7:35:00,893,229,5.13,0,12.7,893
7:40:00,901,229,5.03,0,12.9,901
7:45:00,899,229,5.13,0,13,899
7:50:00,903,230,5.13,0,13.1,903
7:55:00,0,0,0,0,0,0
8:00:00,0,0,0,13,0,-13
8:05:00,0,0,0,55,0,-55
8:10:00,0,0,0,63,0,-63
8:15:00,0,0,0,88,0,-88
8:20:00,0,0,0,103,0,-103
8:25:00,0,0,0,127,0,-127
8:30:00,0,0,0,97,0,-97
8:35:00,0,0,0,83,0,-83
8:40:00,0,0,0,145,0,-145
8:45:00,0,0,0,279,0,-279
8:50:00,0,0,0,258,0,-258
8:55:00,0,0,0,326,0,-326
9:00:00,0,0,0,397,0,-397
9:05:00,0,0,0,478,0,-478
9:10:00,0,0,0,418,0,-418
9:15:00,0,0,0,480,0,-480
9:20:00,0,0,0,422,0,-422
9:25:00,0,0,0,216,0,-216
9:30:00,0,0,0,196,0,-196
9:35:00,0,0,0,178,0,-178
9:40:00,0,0,0,655,0,-655
9:45:00,0,0,0,879,0,-879
9:50:00,0,0,0,722,0,-722
9:55:00,0,0,0,434,0,-434
10:00:00,0,0,0,460,0,-460
10:05:00,0,0,0,503,0,-503
10:10:00,0,0,0,553,0,-553
10:15:00,0,0,0,537,0,-537
10:20:00,0,0,0,521,0,-521
10:25:00,0,0,0,611,0,-611
10:30:00,0,0,0,823,0,-823
10:35:00,0,0,0,1002,0,-1002
10:40:00,0,0,0,1046,0,-1046
10:45:00,0,0,0,1117,0,-1117
10:50:00,0,0,0,1208,0,-1208
10:55:00,0,0,0,1245,0,-1245
11:00:00,0,0,0,1286,0,-1286
11:05:00,0,0,0,1349,0,-1349
11:10:00,0,0,0,1399,0,-1399
11:15:00,7309,226,32.42,1455,17.3,5854
11:20:00,8194,226,36.26,1603,17.4,6591
11:25:00,5798,227,26.32,1677,17.5,4121
11:30:00,7278,227,32.28,1684,17.7,5594
11:35:00,6349,227,28.67,1756,17.7,4593
11:40:00,6008,226,26.94,1806,17.5,4202
11:45:00,6317,226,28.09,1719,17.5,4598
11:50:00,5678,227,25.6,1873,17.7,3805
11:55:00,7100,227,31.54,1728,17.8,5372
12:00:00,5131,228,23.25,1457,17.9,3674
12:05:00,7184,229,31.71,1641,17.9,5543
12:10:00,5504,229,24.8,1805,17.7,3699
12:15:00,6685,227,29.77,2270,17.5,4415
12:20:00,5406,228,24.23,1964,17.9,3442
12:25:00,7048,228,31.29,1809,18,5239
12:30:00,5286,228,23.61,1544,18,3742
12:35:00,6663,228,29.75,1786,18.1,4877
12:40:00,5466,228,24.56,2094,18.3,3372
12:45:00,6106,228,27.34,928,18.3,5178
12:50:00,4879,231,22.14,1206,18.4,3673
12:55:00,3513,231,16.48,1328,18.3,2185
13:00:00,3747,230,17.52,1675,18.2,2072
13:05:00,2992,231,14.36,1549,18.3,1443
13:10:00,3007,230,14.45,1821,18.6,1186
13:15:00,3234,230,15.3,1376,18.8,1858
13:20:00,3232,231,15.26,1519,18.6,1713
13:25:00,3230,230,15.17,1729,18.8,1501
13:30:00,3177,230,14.88,1436,18.9,1741
13:35:00,3244,230,15.21,1660,19,1584
13:40:00,3437,229,16.23,2581,19.1,856
13:45:00,3508,229,16.52,2451,19.1,1057
13:50:00,3509,230,16.62,2786,19.3,723
13:55:00,3550,229,16.53,1972,19.3,1578
14:00:00,3584,230,16.56,1701,19.3,1883
14:05:00,3808,230,17.69,2177,19.3,1631
14:10:00,3830,230,17.58,2384,19.5,1446
14:15:00,3806,230,17.56,2043,19.4,1763
14:20:00,3784,229,17.51,1367,19.2,2417
14:25:00,3755,228,17.39,1369,19.4,2386
14:30:00,3799,229,17.75,1067,19.4,2732
14:35:00,3805,229,17.77,903,19.4,2902
14:40:00,3761,229,17.27,754,19.4,3007
14:45:00,3671,230,16.81,732,19.4,2939
14:50:00,3658,230,16.84,856,19.4,2802
14:55:00,3643,229,16.75,789,19.4,2854
15:00:00,3657,229,16.89,861,19.4,2796
15:05:00,3663,230,16.85,879,19.4,2784
15:10:00,3657,230,16.85,660,19.4,2997
15:15:00,3653,230,16.88,639,19.4,3014
15:20:00,3645,230,16.87,798,19.4,2847
15:25:00,3652,229,16.83,884,19.4,2768
15:30:00,3646,229,16.83,803,19.4,2843
15:35:00,3638,230,16.8,757,19.4,2881
15:40:00,3632,229,16.78,711,19.4,2921
15:45:00,3593,229,16.62,690,19.4,2903
15:50:00,3524,229,16.26,601,19.4,2923
15:55:00,3524,229,16.24,617,19.4,2907
16:00:00,3563,230,16.43,541,19.4,3022
16:05:00,3509,229,16.18,488,19.4,3021
16:10:00,3495,229,16.14,582,19.4,2913
16:15:00,3549,229,16.42,513,19.4,3036
16:20:00,3500,229,16.18,852,19.4,2648
16:25:00,3499,230,16.17,616,19.4,2883
16:30:00,3493,230,16.16,414,19.4,3079
16:35:00,3500,230,16.17,378,19.4,3122
16:40:00,3495,230,16.14,369,19.4,3126
16:45:00,3299,230,15.09,372,17.6,2927
16:50:00,3225,230,14.92,364,16.5,2861
16:55:00,3331,230,15.38,297,16.7,3034
17:00:00,3420,231,15.63,229,16.9,3191
17:05:00,3423,231,15.73,256,17,3167
17:10:00,3432,231,15.72,276,16.9,3156
17:15:00,3371,231,15.44,269,17,3102
17:20:00,3087,231,14.18,238,17,2849
17:25:00,2921,232,13.48,189,16.8,2732
17:30:00,2932,232,13.49,156,16.8,2776
17:35:00,2853,231,13.19,128,16.8,2725
17:40:00,2632,231,12.43,108,16.8,2524
17:45:00,2689,231,12.55,85,16.8,2604
17:50:00,2656,231,12.43,71,16.8,2585
17:55:00,2641,231,12.43,47,16.7,2594
18:00:00,2532,231,12.02,34,16.6,2498
18:05:00,2528,231,11.92,2,16.5,2526
18:10:00,2414,230,11.65,0,16.3,2414
18:15:00,1990,230,9.95,0,16.4,1990
18:20:00,1959,231,9.95,0,16.3,1959
18:25:00,1935,230,9.68,0,16.3,1935
18:30:00,1940,230,9.82,0,16.2,1940
18:35:00,1937,230,9.69,0,16,1937
18:40:00,1929,230,9.69,0,16,1929
18:45:00,1899,230,9.72,0,16,1899
18:50:00,1785,231,9.22,0,15.9,1785
18:55:00,1596,231,8.49,0,15.8,1596
19:00:00,1602,231,8.52,0,15.9,1602
19:05:00,1603,231,8.55,0,15.9,1603
19:10:00,1418,231,7.78,0,15.9,1418
19:15:00,1382,231,7.62,0,15.8,1382
19:20:00,1383,231,7.52,0,15.8,1383
19:25:00,1109,231,6.19,0,15.8,1109
19:30:00,1025,231,5.82,0,15.7,1025
19:35:00,1028,231,5.83,0,15.6,1028
19:40:00,1028,232,5.82,0,15.6,1028
19:45:00,1028,232,5.83,0,15.5,1028
19:50:00,1032,232,5.83,0,15.5,1032
19:55:00,1027,232,5.83,0,15.4,1027
20:00:00,1027,232,5.83,0,15.3,1027
20:05:00,1028,233,5.83,0,15.3,1028
20:10:00,1032,233,5.83,0,15.2,1032
20:15:00,1026,233,5.83,0,15.2,1026
20:20:00,1029,233,5.83,0,15.1,1029
20:25:00,1032,233,5.83,0,15,1032
20:30:00,1029,233,5.83,0,15,1029
20:35:00,1026,233,5.83,0,15,1026
20:40:00,1028,234,5.82,0,15,1028
20:45:00,1025,234,5.83,0,15,1025
20:50:00,1023,233,5.82,0,14.9,1023
20:55:00,1028,233,5.82,0,15,1028
21:00:00,1025,233,5.82,0,15.1,1025
21:05:00,1025,233,5.82,0,15.1,1025
21:10:00,1023,233,5.82,0,15,1023
21:15:00,1031,234,5.83,0,15.1,1031
21:20:00,1021,234,5.82,0,15.1,1021
21:25:00,1026,234,5.83,0,15.1,1026
21:30:00,1032,234,5.83,0,15.2,1032
21:35:00,1029,235,5.83,0,15,1029
21:40:00,1030,234,5.82,0,15,1030
21:45:00,1029,235,5.84,0,14.9,1029
21:50:00,1028,236,5.83,0,14.9,1028
21:55:00,1027,235,5.83,0,14.9,1027
22:00:00,1023,233,5.82,0,14.9,1023
22:05:00,1019,233,5.83,0,15,1019
22:10:00,1027,233,5.83,0,15,1027
22:15:00,1034,233,5.83,0,14.9,1034
22:20:00,1031,234,5.83,0,15,1031
22:25:00,1036,233,5.83,0,15,1036
22:30:00,1029,233,5.83,0,15,1029
22:35:00,1034,234,5.83,0,14.9,1034
22:40:00,1026,233,5.83,0,14.9,1026
22:45:00,1026,233,5.83,0,14.9,1026
22:50:00,1031,234,5.83,0,14.8,1031
22:55:00,1024,234,5.83,0,14.8,1024
23:00:00,1025,234,5.83,0,14.8,1025
23:05:00,1021,234,5.83,0,14.7,1021
23:10:00,1018,233,5.86,0,14.7,1018
23:15:00,1010,233,5.83,0,14.7,1010
23:20:00,1016,233,5.83,0,14.8,1016
23:25:00,1015,234,5.83,0,14.8,1015
23:30:00,1009,234,5.83,0,14.8,1009
23:35:00,1012,233,5.83,0,14.8,1012
23:40:00,1013,233,5.83,0,14.8,1013
23:45:00,1005,233,5.83,0,14.9,1005
23:50:00,1018,233,5.83,0,14.9,1018
23:55:00,1018,234,5.83,0,14.9,1018
0:00:00,1007,234,5.83,0,14.9,1007
0:05:00,1011,232,5.83,0,14.9,1011
0:10:00,1010,232,5.83,0,14.9,1010
0:15:00,1014,233,5.83,0,14.9,1014
0:20:00,1008,233,5.83,0,15,1008
0:25:00,1008,234,5.83,0,15,1008
0:30:00,1015,234,5.82,0,15,1015
0:35:00,1009,233,5.83,0,15,1009
0:40:00,1008,234,5.83,0,15,1008
0:45:00,1008,234,5.83,0,14.8,1008
0:50:00,1009,234,5.83,0,14.9,1009
0:55:00,1006,234,5.83,0,15,1006
1:00:00,1013,234,5.83,0,15,1013
1:05:00,1012,234,5.83,0,14.9,1012
1:10:00,1009,234,5.83,0,14.8,1009
1:15:00,1015,234,5.83,0,14.8,1015
1:20:00,1018,235,5.83,0,14.8,1018
1:25:00,1005,235,5.83,0,14.9,1005
1:30:00,1008,235,5.83,0,14.9,1008
1:35:00,1008,235,5.83,0,14.9,1008
1:40:00,1011,235,5.83,0,14.8,1011
1:45:00,1009,234,5.83,0,14.8,1009
1:50:00,1003,235,5.83,0,14.8,1003
1:55:00,1005,235,5.83,0,14.8,1005
2:00:00,1007,235,5.83,0,14.7,1007
2:05:00,1006,235,5.83,0,14.7,1006
2:10:00,1010,234,5.83,0,14.8,1010
2:15:00,1012,234,5.83,0,14.7,1012
2:20:00,1017,234,5.83,0,14.7,1017
2:25:00,1007,234,5.83,0,14.7,1007
2:30:00,1007,235,5.83,0,14.8,1007
2:35:00,1013,235,5.83,0,14.7,1013
2:40:00,1011,235,5.83,0,14.8,1011
2:45:00,1013,235,5.83,0,14.7,1013
2:50:00,1010,235,5.83,0,14.7,1010
2:55:00,1012,235,5.82,0,14.7,1012
3:00:00,1007,235,5.83,0,14.7,1007
3:05:00,1013,235,5.83,0,14.7,1013
3:10:00,1010,235,5.83,0,14.7,1010
3:15:00,1013,235,5.83,0,14.7,1013
3:20:00,1005,235,5.83,0,14.8,1005
3:25:00,1008,235,5.83,0,14.8,1008
3:30:00,1015,235,5.83,0,14.8,1015
3:35:00,1012,235,5.83,0,14.7,1012
3:40:00,1007,235,5.83,0,14.8,1007
3:45:00,1007,235,5.83,0,14.8,1007
3:50:00,1015,235,5.83,0,14.8,1015
3:55:00,1009,235,5.83,0,14.8,1009
4:00:00,1005,235,5.93,0,14.8,1005
4:05:00,1016,235,5.83,0,14.7,1016
4:10:00,1018,236,5.86,0,14.7,1018
4:15:00,1008,235,5.83,0,14.7,1008
4:20:00,1015,235,5.83,0,14.7,1015
4:25:00,1009,235,5.83,0,14.7,1009
4:30:00,1025,235,5.83,0,14.6,1025
4:35:00,1005,234,5.83,0,14.6,1005
4:40:00,1004,235,5.83,0,14.7,1004
4:45:00,1005,235,5.83,0,14.6,1005
4:50:00,1009,235,5.82,0,14.6,1009
4:55:00,1005,234,5.83,0,14.6,1005
5:00:00,1007,234,5.83,0,14.6,1007
5:05:00,1008,234,5.83,0,14.6,1008
5:10:00,1005,234,5.83,0,14.5,1005
5:15:00,1005,234,5.83,0,14.3,1005
5:20:00,1011,235,5.83,0,14.3,1011
5:25:00,1007,234,5.83,0,14.2,1007
5:30:00,1007,234,5.83,0,14.1,1007
5:35:00,1010,234,5.83,0,14.2,1010
5:40:00,1005,233,5.82,0,14.2,1005
5:45:00,1004,233,5.83,0,14,1004
5:50:00,1007,233,5.82,0,14,1007
5:55:00,1004,233,5.82,0,13.9,1004
6:00:00,1012,233,5.82,0,13.8,1012
6:05:00,1003,233,5.82,0,13.6,1003
6:10:00,996,233,5.82,0,13.5,996
6:15:00,1005,232,5.82,0,13.7,1005
6:20:00,1004,233,5.82,0,13.8,1004
6:25:00,1002,232,5.82,0,14,1002
6:30:00,1004,232,5.82,0,14.2,1004
6:35:00,1007,232,5.82,0,14.1,1007
6:40:00,1002,232,5.82,0,13.9,1002
6:45:00,999,231,5.82,0,13.7,999
6:50:00,1002,232,5.83,0,14,1002
6:55:00,998,231,5.83,0,14.1,998
7:00:00,1004,231,5.83,0,13.9,1004
7:05:00,1000,231,5.83,0,14,1000
7:10:00,1004,231,5.83,0,13.9,1004
7:15:00,1003,231,5.83,0,14,1003
7:20:00,1006,230,5.83,0,14,1006
7:25:00,1006,231,5.83,0,13.9,1006
7:30:00,1000,231,5.83,0,14.1,1000
7:35:00,996,230,5.83,0,14.1,996
7:40:00,1001,231,5.83,0,14.3,1001
7:45:00,995,231,5.83,0,14.4,995
7:50:00,1065,229,6.03,0,14.2,1065
7:55:00,1078,230,6.13,0,14.2,1078
8:00:00,1077,231,6.13,0,14.2,1077
8:05:00,1094,232,6.14,0,14.1,1094
8:10:00,1086,232,6.14,66,14,1020
8:15:00,1113,232,6.33,100,14.1,1013
8:20:00,1117,231,6.33,105,14,1012
8:25:00,1117,233,6.34,73,14,1044
8:30:00,1117,233,6.23,87,13.9,1030
8:35:00,1120,233,6.33,132,14,988
8:40:00,1122,233,6.33,112,14,1010
8:45:00,1143,233,6.43,127,14.1,1016
8:50:00,1412,232,7.33,186,14,1226
8:55:00,1457,232,7.63,112,14.1,1345
9:00:00,1454,233,7.63,77,14,1377
9:05:00,1442,233,7.63,97,14.1,1345
9:10:00,1520,232,7.89,145,14.3,1375
9:15:00,1929,232,8.96,128,14.4,1801
9:20:00,2041,232,10.09,133,14.5,1908
9:25:00,2482,231,12.1,300,14.5,2182
9:30:00,2669,232,12.56,403,14.6,2266
9:35:00,2774,232,13.06,272,14.5,2502
9:40:00,2768,230,12.98,311,14.4,2457
9:45:00,2790,231,13.07,328,14.7,2462
9:50:00,3000,232,13.96,306,14.9,2694
9:55:00,3022,231,14.09,485,15,2537
10:00:00,3020,231,14.08,609,15,2411
10:05:00,3027,232,14.11,425,15,2602
10:10:00,3026,232,14.1,446,15,2580
10:15:00,3503,232,16.21,634,15,2869
10:20:00,5063,232,23.06,614,15,4449
10:25:00,5060,231,22.98,514,15,4546
10:30:00,4369,232,19.91,438,15,3931
10:35:00,3239,232,15.77,525,15.6,2714
10:40:00,3815,232,18.08,604,15.6,3211
10:45:00,3526,231,16.89,630,15.6,2896
10:50:00,3817,232,18.22,545,15.8,3272
10:55:00,3691,232,17.69,632,15.8,3059
11:00:00,3681,232,17.68,470,15.8,3211
11:05:00,3382,232,16.06,416,15.8,2966
11:10:00,3376,232,15.42,373,15.8,3003
11:15:00,3400,232,15.49,351,15.8,3049
11:20:00,3681,231,16.84,396,15.8,3285
11:25:00,3660,232,16.81,578,15.8,3082
11:30:00,3667,232,16.78,469,15.8,3198
11:35:00,3653,232,16.79,360,15.8,3293
11:40:00,3648,232,16.76,319,15.8,3329
11:45:00,3650,233,16.75,365,15.8,3285
11:50:00,3659,232,16.79,288,15.8,3371
11:55:00,3645,232,16.8,311,15.8,3334
12:00:00,3654,232,16.78,439,15.8,3215
12:05:00,3655,232,16.79,377,15.8,3278
12:10:00,3649,233,16.77,516,15.8,3133
12:15:00,3586,231,16.5,559,15.8,3027
12:20:00,3223,232,15.26,376,15.8,2847
12:25:00,3150,232,14.96,494,15.8,2656
12:30:00,3154,232,14.97,430,15.8,2724
12:35:00,3138,233,14.89,368,15.8,2770
12:40:00,3131,233,14.74,678,15.8,2453
12:45:00,3126,233,14.8,857,15.8,2269
12:50:00,3134,233,14.78,794,15.8,2340
12:55:00,3142,233,14.93,470,15.8,2672
13:00:00,3254,233,15.46,531,15.8,2723
13:05:00,3519,233,16.74,651,15.8,2868
13:10:00,4613,232,21.1,635,15.8,3978
13:15:00,5790,232,25.71,739,15.8,5051
13:20:00,5553,232,24.96,953,15.8,4600
13:25:00,5430,232,24.44,947,15.8,4483
13:30:00,5423,231,24.45,1055,15.8,4368
13:35:00,5404,232,24.42,770,15.8,4634
13:40:00,5431,232,24.35,782,15.8,4649
13:45:00,5441,232,24.4,1259,15.8,4182
13:50:00,5015,232,22.38,1239,15.8,3776
13:55:00,4964,232,22,1256,15.8,3708
14:00:00,4959,232,22.09,1417,15.8,3542
14:05:00,4957,232,22.07,1219,15.8,3738
14:10:00,4825,231,21.34,1165,15.6,3660
14:15:00,4705,231,20.88,1169,15.7,3536
14:20:00,4707,232,21,1126,15.9,3581
14:25:00,4709,232,20.75,1039,16,3670
14:30:00,4642,232,20.67,1061,16,3581
14:35:00,4663,232,20.8,1131,16,3532
14:40:00,4747,232,21.34,1066,16,3681
14:45:00,4789,231,21.52,924,16.3,3865
14:50:00,4901,230,22.03,981,16.4,3920
14:55:00,5127,230,22.98,1089,16.3,4038
15:00:00,5107,230,22.78,924,16.1,4183
15:05:00,5141,231,22.99,738,16.2,4403
15:10:00,5284,231,23.61,650,16.2,4634
15:15:00,5296,231,23.67,498,16,4798
15:20:00,5280,231,23.69,603,15.9,4677
15:25:00,5121,231,22.54,675,15.9,4446
15:30:00,5005,231,21.87,536,15.9,4469
15:35:00,5054,231,22.46,556,16,4498
15:40:00,4872,231,21.64,596,16.1,4276
15:45:00,4561,232,20.38,557,16,4004
15:50:00,3734,232,17.01,461,15.9,3273
15:55:00,3583,232,16.32,416,15.9,3167
16:00:00,3350,232,15.13,375,15.7,2975
16:05:00,3416,232,15.53,505,15.7,2911
16:10:00,3409,232,15.64,562,15.7,2847
16:15:00,3423,233,15.52,425,15.7,2998
16:20:00,3424,232,15.64,365,15.7,3059
16:25:00,3420,232,15.65,369,15.7,3051
16:30:00,3424,232,15.75,364,15.5,3060
16:35:00,3506,232,15.85,411,15.5,3095
16:40:00,3180,232,15.03,504,15.6,2676
16:45:00,3190,233,15.16,377,15.7,2813
16:50:00,3360,233,15.47,279,15.6,3081
16:55:00,3206,232,14.84,217,15.6,2989
17:00:00,4576,232,20.48,206,15.7,4370
17:05:00,5193,233,23.19,183,15.8,5010
17:10:00,3708,230,16.95,154,15.7,3554
17:15:00,3223,229,14.9,135,15.6,3088
17:20:00,3219,230,14.88,133,15.5,3086
17:25:00,3206,230,14.79,99,15.4,3107
17:30:00,2791,230,13.22,109,15.5,2682
17:35:00,2519,230,11.77,111,15.5,2408
17:40:00,2517,230,11.66,100,15.3,2417
17:45:00,2445,230,11.39,84,15.3,2361
17:50:00,2563,230,11.8,57,15.4,2506
17:55:00,2492,230,11.52,34,15.5,2458
18:00:00,2407,229,11.2,1,15.4,2406
18:05:00,2401,229,11.15,0,15.3,2401
18:10:00,2400,230,11.15,0,15.4,2400
18:15:00,2398,230,11.16,0,15.3,2398
18:20:00,2361,230,11.05,0,15.4,2361
18:25:00,2364,230,11.05,0,15.3,2364
18:30:00,2370,230,11.07,0,15.2,2370
18:35:00,2371,230,11.05,0,15.2,2371
18:40:00,2368,231,11.05,0,15.3,2368
18:45:00,2178,230,10.23,0,15.2,2178
18:50:00,2011,230,9.51,0,15.3,2011
18:55:00,1996,231,9.51,0,15.4,1996
19:00:00,2007,231,9.52,0,15.3,2007
19:05:00,1624,231,8.01,0,15.2,1624
19:10:00,1328,233,6.62,0,15.3,1328
19:15:00,1169,234,6.25,0,15.2,1169
19:20:00,775,233,4.92,0,15.3,775
19:25:00,788,233,4.92,0,15.3,788
19:30:00,775,234,4.92,0,15.3,775
19:35:00,772,234,4.92,0,15.4,772
19:40:00,778,234,4.92,0,15.4,778
19:45:00,792,235,4.93,0,15.4,792
19:50:00,790,234,4.93,0,15.4,790
19:55:00,771,234,4.92,0,15.1,771
20:00:00,777,234,4.92,0,15.1,777
20:05:00,778,235,4.92,0,15.1,778
20:10:00,777,234,4.92,0,15.2,777
20:15:00,774,235,4.92,0,15.2,774
20:20:00,778,235,4.92,0,15.3,778
20:25:00,771,234,4.92,0,15.4,771
20:30:00,778,235,4.92,0,15.4,778
20:35:00,779,236,4.92,0,15.3,779
20:40:00,778,236,4.93,0,15.3,778
20:45:00,776,236,4.92,0,15.2,776
20:50:00,776,236,4.92,0,15.4,776
20:55:00,786,235,4.92,0,15.2,786
21:00:00,776,233,4.92,0,15.2,776
21:05:00,779,232,4.91,0,15.1,779
21:10:00,775,232,4.91,0,15.1,775
21:15:00,779,232,4.91,0,15.3,779
21:20:00,776,233,4.92,0,15.3,776
21:25:00,775,233,4.92,0,15.4,775
21:30:00,772,232,4.92,0,15.5,772
21:35:00,777,232,4.92,0,15.5,777
21:40:00,777,233,4.93,0,15.4,777
21:45:00,773,233,4.93,0,15.3,773
21:50:00,773,233,4.93,0,15.4,773
21:55:00,771,234,4.93,0,15.4,771
22:00:00,771,233,4.93,0,15.3,771
22:05:00,775,233,4.92,0,15.2,775
22:10:00,775,233,4.92,0,15.2,775
22:15:00,774,232,4.92,0,15.3,774
22:20:00,780,233,4.93,0,15.4,780
22:25:00,780,233,4.93,0,15.2,780
22:30:00,784,233,4.94,0,15.2,784
22:35:00,767,233,4.93,0,15.3,767
22:40:00,765,234,4.94,0,15.4,765
22:45:00,763,234,4.93,0,15.4,763
22:50:00,763,234,4.93,0,15.1,763
22:55:00,761,234,4.93,0,15.1,761
23:00:00,762,234,4.94,0,15.3,762
23:05:00,767,233,4.93,0,15.2,767
23:10:00,763,232,4.92,0,15.3,763
23:15:00,762,233,4.92,0,15.2,762
23:20:00,764,233,4.93,0,15.2,764
23:25:00,765,233,5.02,0,15.1,765
23:30:00,764,233,4.92,0,15.2,764
23:35:00,762,233,4.92,0,15.2,762
23:40:00,761,232,4.92,0,15.2,761
23:45:00,767,233,5.02,0,15,767
23:50:00,766,233,4.92,0,14.9,766
23:55:00,769,233,4.93,0,14.9,769
0:00:00,757,233,4.92,0,14.9,757
0:05:00,771,232,4.92,0,14.9,771
0:10:00,753,232,4.92,0,15,753
0:15:00,756,233,4.92,0,14.8,756
0:20:00,767,233,4.92,0,14.9,767
0:25:00,757,234,4.93,0,14.9,757
0:30:00,758,233,4.92,0,14.9,758
0:35:00,756,232,4.92,0,14.8,756
0:40:00,755,231,4.92,0,14.8,755
0:45:00,760,231,4.92,0,14.9,760
0:50:00,755,232,4.92,0,15,755
0:55:00,756,232,4.92,0,14.6,756
1:00:00,753,233,4.92,0,14.8,753
1:05:00,765,233,4.92,0,14.8,765
1:10:00,754,232,4.92,0,14.7,754
1:15:00,755,231,4.92,0,14.5,755
1:20:00,754,231,4.92,0,14.6,754
1:25:00,761,232,4.92,0,14.5,761
1:30:00,766,232,4.92,0,14.5,766
1:35:00,766,231,4.91,0,14.3,766
1:40:00,757,232,4.92,0,14.3,757
1:45:00,765,232,4.92,0,13.8,765
1:50:00,761,232,4.92,0,13.6,761
1:55:00,765,232,4.92,0,13.5,765
2:00:00,756,232,4.92,0,13.7,756
2:05:00,759,232,4.92,0,13.7,759
2:10:00,763,233,4.92,0,13.7,763
2:15:00,753,233,4.92,0,13.7,753
2:20:00,752,232,4.92,0,13.8,752
2:25:00,756,233,4.92,0,13.8,756
2:30:00,761,233,4.93,0,13.9,761
2:35:00,756,233,4.92,0,13.8,756
2:40:00,758,233,4.92,0,13.8,758
2:45:00,754,232,4.92,0,13.9,754
2:50:00,756,232,4.92,0,14,756
2:55:00,758,231,4.92,0,14.1,758
3:00:00,760,232,4.92,0,14,760
3:05:00,752,232,4.92,0,13.9,752
3:10:00,758,232,4.92,0,13.9,758
3:15:00,753,233,4.92,0,13.8,753
3:20:00,760,232,4.92,0,13.9,760
3:25:00,755,232,4.92,0,13.8,755
3:30:00,754,232,4.92,0,13.7,754
3:35:00,781,232,4.92,0,13.7,781
3:40:00,782,231,5.02,0,13.8,782
3:45:00,788,232,5.02,0,14,788
3:50:00,779,232,5.02,0,14,779
3:55:00,784,233,5.02,0,14,784
4:00:00,786,233,5.02,0,14,786
4:05:00,765,234,4.92,0,14.1,765
4:10:00,758,234,4.92,0,14.1,758
4:15:00,756,234,4.93,0,14,756
4:20:00,758,234,4.92,0,14.1,758
4:25:00,754,234,4.93,0,14.1,754
4:30:00,760,234,4.93,0,14.2,760
4:35:00,766,234,4.93,0,14.2,766
4:40:00,764,234,4.92,0,14.2,764
4:45:00,769,234,4.93,0,14.2,769
4:50:00,767,234,4.92,0,14.2,767
4:55:00,769,234,4.93,0,14.2,769
5:00:00,766,235,4.92,0,14.2,766
5:05:00,764,234,4.93,0,14,764
5:10:00,759,234,4.92,0,14,759
5:15:00,756,234,4.93,0,13.9,756
5:20:00,759,234,4.92,0,13.8,759
5:25:00,760,234,4.92,0,13.7,760
5:30:00,757,234,4.93,0,13.8,757
5:35:00,755,234,4.92,0,13.7,755
5:40:00,759,234,4.92,0,13.8,759
5:45:00,754,234,4.92,0,13.8,754
5:50:00,755,233,4.93,0,13.8,755
5:55:00,757,234,4.92,0,13.7,757
6:00:00,765,235,4.92,0,13.8,765
6:05:00,759,234,4.92,0,13.8,759
6:10:00,755,233,4.92,0,13.7,755
6:15:00,761,233,4.92,0,13.7,761
6:20:00,757,232,4.92,0,13.8,757
6:25:00,753,232,4.92,0,13.8,753
6:30:00,752,232,4.92,0,13.6,752
6:35:00,757,232,4.92,0,13.6,757
6:40:00,754,232,4.92,0,13.6,754
6:45:00,759,231,4.92,0,13.7,759
6:50:00,756,232,4.93,0,13.6,756
6:55:00,751,232,4.93,0,13.6,751
7:00:00,755,232,4.93,0,13.7,755
7:05:00,763,232,4.92,0,13.7,763
7:10:00,758,231,4.93,0,13.7,758
7:15:00,752,231,4.92,0,13.6,752
7:20:00,752,231,4.92,0,13.5,752
7:25:00,758,231,4.93,0,13.4,758
7:30:00,754,231,4.92,0,13.5,754
7:35:00,754,231,4.93,0,13.5,754
7:40:00,755,231,4.93,0,13.5,755
7:45:00,747,231,4.93,0,13.6,747
7:50:00,760,231,4.93,0,13.6,760
7:55:00,756,231,4.92,0,13.6,756
8:00:00,753,231,4.92,0,13.4,753
8:05:00,763,230,4.93,0,13.6,763
8:10:00,753,232,4.93,0,13.7,753
8:15:00,754,235,4.94,0,13.7,754
8:20:00,758,235,4.93,29,13.6,729
8:25:00,759,235,4.94,51,13.5,708
8:30:00,760,234,4.93,67,13.5,693
8:35:00,765,235,4.93,95,13.1,670
8:40:00,752,234,4.93,127,13,625
8:45:00,755,234,4.94,147,13.2,608
8:50:00,758,234,4.93,116,13.6,642
8:55:00,756,234,4.94,141,13.6,615
9:00:00,753,234,4.93,150,13.2,603
9:05:00,758,233,4.93,130,13.3,628
9:10:00,751,233,4.93,105,13.5,646
9:15:00,752,234,4.93,97,13.5,655
9:20:00,762,233,4.93,113,13.6,649
9:25:00,758,234,4.93,135,13.8,623
9:30:00,753,234,4.94,123,13.7,630
9:35:00,754,235,4.94,148,13.8,606
9:40:00,759,235,4.94,111,13.5,648
9:45:00,753,235,4.94,76,13.3,677
9:50:00,758,235,4.94,115,13.6,643
9:55:00,757,235,4.94,122,13.5,635
10:00:00,764,236,4.94,119,13.8,645
10:05:00,755,235,4.94,176,14,579
10:10:00,753,235,4.94,177,13.9,576
10:15:00,754,235,4.94,150,14,604
10:20:00,759,236,4.94,180,14,579
10:25:00,761,236,4.94,143,14.1,618
10:30:00,758,236,4.94,152,14.4,606
10:35:00,764,236,4.94,179,14.3,585
10:40:00,754,235,4.94,157,14.4,597
10:45:00,751,236,4.94,149,14.7,602
10:50:00,760,236,4.94,131,14.9,629
10:55:00,758,235,4.94,180,14.8,578
11:00:00,760,236,4.94,443,14.8,317
11:05:00,757,236,4.94,400,15,357
11:10:00,750,235,4.94,301,15.3,449
11:15:00,755,236,4.94,258,15.5,497
11:20:00,756,236,4.94,326,15.6,430
11:25:00,756,235,4.94,385,15.4,371
11:30:00,756,235,4.94,285,15.4,471
11:35:00,762,236,4.94,639,15.3,123
11:40:00,761,235,4.95,631,15.3,130
11:45:00,761,235,4.94,268,15.4,493
11:50:00,763,235,4.96,275,15.5,488
11:55:00,761,236,4.96,428,15.5,333
12:00:00,761,236,4.96,393,15.4,368
12:05:00,762,236,4.95,390,15.4,372
12:10:00,762,235,4.95,377,15.6,385
12:15:00,766,236,4.96,380,15.7,386
12:20:00,764,236,4.95,290,15.8,474
12:25:00,759,236,4.95,365,15.7,394
12:30:00,770,236,4.96,349,16,421
12:35:00,762,236,4.96,262,16,500
12:40:00,763,236,4.95,385,16.2,378
12:45:00,761,235,4.95,377,16.4,384
12:50:00,759,236,4.94,265,16.1,494
12:55:00,760,236,4.94,209,16.2,551
13:00:00,760,236,4.94,197,16.1,563
13:05:00,755,235,4.94,197,16,558
13:10:00,756,235,4.94,200,16,556
13:15:00,757,236,4.94,225,16.2,532
13:20:00,760,235,4.94,280,16.4,480
13:25:00,755,235,4.94,169,16.3,586
13:30:00,755,235,4.94,148,16.4,607
13:35:00,774,235,4.94,241,16.5,533
13:40:00,753,235,4.94,249,16.3,504
13:45:00,761,236,4.94,199,16.2,562
13:50:00,767,236,4.94,194,16.4,573
13:55:00,757,235,4.94,206,16.5,551
14:00:00,759,236,4.94,221,16.4,538
14:05:00,766,236,4.94,174,16.2,592
14:10:00,764,235,4.94,201,16.1,563
14:15:00,765,235,4.94,201,16.1,564
14:20:00,769,235,4.94,181,16.1,588
14:25:00,770,235,4.95,165,16.1,605
14:30:00,771,235,4.94,176,16.1,595
14:35:00,765,235,4.94,157,16,608
14:40:00,775,235,4.94,117,15.9,658
14:45:00,768,235,4.94,136,15.8,632
14:50:00,766,236,4.94,142,15.8,624
14:55:00,763,236,4.94,189,15.4,574
15:00:00,769,235,4.94,161,15.4,608
15:05:00,766,235,4.95,151,15.5,615
15:10:00,760,235,4.94,167,15.5,593
15:15:00,756,235,4.93,159,15.4,597
15:20:00,760,234,4.93,159,15.4,601
15:25:00,763,235,4.93,123,15.3,640
15:30:00,761,235,4.93,121,15.2,640
15:35:00,767,234,4.95,132,15.2,635
15:40:00,763,235,4.94,138,15.2,625
15:45:00,766,234,4.94,145,15.2,621
15:50:00,768,234,4.94,106,15,662
15:55:00,770,235,4.94,81,14.9,689
16:00:00,762,235,4.94,111,14.9,651
16:05:00,764,234,4.94,112,14.9,652
16:10:00,761,235,4.94,86,14.9,675
16:15:00,765,234,4.94,66,15.1,699
16:20:00,765,234,4.94,54,15,711
16:25:00,762,234,4.94,58,14.9,704
16:30:00,771,235,4.94,54,15.1,717
16:35:00,757,234,4.94,44,15.2,713
16:40:00,758,234,4.94,43,15.1,715
16:45:00,769,235,4.93,51,15,718
16:50:00,766,234,4.93,62,15,704
16:55:00,764,234,4.94,46,15,718
17:00:00,761,234,4.93,19,15.1,742
17:05:00,760,234,4.93,59,15,701
17:10:00,757,233,4.93,45,14.9,712
17:15:00,756,234,4.93,43,14.8,713
17:20:00,754,234,4.93,37,14.8,717
17:25:00,755,234,4.94,31,14.8,724
17:30:00,757,235,4.94,34,14.6,723
17:35:00,755,236,4.94,32,14.6,723
17:40:00,757,235,4.94,9,14.7,748
17:45:00,756,236,4.94,0,14.8,756
17:50:00,760,236,4.94,0,14.8,760
17:55:00,751,235,4.94,0,14.8,751
18:00:00,753,235,4.93,0,14.7,753
18:05:00,758,235,4.92,0,14.7,758
18:10:00,760,235,4.92,0,14.7,760
18:15:00,757,236,4.93,0,14.7,757
18:20:00,767,236,4.93,0,14.7,767
18:25:00,756,236,4.93,0,14.7,756
18:30:00,758,235,4.93,0,14.7,758
18:35:00,771,234,4.93,0,14.7,771
18:40:00,757,234,4.93,0,14.6,757
18:45:00,756,234,4.92,0,14.5,756
18:50:00,761,234,4.92,0,14.5,761
18:55:00,761,234,4.92,0,14.5,761
19:00:00,760,234,4.92,0,14.5,760
19:05:00,760,234,4.92,0,14.4,760
19:10:00,757,234,4.92,0,14.4,757
19:15:00,758,233,4.92,0,14.4,758
19:20:00,762,233,4.92,0,14.4,762
19:25:00,758,233,4.92,0,14.4,758
19:30:00,758,234,4.92,0,14.3,758
19:35:00,755,234,4.92,0,14.3,755
19:40:00,758,234,4.92,0,14.2,758
19:45:00,758,234,4.92,0,14.2,758
19:50:00,757,233,4.92,0,14.1,757
19:55:00,758,233,4.93,0,14.1,758
20:00:00,758,234,4.92,0,14,758
20:05:00,758,234,4.92,0,14,758
20:10:00,760,234,4.93,0,14,760
20:15:00,754,235,4.93,0,14,754
20:20:00,752,234,4.92,0,13.9,752
20:25:00,759,233,4.92,0,13.9,759
20:30:00,758,233,4.92,0,13.9,758
20:35:00,759,233,4.92,0,13.9,759
20:40:00,763,233,4.92,0,13.8,763
20:45:00,761,233,4.92,0,13.9,761
20:50:00,756,234,4.92,0,13.8,756
20:55:00,755,234,4.92,0,13.8,755
21:00:00,759,235,4.92,0,13.7,759
21:05:00,761,234,4.92,0,13.6,761
21:10:00,759,233,4.92,0,13.4,759
21:15:00,758,234,4.92,0,13.3,758
21:20:00,760,235,4.92,0,13.2,760
21:25:00,760,234,4.94,0,13.2,760
21:30:00,768,235,4.93,0,13.1,768
21:35:00,756,234,4.93,0,13.1,756
21:40:00,757,235,4.93,0,13,757
21:45:00,757,235,4.93,0,12.9,757
21:50:00,757,234,4.93,0,12.8,757
21:55:00,761,234,4.93,0,12.7,761
22:00:00,766,233,4.94,0,12.7,766
22:05:00,763,233,4.93,0,12.6,763
22:10:00,758,233,4.93,0,12.6,758
22:15:00,763,233,4.93,0,12.6,763
22:20:00,762,233,4.93,0,12.5,762
22:25:00,759,234,4.93,0,12.4,759
22:30:00,759,233,4.93,0,12.4,759
22:35:00,759,233,4.93,0,12.4,759
22:40:00,760,234,4.93,0,12.3,760
22:45:00,763,233,4.93,0,12.3,763
22:50:00,763,233,4.93,0,12.3,763
22:55:00,758,234,4.94,0,12.3,758
23:00:00,762,234,4.94,0,12.3,762
23:05:00,759,233,4.93,0,12.2,759
23:10:00,756,233,4.93,0,12.2,756
23:15:00,755,233,4.93,0,12.3,755
23:20:00,767,233,4.93,0,12.3,767
23:25:00,767,233,4.93,0,12.3,767
23:30:00,766,234,4.93,0,12.3,766
23:35:00,775,234,4.94,0,12.3,775
23:40:00,776,234,4.93,0,12.4,776
23:45:00,766,235,4.93,0,12.5,766
23:50:00,768,235,4.93,0,12.6,768
23:55:00,757,235,4.93,0,12.6,757
0:00:00,759,234,4.93,0,12.7,759
0:05:00,758,234,4.92,0,12.8,758
0:10:00,765,232,4.92,0,12.8,765
0:15:00,761,233,4.92,0,12.9,761
0:20:00,758,233,4.92,0,12.9,758
0:25:00,757,233,4.93,0,12.8,757
0:30:00,755,233,4.92,0,12.8,755
0:35:00,760,232,4.92,0,12.7,760
0:40:00,763,232,4.92,0,12.7,763
0:45:00,757,233,4.93,0,12.7,757
0:50:00,756,233,4.93,0,12.7,756
0:55:00,755,233,4.92,0,12.6,755
1:00:00,759,232,4.92,0,12.6,759
1:05:00,757,233,4.92,0,12.5,757
1:10:00,763,233,4.93,0,12.4,763
1:15:00,758,232,4.92,0,12.4,758
1:20:00,754,233,4.92,0,12.3,754
1:25:00,764,233,4.92,0,12.3,764
1:30:00,765,232,4.92,0,12.3,765
1:35:00,761,233,4.92,0,12.3,761
1:40:00,762,234,4.92,0,12.2,762
1:45:00,754,234,4.92,0,12.2,754
1:50:00,760,235,4.93,0,12.3,760
1:55:00,758,235,4.93,0,12.3,758
2:00:00,761,234,4.93,0,12.3,761
2:05:00,759,233,4.92,0,12.2,759
2:10:00,758,234,4.92,0,12.2,758
2:15:00,754,233,4.93,0,12.2,754
2:20:00,764,234,4.92,0,12.2,764
2:25:00,769,234,4.92,0,12.2,769
2:30:00,754,235,4.93,0,12.2,754
2:35:00,757,234,5.02,0,12.2,757
2:40:00,755,235,4.93,0,12.3,755
2:45:00,755,234,4.92,0,12.2,755
2:50:00,755,235,4.93,0,12.2,755
2:55:00,754,234,4.93,0,12.2,754
3:00:00,760,235,4.93,0,12,760
3:05:00,754,235,4.93,0,11.9,754
3:10:00,763,235,4.93,0,12,763
3:15:00,758,235,4.93,0,12,758
3:20:00,762,235,4.92,0,11.7,762
3:25:00,760,236,4.93,0,11.5,760
3:30:00,762,236,4.93,0,11.4,762
3:35:00,761,235,4.93,0,11.4,761
3:40:00,764,235,4.93,0,11.5,764
3:45:00,754,236,4.93,0,11.7,754
3:50:00,760,234,4.93,0,11.5,760
3:55:00,755,233,4.93,0,11.4,755
4:00:00,763,235,4.92,0,11.6,763
4:05:00,756,235,4.93,0,11.4,756
4:10:00,759,234,5.03,0,11.4,759
4:15:00,759,235,4.92,0,11.6,759
4:20:00,765,235,4.93,0,11.7,765
4:25:00,752,234,4.93,0,11.8,752
4:30:00,758,235,5.03,0,11.8,758
4:35:00,764,235,4.93,0,11.9,764
4:40:00,770,235,4.93,0,12,770
4:45:00,767,235,5.03,0,11.9,767
4:50:00,762,234,4.93,0,11.7,762
4:55:00,768,235,5.03,0,11.5,768
5:00:00,767,234,5.03,0,11.3,767
5:05:00,757,235,4.93,0,11.1,757
5:10:00,759,234,4.92,0,11.2,759
5:15:00,755,234,4.93,0,11.1,755
5:20:00,761,234,4.92,0,11.1,761
5:25:00,760,234,4.93,0,11.1,760
5:30:00,754,234,4.92,0,11,754
5:35:00,755,234,4.93,0,11.1,755
5:40:00,766,234,5.02,0,11.1,766
5:45:00,759,233,4.93,0,11.1,759
5:50:00,757,234,5.02,0,11.1,757
5:55:00,762,235,4.93,0,11.2,762
6:00:00,752,234,4.93,0,11.4,752
6:05:00,758,234,4.92,0,11.5,758
6:10:00,760,235,4.93,0,11.4,760
6:15:00,754,233,4.92,0,11.4,754
6:20:00,767,234,5.02,0,11.2,767
6:25:00,755,234,4.93,0,11.3,755
6:30:00,760,234,4.93,0,11.3,760
6:35:00,755,234,4.93,0,11.2,755
6:40:00,761,234,4.93,0,11.1,761
6:45:00,751,234,4.93,0,11.1,751
6:50:00,755,234,4.94,0,11.1,755
6:55:00,760,234,4.94,0,10.9,760
7:00:00,755,233,4.93,0,11.1,755
7:05:00,760,233,4.94,0,11.1,760
7:10:00,761,234,4.93,0,11.1,761
7:15:00,757,234,4.93,0,11.2,757
7:20:00,761,234,4.93,0,11.2,761
7:25:00,760,234,5.03,0,11.2,760
7:30:00,755,234,4.93,0,11.2,755
7:35:00,754,232,4.93,0,11.2,754
7:40:00,760,233,4.93,0,11.1,760
7:45:00,759,233,4.93,0,11.1,759
7:50:00,755,233,4.93,0,11.1,755
7:55:00,757,232,4.94,0,10.9,757
8:00:00,753,233,4.93,0,10.9,753
8:05:00,756,233,4.93,0,10.9,756
8:10:00,757,232,4.93,0,10.9,757
8:15:00,753,233,4.93,0,11,753
8:20:00,760,233,4.94,0,11,760
8:25:00,753,232,4.93,0,11.1,753
8:30:00,755,232,4.93,0,11.2,755
8:35:00,754,233,4.93,0,11.4,754
8:40:00,755,233,4.93,0,11.4,755
8:45:00,760,233,4.93,0,11.3,760
8:50:00,753,232,4.93,0,11.4,753
8:55:00,759,232,4.93,0,11.3,759
9:00:00,752,232,4.93,0,11.4,752
9:05:00,751,232,4.93,117,11.5,634
9:10:00,752,232,4.93,292,11.6,460
9:15:00,750,233,4.93,270,11.7,480
9:20:00,753,232,4.93,304,11.8,449
9:25:00,754,231,4.93,364,11.9,390
9:30:00,755,231,4.93,349,12,406
9:35:00,757,232,4.93,483,12.1,274
9:40:00,766,232,4.93,627,12.2,139
9:45:00,756,232,4.93,527,12.2,229
9:50:00,755,232,4.93,557,12.2,198
9:55:00,762,235,4.94,584,12.4,178
10:00:00,762,236,4.94,373,12.4,389
10:05:00,753,236,4.94,191,12.5,562
10:10:00,754,237,4.94,193,12.5,561
10:15:00,753,236,4.94,232,12.6,521
10:20:00,760,237,4.94,158,12.6,602
10:25:00,759,236,4.94,270,12.8,489
10:30:00,753,236,4.94,215,12.9,538
10:35:00,756,236,4.94,218,12.9,538
10:40:00,756,236,4.94,153,13,603
10:45:00,753,235,4.94,295,13.2,458
10:50:00,758,236,4.94,354,13.3,404
10:55:00,762,236,4.94,296,13.3,466
11:00:00,760,235,4.94,241,13.4,519
11:05:00,755,235,4.94,317,13.5,438
11:10:00,763,236,4.94,580,13.6,183
11:15:00,758,236,4.94,1000,13.5,-242
11:20:00,766,235,4.94,694,13.7,72
11:25:00,759,236,4.94,359,13.9,400
11:30:00,765,234,4.94,160,14.1,605
11:35:00,764,235,4.93,80,14.3,684
11:40:00,758,236,5.04,89,14.4,669
11:45:00,751,236,4.94,105,14.4,646
11:50:00,759,236,4.94,174,14.4,585
11:55:00,759,236,4.94,234,14.4,525
12:00:00,757,236,4.94,470,14.4,287
12:05:00,759,235,5.04,326,14.5,433
12:10:00,756,235,4.94,306,14.6,450
12:15:00,758,235,4.94,321,14.6,437
12:20:00,757,235,4.94,353,14.6,404
12:25:00,763,236,4.94,226,14.6,537
12:30:00,758,234,4.94,187,14.6,571
12:35:00,753,234,4.94,265,14.6,488
12:40:00,763,235,4.93,693,14.5,70
12:45:00,756,234,4.93,1000,14.4,-244
12:50:00,759,234,4.94,930,14.6,-171
12:55:00,760,235,4.94,801,14.6,-41
13:00:00,755,235,4.94,185,14.7,570
13:05:00,756,235,4.94,341,14.6,415
13:10:00,761,234,4.95,1283,14.5,-522
13:15:00,764,235,4.95,2672,14.5,-1908
13:20:00,761,235,4.95,2082,14.6,-1321
13:25:00,765,236,4.94,1313,14.7,-548
13:30:00,767,236,4.95,1464,14.7,-697
13:35:00,763,235,5.05,1699,14.8,-936
13:40:00,769,235,5.05,943,14.7,-174
13:45:00,763,235,4.95,1759,14.5,-996
13:50:00,765,235,5.05,1061,14.4,-296
13:55:00,766,233,4.95,356,14.4,410
14:00:00,772,233,4.95,214,14.6,558
14:05:00,771,233,4.95,1051,14.6,-280
14:10:00,762,233,4.95,2646,14.6,-1884
14:15:00,769,233,4.95,2655,14.6,-1886
14:20:00,770,233,4.95,2144,14.6,-1374
14:25:00,769,233,4.95,2054,14.5,-1285
14:30:00,767,232,4.95,1856,14.4,-1089
14:35:00,768,233,4.95,1759,14.4,-991
14:40:00,776,233,4.96,1442,14.4,-666
14:45:00,766,233,4.95,566,14.4,200
14:50:00,767,233,4.95,715,14.4,52
14:55:00,769,233,4.94,516,14.3,253
15:00:00,770,233,4.95,1286,14.3,-516
15:05:00,766,234,4.95,1301,14.3,-535
15:10:00,770,234,4.95,532,14.3,238
15:15:00,769,234,4.95,451,14.4,318
15:20:00,776,234,4.96,1187,14.4,-411
15:25:00,768,234,4.97,843,14.2,-75
15:30:00,777,233,4.97,422,14.2,355
15:35:00,781,234,4.98,459,14.2,322
15:40:00,772,234,4.96,617,14.1,155
15:45:00,769,233,4.97,845,14.2,-76
15:50:00,774,233,4.97,861,14.2,-87
15:55:00,774,234,4.97,340,14.1,434
16:00:00,771,234,4.95,224,14.1,547
16:05:00,766,233,4.95,224,14.1,542
16:10:00,766,232,4.95,138,14.2,628
16:15:00,761,232,4.94,121,14.2,640
16:20:00,770,231,4.94,266,14,504
16:25:00,791,233,5.04,327,14,464
16:30:00,773,235,4.95,242,14.2,531
16:35:00,767,236,4.96,145,14.1,622
16:40:00,762,236,4.95,189,14,573
16:45:00,764,236,4.95,332,14,432
16:50:00,768,235,4.95,294,14,474
16:55:00,768,235,4.95,114,14,654
17:00:00,772,235,4.96,215,13.8,557
17:05:00,768,234,4.95,158,14,610
17:10:00,767,235,4.95,113,14.1,654
17:15:00,768,236,4.95,56,14.1,712
17:20:00,764,236,4.95,40,13.9,724
17:25:00,757,234,4.95,51,14,706
17:30:00,766,235,4.95,55,14,711
17:35:00,760,234,4.94,49,14,711
17:40:00,759,233,4.95,35,13.9,724
17:45:00,764,232,4.94,4,13.9,760
17:50:00,766,231,4.94,0,13.9,766
17:55:00,764,236,4.96,0,14,764
18:00:00,769,235,4.95,0,14.1,769
18:05:00,763,235,4.94,0,14.1,763
18:10:00,762,234,4.94,0,14.1,762
18:15:00,760,234,4.94,0,14.2,760
18:20:00,771,235,4.94,0,14.1,771
18:25:00,765,235,4.95,0,14.1,765
18:30:00,767,235,4.95,0,14.2,767
18:35:00,782,235,5.07,0,14.1,782
18:40:00,768,234,4.96,0,14.2,768
18:45:00,768,234,5.05,0,14.2,768
18:50:00,777,233,4.95,0,14.2,777
18:55:00,782,233,4.95,0,14.3,782
19:00:00,772,233,4.95,0,14.2,772
19:05:00,771,232,4.94,0,14.1,771
19:10:00,767,233,4.95,0,14.1,767
19:15:00,773,232,4.96,0,14.2,773
19:20:00,763,232,4.96,0,14.1,763
19:25:00,766,232,4.95,0,14.2,766
19:30:00,769,233,4.94,0,14,769
19:35:00,765,235,4.94,0,14,765
19:40:00,788,234,4.98,0,14.1,788
19:45:00,769,234,4.94,0,14.1,769
19:50:00,764,234,4.94,0,14,764
19:55:00,762,234,4.94,0,14.1,762
20:00:00,771,234,4.94,0,14.2,771
20:05:00,764,235,4.94,0,14.1,764
20:10:00,759,234,4.94,0,14,759
20:15:00,761,235,4.94,0,14.2,761
20:20:00,760,233,4.94,0,14.2,760
20:25:00,767,233,4.94,0,14.1,767
20:30:00,758,235,4.94,0,14.1,758
20:35:00,763,232,4.93,0,14.2,763
20:40:00,758,231,4.93,0,14.1,758
20:45:00,757,232,4.94,0,14,757
20:50:00,763,233,4.94,0,14,763
20:55:00,758,232,4.93,0,14.1,758
21:00:00,761,233,4.93,0,14.1,761
21:05:00,760,234,4.93,0,14.1,760
21:10:00,760,232,4.93,0,14.2,760
21:15:00,756,232,4.93,0,14.3,756
21:20:00,761,236,4.94,0,14.3,761
21:25:00,757,235,4.94,0,14.2,757
21:30:00,756,236,4.94,0,14.2,756
21:35:00,759,236,4.94,0,14,759
21:40:00,755,233,4.94,0,14.1,755
21:45:00,757,233,4.94,0,14.1,757
21:50:00,765,234,4.94,0,14.3,765
21:55:00,760,235,4.94,0,14.3,760
22:00:00,779,235,4.94,0,14.1,779
22:05:00,765,235,4.94,0,14.1,765
22:10:00,767,235,4.94,0,14.2,767
22:15:00,758,234,4.94,0,14.1,758
22:20:00,763,232,4.93,0,14.2,763
22:25:00,763,232,4.94,0,14.3,763
22:30:00,763,233,4.94,0,14.2,763
22:35:00,769,235,4.95,0,14.1,769
22:40:00,767,235,4.95,0,14,767
22:45:00,772,236,4.95,0,14.2,772
22:50:00,770,236,4.95,0,14.2,770
22:55:00,782,236,4.96,0,14.3,782
23:00:00,776,236,4.95,0,14.3,776
23:05:00,767,236,4.95,0,14.4,767
23:10:00,765,236,4.95,0,14.3,765
23:15:00,763,236,4.95,0,14.4,763
23:20:00,774,236,5.05,0,14.3,774
23:25:00,774,234,4.95,0,14.2,774
23:30:00,773,235,4.94,0,14.2,773
23:35:00,777,234,4.95,0,14.3,777
23:40:00,772,234,4.95,0,14.4,772
23:45:00,778,235,4.95,0,14.3,778
23:50:00,772,235,4.94,0,14.2,772
23:55:00,774,235,4.94,0,14.2,774
0:00:00,777,234,4.95,0,14.3,777